Timestamp,User Count,Type,Name,Requests/s,Failures/s,50%,66%,75%,80%,90%,95%,98%,99%,99.9%,99.99%,100%,Total Request Count,Total Failure Count,Total Median Response Time,Total Average Response Time,Total Min Response Time,Total Max Response Time,Total Average Content Size
1786461796,0,,Aggregated,0.000000,0.000000,N/A,N/A,N/A,N/A,N/A,N/A,N/A,N/A,N/A,N/A,N/A,0,0,0,0.0,0,0,0
1786461797,10,,Aggregated,0.000000,0.000000,N/A,N/A,N/A,N/A,N/A,N/A,N/A,N/A,N/A,N/A,N/A,0,0,0,0.0,0,0,0
1786461798,20,POST,/integrations/v2/encounters/update,0.000000,0.000000,0,0,0,0,0,0,0,0,0,0,0,2,2,1600,1608.3226441405714,1590.836769901216,1625.8085183799267,5345.0
1786461798,20,,Aggregated,0.000000,0.000000,1600,1600,1600,1600,1600,1600,1600,1600,1600,1600,1600,2,2,1600,1608.3226441405714,1590.836769901216,1625.8085183799267,5345.0
1786461799,30,POST,/integrations/v2/encounters/update,0.000000,0.000000,2900,2900,2900,3100,3100,3100,3100,3100,3100,3100,3100,6,6,2700,2453.43416572238,1590.836769901216,3073.9688239991665,5345.0
1786461799,30,,Aggregated,0.000000,0.000000,2900,2900,2900,2900,3100,3100,3100,3100,3100,3100,3100,6,6,2700,2453.43416572238,1590.836769901216,3073.9688239991665,5345.0
1786461800,40,POST,/integrations/v2/encounters/update,0.500000,0.500000,3100,3800,3900,4000,4300,4300,4300,4300,4300,4300,4300,10,10,2900,3069.8234089650214,1590.836769901216,4254.315755330026,5345.0
1786461800,40,,Aggregated,0.500000,0.500000,3100,3800,3900,4000,4300,4300,4300,4300,4300,4300,4300,10,10,2900,3069.8234089650214,1590.836769901216,4254.315755330026,5345.0
1786461801,50,POST,/integrations/v2/encounters/update,0.666667,0.666667,3100,3900,3900,3900,4000,4300,4300,4300,4300,4300,4300,12,12,2900,3093.125210997338,1590.836769901216,4254.315755330026,5345.0
1786461801,50,,Aggregated,0.666667,0.666667,3100,3800,3900,3900,4000,4300,4300,4300,4300,4300,4300,12,12,2900,3093.125210997338,1590.836769901216,4254.315755330026,5345.0
1786461802,60,POST,/integrations/v2/encounters/update,0.666667,0.666667,3800,3900,4000,4000,4200,4300,4300,4300,4300,4300,4300,13,13,3100,3175.5716789943667,1590.836769901216,4254.315755330026,5345.0
1786461802,60,,Aggregated,0.666667,0.666667,3100,3900,3900,4000,4200,4300,4300,4300,4300,4300,4300,13,13,3100,3175.5716789943667,1590.836769901216,4254.315755330026,5345.0
1786461804,70,POST,/integrations/v2/encounters/update,1.500000,1.500000,3800,3900,4200,4200,4500,5300,5300,5300,5300,5300,5300,17,17,3100,3295.06694120081,1590.836769901216,5334.451222792268,5345.0
1786461804,70,,Aggregated,1.500000,1.500000,3100,3900,4000,4200,4500,5300,5300,5300,5300,5300,5300,17,17,3100,3295.06694120081,1590.836769901216,5334.451222792268,5345.0
1786461805,80,POST,/integrations/v2/encounters/update,2.428571,2.428571,4000,5100,6200,6300,6500,6700,6800,6800,6800,6800,6800,26,26,4000,4251.247317530215,1590.836769901216,6821.969456039369,5345.0
1786461805,80,,Aggregated,2.428571,2.428571,4000,5100,6200,6300,6500,6700,6800,6800,6800,6800,6800,26,26,4000,4251.247317530215,1590.836769901216,6821.969456039369,5345.0
1786461807,90,POST,/integrations/v2/encounters/update,2.428571,2.428571,4200,5100,6200,6300,6500,6700,6800,6800,6800,6800,6800,30,30,4000,4341.107958462089,1590.836769901216,6821.969456039369,5345.0
1786461807,90,,Aggregated,2.428571,2.428571,4200,5100,6200,6300,6500,6700,6800,6800,6800,6800,6800,30,30,4000,4341.107958462089,1590.836769901216,6821.969456039369,5345.0
1786461808,100,POST,/integrations/v2/encounters/update,3.000000,3.000000,5100,6300,6500,6700,8500,9600,9700,9700,9700,9700,9700,36,36,4300,5034.719816227961,1590.836769901216,9719.296323135495,5345.0
1786461808,100,,Aggregated,3.000000,3.000000,5100,6300,6500,6700,8500,9600,9700,9700,9700,9700,9700,36,36,4300,5034.719816227961,1590.836769901216,9719.296323135495,5345.0
1786461809,110,POST,/integrations/v2/encounters/update,3.000000,3.000000,6200,6500,8500,9300,9700,11000,12000,12000,12000,12000,12000,40,40,5100,5592.157427337952,1590.836769901216,11664.55153375864,5345.0
1786461809,110,,Aggregated,3.000000,3.000000,6200,6500,8500,9300,9700,11000,12000,12000,12000,12000,12000,40,40,5100,5592.157427337952,1590.836769901216,11664.55153375864,5345.0
1786461811,120,POST,/integrations/v2/encounters/update,3.000000,3.000000,6500,8500,9300,9700,11000,11000,12000,12000,12000,12000,12000,42,42,5100,5783.525418623218,1590.836769901216,11664.55153375864,5345.0
1786461811,120,,Aggregated,3.000000,3.000000,6500,8500,9300,9700,11000,11000,12000,12000,12000,12000,12000,42,42,5100,5783.525418623218,1590.836769901216,11664.55153375864,5345.0
1786461812,130,POST,/integrations/v2/encounters/update,3.600000,3.600000,6800,9600,9900,11000,12000,12000,13000,13000,13000,13000,13000,48,48,6200,6480.496384998939,1590.836769901216,13022.251365706325,5345.0
1786461812,130,,Aggregated,3.600000,3.600000,6800,9600,9900,11000,12000,12000,13000,13000,13000,13000,13000,48,48,6200,6480.496384998939,1590.836769901216,13022.251365706325,5345.0
1786461814,140,POST,/integrations/v2/encounters/update,3.600000,3.600000,9600,10000,11000,12000,12000,12000,13000,13000,13000,13000,13000,50,50,6300,6601.398332994431,1590.836769901216,13022.251365706325,5345.0
1786461814,140,,Aggregated,3.600000,3.600000,9600,10000,11000,12000,12000,12000,13000,13000,13000,13000,13000,50,50,6300,6601.398332994431,1590.836769901216,13022.251365706325,5345.0
1786461815,150,POST,/integrations/v2/encounters/update,3.200000,3.200000,9700,12000,12000,12000,14000,14000,15000,15000,15000,15000,15000,55,55,6500,7305.952628803524,1590.836769901216,14855.641961097717,5345.0
1786461815,150,,Aggregated,3.200000,3.200000,9700,12000,12000,12000,14000,14000,15000,15000,15000,15000,15000,55,55,6500,7305.952628803524,1590.836769901216,14855.641961097717,5345.0
1786461817,160,POST,/integrations/v2/encounters/update,3.300000,3.300000,11000,12000,13000,14000,14000,15000,15000,15000,15000,15000,15000,57,57,6500,7482.69274087394,1590.836769901216,14855.641961097717,5345.0
1786461817,160,,Aggregated,3.300000,3.300000,11000,12000,13000,14000,14000,15000,15000,15000,15000,15000,15000,57,57,6500,7482.69274087394,1590.836769901216,14855.641961097717,5345.0
1786461818,170,POST,/integrations/v2/encounters/update,2.700000,2.700000,12000,13000,14000,14000,15000,15000,16000,16000,16000,16000,16000,59,59,6700,7697.201951864665,1590.836769901216,16238.332224078476,5345.0
1786461818,170,,Aggregated,2.700000,2.700000,12000,13000,14000,14000,15000,15000,16000,16000,16000,16000,16000,59,59,6700,7697.201951864665,1590.836769901216,16238.332224078476,5345.0
1786461819,180,POST,/integrations/v2/encounters/update,2.700000,2.700000,12000,14000,14000,15000,15000,16000,18000,18000,18000,18000,18000,62,62,6800,8091.673553635877,1590.836769901216,18415.678973309696,5345.0
1786461819,180,,Aggregated,2.700000,2.700000,12000,14000,14000,15000,15000,16000,18000,18000,18000,18000,18000,62,62,6800,8091.673553635877,1590.836769901216,18415.678973309696,5345.0
1786461820,190,POST,/integrations/v2/encounters/update,2.700000,2.700000,14000,14000,15000,15000,16000,18000,19000,19000,19000,19000,19000,63,63,7400,8259.80460453069,1590.836769901216,18683.92976000905,5345.0
1786461820,190,,Aggregated,2.700000,2.700000,14000,14000,15000,15000,16000,18000,19000,19000,19000,19000,19000,63,63,7400,8259.80460453069,1590.836769901216,18683.92976000905,5345.0
1786461821,200,POST,/integrations/v2/encounters/update,2.700000,2.700000,14000,14000,15000,15000,18000,19000,19000,19000,19000,19000,19000,63,63,7400,8259.80460453069,1590.836769901216,18683.92976000905,5345.0
1786461821,200,,Aggregated,2.700000,2.700000,14000,14000,15000,15000,18000,19000,19000,19000,19000,19000,19000,63,63,7400,8259.80460453069,1590.836769901216,18683.92976000905,5345.0
1786461822,200,POST,/integrations/v2/encounters/update,2.100000,2.100000,14000,15000,15000,16000,19000,19000,19000,19000,19000,19000,19000,65,65,8300,8540.465613268316,1590.836769901216,19372.03775253147,5345.0
1786461822,200,,Aggregated,2.100000,2.100000,14000,15000,15000,16000,19000,19000,19000,19000,19000,19000,19000,65,65,8300,8540.465613268316,1590.836769901216,19372.03775253147,5345.0
1786461823,200,POST,/integrations/v2/encounters/update,2.100000,2.100000,16000,18000,18000,19000,21000,21000,22000,22000,22000,22000,22000,72,72,8800,9568.291649610424,1590.836769901216,22426.295096054673,5345.0
1786461823,200,,Aggregated,2.100000,2.100000,16000,18000,18000,19000,21000,21000,22000,22000,22000,22000,22000,72,72,8800,9568.291649610424,1590.836769901216,22426.295096054673,5345.0
1786461824,200,POST,/integrations/v2/encounters/update,2.100000,2.100000,18000,18000,19000,20000,21000,22000,22000,22000,22000,22000,22000,73,73,9300,9717.210825188213,1590.836769901216,22426.295096054673,5345.0
1786461824,200,,Aggregated,2.100000,2.100000,18000,18000,19000,20000,21000,22000,22000,22000,22000,22000,22000,73,73,9300,9717.210825188213,1590.836769901216,22426.295096054673,5345.0
1786461825,200,POST,/integrations/v2/encounters/update,2.100000,2.100000,18000,18000,19000,20000,21000,22000,22000,22000,22000,22000,22000,73,73,9300,9717.210825188213,1590.836769901216,22426.295096054673,5345.0
1786461825,200,,Aggregated,2.100000,2.100000,18000,18000,19000,20000,21000,22000,22000,22000,22000,22000,22000,73,73,9300,9717.210825188213,1590.836769901216,22426.295096054673,5345.0
1786461826,200,POST,/integrations/v2/encounters/update,2.300000,2.300000,18000,19000,19000,20000,21000,22000,22000,22000,22000,22000,22000,74,74,9300,9845.763527662368,1590.836769901216,22426.295096054673,5345.0
1786461826,200,,Aggregated,2.300000,2.300000,18000,19000,19000,20000,21000,22000,22000,22000,22000,22000,22000,74,74,9300,9845.763527662368,1590.836769901216,22426.295096054673,5345.0
1786461827,200,POST,/integrations/v2/encounters/update,1.800000,1.800000,19000,19000,21000,21000,22000,24000,24000,24000,24000,24000,24000,76,76,9600,10184.142407311714,1590.836769901216,24423.654186539352,5345.0
1786461827,200,,Aggregated,1.800000,1.800000,19000,19000,21000,21000,22000,24000,24000,24000,24000,24000,24000,76,76,9600,10184.142407311714,1590.836769901216,24423.654186539352,5345.0
1786461828,200,POST,/integrations/v2/encounters/update,1.600000,1.600000,19000,21000,22000,24000,24000,25000,27000,27000,27000,27000,27000,82,82,9900,11142.621065069718,1590.836769901216,27031.613023020327,5345.0
1786461828,200,,Aggregated,1.600000,1.600000,19000,21000,22000,24000,24000,25000,27000,27000,27000,27000,27000,82,82,9900,11142.621065069718,1590.836769901216,27031.613023020327,5345.0
1786461829,200,POST,/integrations/v2/encounters/update,1.700000,1.700000,20000,22000,24000,24000,25000,25000,27000,27000,27000,27000,27000,85,85,10000,11625.875980417957,1590.836769901216,27031.613023020327,5345.0
1786461829,200,,Aggregated,1.700000,1.700000,20000,22000,24000,24000,25000,25000,27000,27000,27000,27000,27000,85,85,10000,11625.875980417957,1590.836769901216,27031.613023020327,5345.0
1786461830,200,POST,/integrations/v2/encounters/update,1.800000,1.800000,21000,24000,25000,25000,27000,27000,29000,29000,29000,29000,29000,87,87,11000,11995.430092177428,1590.836769901216,28786.60212084651,5345.0
1786461830,200,,Aggregated,1.800000,1.800000,21000,24000,25000,25000,27000,27000,29000,29000,29000,29000,29000,87,87,11000,11995.430092177428,1590.836769901216,28786.60212084651,5345.0
1786461831,200,POST,/integrations/v2/encounters/update,2.300000,2.300000,24000,25000,27000,27000,29000,29000,29000,29000,29000,29000,29000,96,96,12000,13343.476506891117,1590.836769901216,29341.62053372711,5345.0
1786461831,200,,Aggregated,2.300000,2.300000,24000,25000,27000,27000,29000,29000,29000,29000,29000,29000,29000,96,96,12000,13343.476506891117,1590.836769901216,29341.62053372711,5345.0
1786461832,200,POST,/integrations/v2/encounters/update,2.200000,2.200000,24000,26000,27000,27000,29000,29000,31000,31000,31000,31000,31000,101,101,12000,13996.333037337085,1590.836769901216,31272.062534466386,5345.0
1786461832,200,,Aggregated,2.200000,2.200000,24000,26000,27000,27000,29000,29000,31000,31000,31000,31000,31000,101,101,12000,13996.333037337085,1590.836769901216,31272.062534466386,5345.0
1786461833,200,POST,/integrations/v2/encounters/update,2.600000,2.600000,24000,27000,27000,27000,29000,31000,31000,31000,31000,31000,31000,104,104,13000,14411.061231243926,1590.836769901216,31272.062534466386,5345.0
1786461833,200,,Aggregated,2.600000,2.600000,24000,27000,27000,27000,29000,31000,31000,31000,31000,31000,31000,104,104,13000,14411.061231243926,1590.836769901216,31272.062534466386,5345.0
1786461834,200,POST,/integrations/v2/encounters/update,3.300000,3.300000,27000,27000,29000,31000,32000,33000,33000,33000,33000,33000,33000,109,109,14000,15237.319744644908,1590.836769901216,33462.16489560902,5345.0
1786461834,200,,Aggregated,3.300000,3.300000,27000,27000,29000,31000,32000,33000,33000,33000,33000,33000,33000,109,109,14000,15237.319744644908,1590.836769901216,33462.16489560902,5345.0
1786461835,200,POST,/integrations/v2/encounters/update,3.500000,3.500000,27000,29000,31000,32000,33000,33000,34000,34000,34000,34000,34000,112,112,14000,15712.068103445095,1590.836769901216,34326.69155951589,5345.0
1786461835,200,,Aggregated,3.500000,3.500000,27000,29000,31000,32000,33000,33000,34000,34000,34000,34000,34000,112,112,14000,15712.068103445095,1590.836769901216,34326.69155951589,5345.0
1786461836,200,POST,/integrations/v2/encounters/update,3.500000,3.500000,27000,29000,31000,32000,33000,33000,34000,34000,34000,34000,34000,112,112,14000,15712.068103445095,1590.836769901216,34326.69155951589,5345.0
1786461836,200,,Aggregated,3.500000,3.500000,27000,29000,31000,32000,33000,33000,34000,34000,34000,34000,34000,112,112,14000,15712.068103445095,1590.836769901216,34326.69155951589,5345.0
1786461837,200,POST,/integrations/v2/encounters/update,3.600000,3.600000,27000,31000,32000,32000,33000,33000,34000,34000,34000,34000,34000,116,116,15000,16276.113578712504,1590.836769901216,34326.69155951589,5345.0
1786461837,200,,Aggregated,3.600000,3.600000,27000,31000,32000,32000,33000,33000,34000,34000,34000,34000,34000,116,116,15000,16276.113578712504,1590.836769901216,34326.69155951589,5345.0
1786461838,200,POST,/integrations/v2/encounters/update,3.900000,3.900000,29000,31000,32000,32000,33000,33000,34000,34000,34000,34000,34000,118,118,15000,16499.776859096866,1590.836769901216,34326.69155951589,5345.0
1786461838,200,,Aggregated,3.900000,3.900000,29000,31000,32000,32000,33000,33000,34000,34000,34000,34000,34000,118,118,15000,16499.776859096866,1590.836769901216,34326.69155951589,5345.0
1786461839,200,POST,/integrations/v2/encounters/update,3.900000,3.900000,29000,32000,32000,33000,33000,34000,36000,36000,36000,36000,36000,120,120,15000,16745.275271070812,1590.836769901216,35637.85848300904,5345.0
1786461839,200,,Aggregated,3.900000,3.900000,29000,32000,32000,33000,33000,34000,36000,36000,36000,36000,36000,120,120,15000,16745.275271070812,1590.836769901216,35637.85848300904,5345.0
1786461840,200,POST,/integrations/v2/encounters/update,4.000000,4.000000,31000,32000,33000,33000,33000,34000,36000,36000,36000,36000,36000,124,124,16000,17249.825502332722,1590.836769901216,35637.85848300904,5345.0
1786461840,200,,Aggregated,4.000000,4.000000,31000,32000,33000,33000,33000,34000,36000,36000,36000,36000,36000,124,124,16000,17249.825502332722,1590.836769901216,35637.85848300904,5345.0
1786461841,200,POST,/integrations/v2/encounters/update,3.600000,3.600000,32000,33000,33000,33000,35000,35000,36000,36000,36000,36000,36000,131,131,18000,18078.552288337403,1590.836769901216,35637.85848300904,5345.0
1786461841,200,,Aggregated,3.600000,3.600000,32000,33000,33000,33000,35000,35000,36000,36000,36000,36000,36000,131,131,18000,18078.552288337403,1590.836769901216,35637.85848300904,5345.0
1786461842,200,POST,/integrations/v2/encounters/update,3.600000,3.600000,33000,33000,34000,35000,35000,37000,38000,38000,38000,38000,38000,137,137,19000,18812.07024365881,1590.836769901216,38393.788039684296,5345.0
1786461842,200,,Aggregated,3.600000,3.600000,33000,33000,34000,35000,35000,37000,38000,38000,38000,38000,38000,137,137,19000,18812.07024365881,1590.836769901216,38393.788039684296,5345.0
1786461843,200,POST,/integrations/v2/encounters/update,3.600000,3.600000,33000,34000,35000,35000,35000,37000,38000,38000,38000,38000,38000,140,140,19000,19118.507660080544,1590.836769901216,38393.788039684296,5345.0
1786461843,200,,Aggregated,3.600000,3.600000,33000,34000,35000,35000,35000,37000,38000,38000,38000,38000,38000,140,140,19000,19118.507660080544,1590.836769901216,38393.788039684296,5345.0
1786461844,200,POST,/integrations/v2/encounters/update,3.600000,3.600000,33000,34000,35000,35000,35000,37000,38000,38000,38000,38000,38000,140,140,19000,19118.507660080544,1590.836769901216,38393.788039684296,5345.0
1786461844,200,,Aggregated,3.600000,3.600000,33000,34000,35000,35000,35000,37000,38000,38000,38000,38000,38000,140,140,19000,19118.507660080544,1590.836769901216,38393.788039684296,5345.0
1786461845,200,POST,/integrations/v2/encounters/update,3.500000,3.500000,34000,35000,35000,36000,38000,41000,41000,41000,41000,41000,41000,145,145,20000,19792.10945052448,1590.836769901216,40968.27539987862,5345.0
1786461845,200,,Aggregated,3.500000,3.500000,34000,35000,35000,36000,38000,41000,41000,41000,41000,41000,41000,145,145,20000,19792.10945052448,1590.836769901216,40968.27539987862,5345.0
1786461846,200,POST,/integrations/v2/encounters/update,3.500000,3.500000,34000,35000,35000,36000,38000,41000,41000,41000,41000,41000,41000,149,149,21000,20145.6938284143,1590.836769901216,40968.27539987862,5345.0
1786461846,200,,Aggregated,3.500000,3.500000,34000,35000,35000,36000,38000,41000,41000,41000,41000,41000,41000,149,149,21000,20145.6938284143,1590.836769901216,40968.27539987862,5345.0
1786461847,200,POST,/integrations/v2/encounters/update,3.100000,3.100000,34000,35000,36000,37000,40000,41000,41000,41000,41000,41000,41000,155,155,22000,20798.793283357256,1590.836769901216,40968.27539987862,5345.0
1786461847,200,,Aggregated,3.100000,3.100000,34000,35000,36000,37000,40000,41000,41000,41000,41000,41000,41000,155,155,22000,20798.793283357256,1590.836769901216,40968.27539987862,5345.0
1786461848,200,POST,/integrations/v2/encounters/update,3.400000,3.400000,35000,36000,37000,38000,39000,40000,41000,41000,41000,41000,41000,159,159,23000,21211.602451531628,1590.836769901216,40968.27539987862,5345.0
1786461848,200,,Aggregated,3.400000,3.400000,35000,36000,37000,38000,39000,40000,41000,41000,41000,41000,41000,159,159,23000,21211.602451531628,1590.836769901216,40968.27539987862,5345.0
1786461850,200,POST,/integrations/v2/encounters/update,3.700000,3.700000,35000,37000,38000,38000,40000,41000,41000,41000,41000,41000,41000,162,162,24000,21479.418744988463,1590.836769901216,40968.27539987862,5345.0
1786461850,200,,Aggregated,3.700000,3.700000,35000,37000,38000,38000,40000,41000,41000,41000,41000,41000,41000,162,162,24000,21479.418744988463,1590.836769901216,40968.27539987862,5345.0
1786461851,200,POST,/integrations/v2/encounters/update,4.200000,4.200000,37000,38000,39000,40000,41000,42000,43000,43000,43000,43000,43000,170,170,24000,22341.548282636657,1590.836769901216,42523.1806403026,5345.0
1786461851,200,,Aggregated,4.200000,4.200000,37000,38000,39000,40000,41000,42000,43000,43000,43000,43000,43000,170,170,24000,22341.548282636657,1590.836769901216,42523.1806403026,5345.0
1786461852,200,POST,/integrations/v2/encounters/update,4.200000,4.200000,38000,39000,40000,40000,41000,42000,43000,43000,43000,43000,43000,171,171,24000,22435.90694394137,1590.836769901216,42523.1806403026,5345.0
1786461852,200,,Aggregated,4.200000,4.200000,38000,39000,40000,40000,41000,42000,43000,43000,43000,43000,43000,171,171,24000,22435.90694394137,1590.836769901216,42523.1806403026,5345.0
1786461853,200,POST,/integrations/v2/encounters/update,4.200000,4.200000,38000,39000,39000,40000,41000,42000,43000,43000,43000,43000,43000,174,174,25000,22726.119735974004,1590.836769901216,42523.1806403026,5345.0
1786461853,200,,Aggregated,4.200000,4.200000,38000,39000,39000,40000,41000,42000,43000,43000,43000,43000,43000,174,174,25000,22726.119735974004,1590.836769901216,42523.1806403026,5345.0
1786461854,200,POST,/integrations/v2/encounters/update,4.000000,4.000000,38000,39000,40000,40000,41000,42000,43000,43000,43000,43000,43000,176,176,25000,22903.867295334665,1590.836769901216,42523.1806403026,5345.0
1786461854,200,,Aggregated,4.000000,4.000000,38000,39000,40000,40000,41000,42000,43000,43000,43000,43000,43000,176,176,25000,22903.867295334665,1590.836769901216,42523.1806403026,5345.0
1786461855,200,POST,/integrations/v2/encounters/update,4.000000,4.000000,38000,39000,39000,40000,40000,42000,43000,43000,43000,43000,43000,176,176,25000,22903.867295334665,1590.836769901216,42523.1806403026,5345.0
1786461855,200,,Aggregated,4.000000,4.000000,38000,39000,39000,40000,40000,42000,43000,43000,43000,43000,43000,176,176,25000,22903.867295334665,1590.836769901216,42523.1806403026,5345.0
1786461856,200,POST,/integrations/v2/encounters/update,3.600000,3.600000,39000,40000,40000,40000,41000,42000,43000,43000,43000,43000,43000,179,179,26000,23208.72611958825,1590.836769901216,42523.1806403026,5345.0
1786461856,200,,Aggregated,3.600000,3.600000,39000,40000,40000,40000,41000,42000,43000,43000,43000,43000,43000,179,179,26000,23208.72611958825,1590.836769901216,42523.1806403026,5345.0
1786461857,200,POST,/integrations/v2/encounters/update,3.600000,3.600000,39000,40000,41000,41000,42000,42000,43000,43000,43000,43000,43000,183,183,26000,23596.87339235097,1590.836769901216,42523.1806403026,5345.0
1786461857,200,,Aggregated,3.600000,3.600000,39000,40000,41000,41000,42000,42000,43000,43000,43000,43000,43000,183,183,26000,23596.87339235097,1590.836769901216,42523.1806403026,5345.0
1786461858,200,POST,/integrations/v2/encounters/update,3.300000,3.300000,40000,42000,42000,42000,43000,49000,50000,50000,50000,50000,50000,188,188,27000,24182.77599559998,1590.836769901216,50448.94814491272,5345.0
1786461858,200,,Aggregated,3.300000,3.300000,40000,42000,42000,42000,43000,49000,50000,50000,50000,50000,50000,188,188,27000,24182.77599559998,1590.836769901216,50448.94814491272,5345.0
1786461859,200,POST,/integrations/v2/encounters/update,3.100000,3.100000,42000,43000,43000,44000,49000,50000,50000,50000,50000,50000,50000,194,194,27000,24865.069098948243,1590.836769901216,50448.94814491272,5345.0
1786461859,200,,Aggregated,3.100000,3.100000,42000,43000,43000,44000,49000,50000,50000,50000,50000,50000,50000,194,194,27000,24865.069098948243,1590.836769901216,50448.94814491272,5345.0
1786461860,200,POST,/integrations/v2/encounters/update,2.700000,2.700000,42000,43000,44000,46000,50000,50000,50000,50000,50000,50000,50000,196,196,27000,25082.35338310787,1590.836769901216,50448.94814491272,5345.0
1786461860,200,,Aggregated,2.700000,2.700000,42000,43000,44000,46000,50000,50000,50000,50000,50000,50000,50000,196,196,27000,25082.35338310787,1590.836769901216,50448.94814491272,5345.0
1786461861,200,POST,/integrations/v2/encounters/update,3.100000,3.100000,43000,45000,48000,48000,50000,50000,50000,50000,50000,50000,50000,199,199,29000,25413.95695357298,1590.836769901216,50448.94814491272,5345.0
1786461861,200,,Aggregated,3.100000,3.100000,43000,45000,48000,48000,50000,50000,50000,50000,50000,50000,50000,199,199,29000,25413.95695357298,1590.836769901216,50448.94814491272,5345.0
1786461862,200,POST,/integrations/v2/encounters/update,3.300000,3.300000,44000,46000,46000,48000,49000,50000,50000,50000,50000,50000,50000,205,205,29000,25977.4008654694,1590.836769901216,50448.94814491272,5345.0
1786461862,200,,Aggregated,3.300000,3.300000,44000,46000,46000,48000,49000,50000,50000,50000,50000,50000,50000,205,205,29000,25977.4008654694,1590.836769901216,50448.94814491272,5345.0
1786461863,200,POST,/integrations/v2/encounters/update,3.300000,3.300000,44000,46000,48000,48000,50000,50000,51000,51000,51000,51000,51000,208,208,29000,26272.15324388369,1590.836769901216,51070.41471451521,5345.0
1786461863,200,,Aggregated,3.300000,3.300000,44000,46000,48000,48000,50000,50000,51000,51000,51000,51000,51000,208,208,29000,26272.15324388369,1590.836769901216,51070.41471451521,5345.0
1786461864,200,POST,/integrations/v2/encounters/update,3.000000,3.000000,44000,46000,48000,49000,50000,53000,53000,53000,53000,53000,53000,213,213,31000,26694.961734168548,1590.836769901216,53455.003306269646,5345.0
1786461864,200,,Aggregated,3.000000,3.000000,44000,46000,48000,49000,50000,53000,53000,53000,53000,53000,53000,213,213,31000,26694.961734168548,1590.836769901216,53455.003306269646,5345.0
1786461865,200,POST,/integrations/v2/encounters/update,3.000000,3.000000,45000,48000,49000,50000,53000,53000,53000,53000,53000,53000,53000,217,217,31000,27085.450432499365,1590.836769901216,53455.003306269646,5345.0
1786461865,200,,Aggregated,3.000000,3.000000,45000,48000,49000,50000,53000,53000,53000,53000,53000,53000,53000,217,217,31000,27085.450432499365,1590.836769901216,53455.003306269646,5345.0
1786461866,200,POST,/integrations/v2/encounters/update,3.600000,3.600000,45000,48000,49000,50000,53000,53000,53000,53000,53000,53000,53000,220,220,31000,27231.55311593701,1590.836769901216,53455.003306269646,5345.0
1786461866,200,,Aggregated,3.600000,3.600000,45000,48000,49000,50000,53000,53000,53000,53000,53000,53000,53000,220,220,31000,27231.55311593701,1590.836769901216,53455.003306269646,5345.0
1786461867,200,POST,/integrations/v2/encounters/update,4.100000,4.100000,45000,48000,50000,50000,53000,55000,56000,56000,56000,56000,56000,223,223,31000,27539.77453476027,1590.836769901216,55648.90611357987,5345.0
1786461867,200,,Aggregated,4.100000,4.100000,45000,48000,50000,50000,53000,55000,56000,56000,56000,56000,56000,223,223,31000,27539.77453476027,1590.836769901216,55648.90611357987,5345.0
1786461868,200,POST,/integrations/v2/encounters/update,4.000000,4.000000,46000,48000,51000,53000,56000,56000,57000,57000,57000,57000,57000,229,229,31000,28108.63817150107,1590.836769901216,56709.83341243118,5345.0
1786461868,200,,Aggregated,4.000000,4.000000,46000,48000,51000,53000,56000,56000,57000,57000,57000,57000,57000,229,229,31000,28108.63817150107,1590.836769901216,56709.83341243118,5345.0
1786461869,200,POST,/integrations/v2/encounters/update,3.900000,3.900000,46000,48000,53000,53000,56000,57000,58000,58000,58000,58000,58000,234,234,32000,28456.407338404693,1590.836769901216,58471.61305882037,5345.0
1786461869,200,,Aggregated,3.900000,3.900000,46000,48000,53000,53000,56000,57000,58000,58000,58000,58000,58000,234,234,32000,28456.407338404693,1590.836769901216,58471.61305882037,5345.0
1786461870,200,POST,/integrations/v2/encounters/update,4.100000,4.100000,46000,49000,53000,53000,56000,56000,58000,58000,58000,58000,58000,239,239,32000,28881.381620150292,1590.836769901216,58471.61305882037,5345.0
1786461870,200,,Aggregated,4.100000,4.100000,46000,49000,53000,53000,56000,56000,58000,58000,58000,58000,58000,239,239,32000,28881.381620150292,1590.836769901216,58471.61305882037,5345.0
1786461871,200,POST,/integrations/v2/encounters/update,4.000000,4.000000,46000,51000,53000,53000,56000,57000,58000,58000,58000,58000,58000,240,240,32000,28922.01872538232,1590.836769901216,58471.61305882037,5345.0
1786461871,200,,Aggregated,4.000000,4.000000,46000,51000,53000,53000,56000,57000,58000,58000,58000,58000,58000,240,240,32000,28922.01872538232,1590.836769901216,58471.61305882037,5345.0
1786461872,200,POST,/integrations/v2/encounters/update,4.000000,4.000000,47000,51000,53000,53000,56000,57000,58000,58000,58000,58000,58000,244,244,32000,29142.46291622947,1590.836769901216,58471.61305882037,5345.0
1786461872,200,,Aggregated,4.000000,4.000000,47000,51000,53000,53000,56000,57000,58000,58000,58000,58000,58000,244,244,32000,29142.46291622947,1590.836769901216,58471.61305882037,5345.0
1786461873,200,POST,/integrations/v2/encounters/update,4.300000,4.300000,47000,51000,53000,55000,56000,57000,58000,58000,58000,58000,58000,251,251,33000,29608.15646290497,1590.836769901216,58471.61305882037,5345.0
1786461873,200,,Aggregated,4.300000,4.300000,47000,51000,53000,55000,56000,57000,58000,58000,58000,58000,58000,251,251,33000,29608.15646290497,1590.836769901216,58471.61305882037,5345.0
1786461874,200,POST,/integrations/v2/encounters/update,3.900000,3.900000,47000,51000,53000,55000,56000,57000,58000,58000,58000,58000,58000,256,256,33000,29988.014100290457,1590.836769901216,58471.61305882037,5345.0
1786461874,200,,Aggregated,3.900000,3.900000,47000,51000,53000,55000,56000,57000,58000,58000,58000,58000,58000,256,256,33000,29988.014100290457,1590.836769901216,58471.61305882037,5345.0
1786461875,200,POST,/integrations/v2/encounters/update,3.700000,3.700000,47000,51000,53000,55000,56000,56000,58000,58000,58000,58000,58000,261,261,34000,30226.82160503406,1590.836769901216,58471.61305882037,5345.0
1786461875,200,,Aggregated,3.700000,3.700000,47000,51000,53000,55000,56000,56000,58000,58000,58000,58000,58000,261,261,34000,30226.82160503406,1590.836769901216,58471.61305882037,5345.0
1786461876,200,POST,/integrations/v2/encounters/update,4.100000,4.100000,47000,51000,55000,55000,56000,57000,59000,59000,59000,59000,59000,266,266,34000,30593.737207202565,1590.836769901216,59041.63083340973,5345.0
1786461876,200,,Aggregated,4.100000,4.100000,47000,51000,55000,55000,56000,57000,59000,59000,59000,59000,59000,266,266,34000,30593.737207202565,1590.836769901216,59041.63083340973,5345.0
1786461877,200,POST,/integrations/v2/encounters/update,4.000000,4.000000,47000,51000,55000,55000,57000,59000,60000,60000,60000,60000,60000,269,269,34000,30846.08795012254,1590.836769901216,59818.453615531325,5345.0
1786461877,200,,Aggregated,4.000000,4.000000,47000,51000,55000,55000,57000,59000,60000,60000,60000,60000,60000,269,269,34000,30846.08795012254,1590.836769901216,59818.453615531325,5345.0
1786461879,200,POST,/integrations/v2/encounters/update,4.200000,4.200000,51000,51000,55000,55000,59000,60000,61000,61000,61000,61000,61000,271,271,34000,30986.2358765711,1590.836769901216,60627.36851349473,5345.0
1786461879,200,,Aggregated,4.200000,4.200000,51000,51000,55000,55000,59000,60000,61000,61000,61000,61000,61000,271,271,34000,30986.2358765711,1590.836769901216,60627.36851349473,5345.0
1786461880,200,POST,/integrations/v2/encounters/update,4.400000,4.400000,42000,52000,56000,59000,62000,62000,62000,62000,62000,62000,62000,281,281,35000,31681.51964799723,1590.836769901216,62321.5796072036,5345.0
1786461880,200,,Aggregated,4.400000,4.400000,42000,52000,56000,59000,62000,62000,62000,62000,62000,62000,62000,281,281,35000,31681.51964799723,1590.836769901216,62321.5796072036,5345.0
1786461881,200,POST,/integrations/v2/encounters/update,4.400000,4.400000,42000,53000,56000,60000,62000,62000,63000,63000,63000,63000,63000,283,283,35000,31815.246056765318,1590.836769901216,62882.257082499564,5345.0
1786461881,200,,Aggregated,4.400000,4.400000,42000,53000,56000,60000,62000,62000,63000,63000,63000,63000,63000,283,283,35000,31815.246056765318,1590.836769901216,62882.257082499564,5345.0
1786461882,200,POST,/integrations/v2/encounters/update,4.500000,4.500000,51000,55000,60000,61000,62000,62000,63000,63000,63000,63000,63000,288,288,35000,32106.91161986324,1590.836769901216,63224.951105192304,5345.0
1786461882,200,,Aggregated,4.500000,4.500000,51000,55000,60000,61000,62000,62000,63000,63000,63000,63000,63000,288,288,35000,32106.91161986324,1590.836769901216,63224.951105192304,5345.0
1786461883,200,POST,/integrations/v2/encounters/update,4.400000,4.400000,51000,60000,62000,62000,63000,64000,65000,65000,65000,65000,65000,293,293,36000,32571.094080767634,1590.836769901216,64504.66899108142,5345.0
1786461883,200,,Aggregated,4.400000,4.400000,51000,60000,62000,62000,63000,64000,65000,65000,65000,65000,65000,293,293,36000,32571.094080767634,1590.836769901216,64504.66899108142,5345.0
1786461884,200,POST,/integrations/v2/encounters/update,4.700000,4.700000,51000,62000,62000,62000,64000,64000,65000,65000,65000,65000,65000,298,298,36000,32855.76713433639,1590.836769901216,64872.563874349,5345.0
1786461884,200,,Aggregated,4.700000,4.700000,51000,62000,62000,62000,64000,64000,65000,65000,65000,65000,65000,298,298,36000,32855.76713433639,1590.836769901216,64872.563874349,5345.0
1786461885,200,POST,/integrations/v2/encounters/update,4.700000,4.700000,60000,62000,63000,63000,64000,65000,65000,65000,65000,65000,65000,301,301,36000,33163.5198565695,1590.836769901216,64948.35209753364,5345.0
1786461885,200,,Aggregated,4.700000,4.700000,60000,62000,63000,63000,64000,65000,65000,65000,65000,65000,65000,301,301,36000,33163.5198565695,1590.836769901216,64948.35209753364,5345.0
1786461886,200,POST,/integrations/v2/encounters/update,4.700000,4.700000,62000,63000,64000,64000,65000,66000,66000,66000,66000,66000,66000,305,305,37000,33507.27825465566,1590.836769901216,66487.0703201741,5345.0
1786461886,200,,Aggregated,4.700000,4.700000,62000,63000,64000,64000,65000,66000,66000,66000,66000,66000,66000,305,305,37000,33507.27825465566,1590.836769901216,66487.0703201741,5345.0
1786461887,200,POST,/integrations/v2/encounters/update,4.400000,4.400000,62000,63000,64000,65000,66000,67000,67000,67000,67000,67000,67000,309,309,37000,33768.565820662676,1590.836769901216,66999.41962677985,5345.0
1786461887,200,,Aggregated,4.400000,4.400000,62000,63000,64000,65000,66000,67000,67000,67000,67000,67000,67000,309,309,37000,33768.565820662676,1590.836769901216,66999.41962677985,5345.0
1786461888,200,POST,/integrations/v2/encounters/update,4.400000,4.400000,62000,63000,64000,65000,66000,67000,68000,68000,68000,68000,68000,313,313,38000,33949.69195660692,1590.836769901216,68032.99619629979,5345.0
1786461888,200,,Aggregated,4.400000,4.400000,62000,63000,64000,65000,66000,67000,68000,68000,68000,68000,68000,313,313,38000,33949.69195660692,1590.836769901216,68032.99619629979,5345.0
1786461889,200,POST,/integrations/v2/encounters/update,4.200000,4.200000,63000,65000,66000,67000,68000,68000,69000,69000,69000,69000,69000,322,322,38000,34640.89636052872,1590.836769901216,68791.52129404247,5345.0
1786461889,200,,Aggregated,4.200000,4.200000,63000,65000,66000,67000,68000,68000,69000,69000,69000,69000,69000,322,322,38000,34640.89636052872,1590.836769901216,68791.52129404247,5345.0
1786461890,200,POST,/integrations/v2/encounters/update,4.400000,4.400000,63000,65000,66000,67000,68000,68000,69000,69000,69000,69000,69000,325,325,38000,34840.79497543092,1590.836769901216,68791.52129404247,5345.0
1786461890,200,,Aggregated,4.400000,4.400000,63000,65000,66000,67000,68000,68000,69000,69000,69000,69000,69000,325,325,38000,34840.79497543092,1590.836769901216,68791.52129404247,5345.0
1786461891,200,POST,/integrations/v2/encounters/update,5.000000,5.000000,63000,65000,67000,67000,68000,69000,69000,69000,69000,69000,69000,331,331,38000,35265.37807681387,1590.836769901216,69294.70005258918,5345.0
1786461891,200,,Aggregated,5.000000,5.000000,63000,65000,67000,67000,68000,69000,69000,69000,69000,69000,69000,331,331,38000,35265.37807681387,1590.836769901216,69294.70005258918,5345.0
1786461892,200,POST,/integrations/v2/encounters/update,4.400000,4.400000,60000,65000,66000,67000,68000,69000,69000,69000,69000,69000,69000,339,339,38000,35549.58342094315,1590.836769901216,69294.70005258918,5345.0
1786461892,200,,Aggregated,4.400000,4.400000,60000,65000,66000,67000,68000,69000,69000,69000,69000,69000,69000,339,339,38000,35549.58342094315,1590.836769901216,69294.70005258918,5345.0
1786461893,200,POST,/integrations/v2/encounters/update,4.700000,4.700000,60000,65000,66000,67000,68000,69000,69000,69000,69000,69000,69000,342,342,38000,35703.827244512824,1590.836769901216,69294.70005258918,5345.0
1786461893,200,,Aggregated,4.700000,4.700000,60000,65000,66000,67000,68000,69000,69000,69000,69000,69000,69000,342,342,38000,35703.827244512824,1590.836769901216,69294.70005258918,5345.0
1786461894,200,POST,/integrations/v2/encounters/update,4.900000,4.900000,60000,61000,66000,67000,68000,69000,69000,69000,69000,69000,69000,347,347,39000,36042.899444965,1590.836769901216,69294.70005258918,5345.0
1786461894,200,,Aggregated,4.900000,4.900000,60000,61000,66000,67000,68000,69000,69000,69000,69000,69000,69000,347,347,39000,36042.899444965,1590.836769901216,69294.70005258918,5345.0
1786461895,200,POST,/integrations/v2/encounters/update,4.700000,4.700000,59000,61000,61000,67000,68000,69000,69000,69000,69000,69000,69000,352,352,39000,36128.85965524369,1590.836769901216,69294.70005258918,5345.0
1786461895,200,,Aggregated,4.700000,4.700000,59000,61000,61000,67000,68000,69000,69000,69000,69000,69000,69000,352,352,39000,36128.85965524369,1590.836769901216,69294.70005258918,5345.0
1786461896,200,POST,/integrations/v2/encounters/update,4.500000,4.500000,58000,60000,61000,67000,68000,69000,69000,69000,69000,69000,69000,353,353,39000,36135.931093000385,1590.836769901216,69294.70005258918,5345.0
1786461896,200,,Aggregated,4.500000,4.500000,58000,60000,61000,67000,68000,69000,69000,69000,69000,69000,69000,353,353,39000,36135.931093000385,1590.836769901216,69294.70005258918,5345.0
1786461897,200,POST,/integrations/v2/encounters/update,4.700000,4.700000,59000,60000,61000,61000,68000,69000,69000,69000,69000,69000,69000,355,355,39000,36202.0096009466,1590.836769901216,69294.70005258918,5345.0
1786461897,200,,Aggregated,4.700000,4.700000,59000,60000,61000,61000,68000,69000,69000,69000,69000,69000,69000,355,355,39000,36202.0096009466,1590.836769901216,69294.70005258918,5345.0
1786461898,200,POST,/integrations/v2/encounters/update,4.700000,4.700000,57000,60000,60000,61000,61000,68000,69000,69000,69000,69000,69000,361,361,39000,36440.097717728226,1590.836769901216,69294.70005258918,5345.0
1786461898,200,,Aggregated,4.700000,4.700000,57000,60000,60000,61000,61000,68000,69000,69000,69000,69000,69000,361,361,39000,36440.097717728226,1590.836769901216,69294.70005258918,5345.0
1786461899,200,POST,/integrations/v2/encounters/update,4.500000,4.500000,56000,58000,60000,60000,61000,61000,69000,69000,69000,69000,69000,367,367,39000,36613.940151768664,1590.836769901216,69294.70005258918,5345.0
1786461899,200,,Aggregated,4.500000,4.500000,56000,58000,60000,60000,61000,61000,69000,69000,69000,69000,69000,367,367,39000,36613.940151768664,1590.836769901216,69294.70005258918,5345.0
1786461900,200,POST,/integrations/v2/encounters/update,4.400000,4.400000,56000,57000,57000,59000,60000,61000,61000,61000,61000,61000,61000,371,371,39000,36815.23750701824,1590.836769901216,69294.70005258918,5345.0
1786461900,200,,Aggregated,4.400000,4.400000,56000,57000,57000,59000,60000,61000,61000,61000,61000,61000,61000,371,371,39000,36815.23750701824,1590.836769901216,69294.70005258918,5345.0
1786461901,200,POST,/integrations/v2/encounters/update,4.100000,4.100000,54000,56000,57000,57000,60000,61000,61000,61000,61000,61000,61000,377,377,39000,36970.43616132717,1590.836769901216,69294.70005258918,5345.0
1786461901,200,,Aggregated,4.100000,4.100000,54000,56000,57000,57000,60000,61000,61000,61000,61000,61000,61000,377,377,39000,36970.43616132717,1590.836769901216,69294.70005258918,5345.0
1786461902,200,POST,/integrations/v2/encounters/update,4.400000,4.400000,54000,56000,57000,57000,59000,61000,61000,61000,61000,61000,61000,381,381,39000,37067.96409824027,1590.836769901216,69294.70005258918,5345.0
1786461902,200,,Aggregated,4.400000,4.400000,54000,56000,57000,57000,59000,61000,61000,61000,61000,61000,61000,381,381,39000,37067.96409824027,1590.836769901216,69294.70005258918,5345.0
1786461903,200,POST,/integrations/v2/encounters/update,4.200000,4.200000,54000,56000,56000,57000,57000,59000,61000,61000,61000,61000,61000,385,385,39000,37171.07306213251,1590.836769901216,69294.70005258918,5345.0
1786461903,200,,Aggregated,4.200000,4.200000,54000,56000,56000,57000,57000,59000,61000,61000,61000,61000,61000,385,385,39000,37171.07306213251,1590.836769901216,69294.70005258918,5345.0
1786461905,200,POST,/integrations/v2/encounters/update,4.100000,4.100000,54000,55000,56000,56000,57000,57000,57000,57000,57000,57000,57000,388,388,39000,37226.49082046281,1590.836769901216,69294.70005258918,5345.0
1786461905,200,,Aggregated,4.100000,4.100000,54000,55000,56000,56000,57000,57000,57000,57000,57000,57000,57000,388,388,39000,37226.49082046281,1590.836769901216,69294.70005258918,5345.0
1786461906,200,POST,/integrations/v2/encounters/update,4.200000,4.200000,54000,55000,56000,56000,57000,57000,57000,57000,57000,57000,57000,392,392,39000,37363.13410130168,1590.836769901216,69294.70005258918,5345.0
1786461906,200,,Aggregated,4.200000,4.200000,54000,55000,56000,56000,57000,57000,57000,57000,57000,57000,57000,392,392,39000,37363.13410130168,1590.836769901216,69294.70005258918,5345.0
1786461907,200,POST,/integrations/v2/encounters/update,4.300000,4.300000,54000,55000,55000,56000,56000,57000,57000,57000,57000,57000,57000,397,397,39000,37462.63942841243,1590.836769901216,69294.70005258918,5345.0
1786461907,200,,Aggregated,4.300000,4.300000,54000,55000,55000,56000,56000,57000,57000,57000,57000,57000,57000,397,397,39000,37462.63942841243,1590.836769901216,69294.70005258918,5345.0
1786461908,200,POST,/integrations/v2/encounters/update,4.000000,4.000000,54000,55000,55000,55000,56000,56000,56000,56000,56000,56000,56000,401,401,39000,37598.27903414057,1590.836769901216,69294.70005258918,5345.0
1786461908,200,,Aggregated,4.000000,4.000000,54000,55000,55000,55000,56000,56000,56000,56000,56000,56000,56000,401,401,39000,37598.27903414057,1590.836769901216,69294.70005258918,5345.0
1786461909,200,POST,/integrations/v2/encounters/update,4.000000,4.000000,53000,55000,55000,55000,55000,56000,56000,56000,56000,56000,56000,405,405,39000,37681.732798751764,1590.836769901216,69294.70005258918,5345.0
1786461909,200,,Aggregated,4.000000,4.000000,53000,55000,55000,55000,55000,56000,56000,56000,56000,56000,56000,405,405,39000,37681.732798751764,1590.836769901216,69294.70005258918,5345.0
1786461910,200,POST,/integrations/v2/encounters/update,4.200000,4.200000,52000,54000,55000,55000,55000,56000,56000,56000,56000,56000,56000,408,408,39000,37756.981257819476,1590.836769901216,69294.70005258918,5345.0
1786461910,200,,Aggregated,4.200000,4.200000,52000,54000,55000,55000,55000,56000,56000,56000,56000,56000,56000,408,408,39000,37756.981257819476,1590.836769901216,69294.70005258918,5345.0
1786461911,200,POST,/integrations/v2/encounters/update,4.200000,4.200000,52000,54000,55000,55000,55000,56000,56000,56000,56000,56000,56000,413,413,39000,37870.200493497,1590.836769901216,69294.70005258918,5345.0
1786461911,200,,Aggregated,4.200000,4.200000,52000,54000,55000,55000,55000,56000,56000,56000,56000,56000,56000,413,413,39000,37870.200493497,1590.836769901216,69294.70005258918,5345.0
1786461912,200,POST,/integrations/v2/encounters/update,4.300000,4.300000,51000,52000,55000,55000,55000,56000,56000,56000,56000,56000,56000,418,418,39000,37956.72116439531,1590.836769901216,69294.70005258918,5345.0
1786461912,200,,Aggregated,4.300000,4.300000,51000,52000,55000,55000,55000,56000,56000,56000,56000,56000,56000,418,418,39000,37956.72116439531,1590.836769901216,69294.70005258918,5345.0
1786461913,200,POST,/integrations/v2/encounters/update,3.900000,3.900000,51000,52000,52000,55000,55000,56000,56000,56000,56000,56000,56000,422,422,39000,38033.547624060666,1590.836769901216,69294.70005258918,5345.0
1786461913,200,,Aggregated,3.900000,3.900000,51000,52000,52000,55000,55000,56000,56000,56000,56000,56000,56000,422,422,39000,38033.547624060666,1590.836769901216,69294.70005258918,5345.0
1786461914,200,POST,/integrations/v2/encounters/update,4.100000,4.100000,51000,52000,52000,55000,55000,56000,56000,56000,56000,56000,56000,425,425,39000,38047.48792055994,1590.836769901216,69294.70005258918,5345.0
1786461914,200,,Aggregated,4.100000,4.100000,51000,52000,52000,55000,55000,56000,56000,56000,56000,56000,56000,425,425,39000,38047.48792055994,1590.836769901216,69294.70005258918,5345.0
1786461915,200,POST,/integrations/v2/encounters/update,4.100000,4.100000,41000,52000,52000,52000,55000,56000,56000,56000,56000,56000,56000,428,428,39000,38093.88928488332,1590.836769901216,69294.70005258918,5345.0
1786461915,200,,Aggregated,4.100000,4.100000,41000,52000,52000,52000,55000,56000,56000,56000,56000,56000,56000,428,428,39000,38093.88928488332,1590.836769901216,69294.70005258918,5345.0
1786461916,200,POST,/integrations/v2/encounters/update,3.900000,3.900000,51000,52000,52000,53000,54000,55000,56000,56000,56000,56000,56000,432,432,39000,38202.313589507765,1590.836769901216,69294.70005258918,5345.0
1786461916,200,,Aggregated,3.900000,3.900000,51000,52000,52000,53000,54000,55000,56000,56000,56000,56000,56000,432,432,39000,38202.313589507765,1590.836769901216,69294.70005258918,5345.0
1786461917,200,POST,/integrations/v2/encounters/update,3.900000,3.900000,41000,52000,52000,52000,53000,54000,55000,55000,55000,55000,55000,434,434,39000,38243.46660338943,1590.836769901216,69294.70005258918,5345.0
1786461917,200,,Aggregated,3.900000,3.900000,41000,52000,52000,52000,53000,54000,55000,55000,55000,55000,55000,434,434,39000,38243.46660338943,1590.836769901216,69294.70005258918,5345.0
1786461918,200,POST,/integrations/v2/encounters/update,3.900000,3.900000,42000,52000,52000,52000,53000,53000,54000,54000,54000,54000,54000,437,437,39000,38269.47029391666,1590.836769901216,69294.70005258918,5345.0
1786461918,200,,Aggregated,3.900000,3.900000,42000,52000,52000,52000,53000,53000,54000,54000,54000,54000,54000,437,437,39000,38269.47029391666,1590.836769901216,69294.70005258918,5345.0
1786461919,200,POST,/integrations/v2/encounters/update,3.700000,3.700000,42000,52000,52000,53000,54000,55000,55000,55000,55000,55000,55000,446,446,39000,38455.907035696284,1590.836769901216,69294.70005258918,5345.0
1786461919,200,,Aggregated,3.700000,3.700000,42000,52000,52000,53000,54000,55000,55000,55000,55000,55000,55000,446,446,39000,38455.907035696284,1590.836769901216,69294.70005258918,5345.0
1786461920,200,POST,/integrations/v2/encounters/update,3.800000,3.800000,42000,52000,53000,53000,55000,55000,55000,55000,55000,55000,55000,450,450,39000,38507.933753515696,1590.836769901216,69294.70005258918,5345.0
1786461920,200,,Aggregated,3.800000,3.800000,42000,52000,53000,53000,55000,55000,55000,55000,55000,55000,55000,450,450,39000,38507.933753515696,1590.836769901216,69294.70005258918,5345.0
1786461921,200,POST,/integrations/v2/encounters/update,3.800000,3.800000,42000,53000,53000,54000,55000,55000,55000,55000,55000,55000,55000,456,456,40000,38632.308299353004,1590.836769901216,69294.70005258918,5345.0
1786461921,200,,Aggregated,3.800000,3.800000,42000,53000,53000,54000,55000,55000,55000,55000,55000,55000,55000,456,456,40000,38632.308299353004,1590.836769901216,69294.70005258918,5345.0
1786461922,200,POST,/integrations/v2/encounters/update,4.000000,4.000000,42000,53000,54000,54000,55000,55000,55000,55000,55000,55000,55000,462,462,40000,38752.507349139574,1590.836769901216,69294.70005258918,5345.0
1786461922,200,,Aggregated,4.000000,4.000000,42000,53000,54000,54000,55000,55000,55000,55000,55000,55000,55000,462,462,40000,38752.507349139574,1590.836769901216,69294.70005258918,5345.0
1786461923,200,POST,/integrations/v2/encounters/update,3.800000,3.800000,42000,53000,54000,54000,55000,55000,55000,55000,55000,55000,55000,464,464,40000,38768.341166382765,1590.836769901216,69294.70005258918,5345.0
1786461923,200,,Aggregated,3.800000,3.800000,42000,53000,54000,54000,55000,55000,55000,55000,55000,55000,55000,464,464,40000,38768.341166382765,1590.836769901216,69294.70005258918,5345.0
1786461924,200,POST,/integrations/v2/encounters/update,3.900000,3.900000,43000,53000,54000,55000,55000,55000,55000,55000,55000,55000,55000,466,466,40000,38812.42117485583,1590.836769901216,69294.70005258918,5345.0
1786461924,200,,Aggregated,3.900000,3.900000,43000,53000,54000,55000,55000,55000,55000,55000,55000,55000,55000,466,466,40000,38812.42117485583,1590.836769901216,69294.70005258918,5345.0
1786461925,200,POST,/integrations/v2/encounters/update,4.000000,4.000000,43000,54000,54000,55000,55000,55000,55000,55000,55000,55000,55000,470,470,40000,38922.536602683685,1590.836769901216,69294.70005258918,5345.0
1786461925,200,,Aggregated,4.000000,4.000000,43000,54000,54000,55000,55000,55000,55000,55000,55000,55000,55000,470,470,40000,38922.536602683685,1590.836769901216,69294.70005258918,5345.0
1786461926,200,POST,/integrations/v2/encounters/update,4.100000,4.100000,44000,54000,54000,55000,55000,55000,55000,55000,55000,55000,55000,474,474,40000,38983.95627786166,1590.836769901216,69294.70005258918,5345.0
1786461926,200,,Aggregated,4.100000,4.100000,44000,54000,54000,55000,55000,55000,55000,55000,55000,55000,55000,474,474,40000,38983.95627786166,1590.836769901216,69294.70005258918,5345.0
1786461927,200,POST,/integrations/v2/encounters/update,4.000000,4.000000,43000,54000,54000,55000,55000,55000,55000,55000,55000,55000,55000,479,479,40000,39020.48212595455,1590.836769901216,69294.70005258918,5345.0
1786461927,200,,Aggregated,4.000000,4.000000,43000,54000,54000,55000,55000,55000,55000,55000,55000,55000,55000,479,479,40000,39020.48212595455,1590.836769901216,69294.70005258918,5345.0
1786461928,200,POST,/integrations/v2/encounters/update,4.000000,4.000000,43000,54000,54000,55000,55000,55000,55000,55000,55000,55000,55000,482,482,40000,39091.48842241244,1590.836769901216,69294.70005258918,5345.0
1786461928,200,,Aggregated,4.000000,4.000000,43000,54000,54000,55000,55000,55000,55000,55000,55000,55000,55000,482,482,40000,39091.48842241244,1590.836769901216,69294.70005258918,5345.0
1786461929,200,POST,/integrations/v2/encounters/update,4.100000,4.100000,44000,54000,55000,55000,55000,55000,55000,55000,55000,55000,55000,487,487,40000,39171.5542886127,1590.836769901216,69294.70005258918,5345.0
1786461929,200,,Aggregated,4.100000,4.100000,44000,54000,55000,55000,55000,55000,55000,55000,55000,55000,55000,487,487,40000,39171.5542886127,1590.836769901216,69294.70005258918,5345.0
1786461930,200,POST,/integrations/v2/encounters/update,4.200000,4.200000,44000,54000,55000,55000,55000,55000,56000,56000,56000,56000,56000,493,493,40000,39291.44187576872,1590.836769901216,69294.70005258918,5345.0
1786461930,200,,Aggregated,4.200000,4.200000,44000,54000,55000,55000,55000,55000,56000,56000,56000,56000,56000,493,493,40000,39291.44187576872,1590.836769901216,69294.70005258918,5345.0
1786461931,200,POST,/integrations/v2/encounters/update,4.000000,4.000000,44000,54000,55000,55000,55000,56000,56000,56000,56000,56000,56000,496,496,40000,39387.36857571865,1590.836769901216,69294.70005258918,5345.0
1786461931,200,,Aggregated,4.000000,4.000000,44000,54000,55000,55000,55000,56000,56000,56000,56000,56000,56000,496,496,40000,39387.36857571865,1590.836769901216,69294.70005258918,5345.0
1786461932,200,POST,/integrations/v2/encounters/update,4.000000,4.000000,44000,54000,55000,55000,55000,56000,56000,56000,56000,56000,56000,503,503,40000,39509.30605120735,1590.836769901216,69294.70005258918,5345.0
1786461932,200,,Aggregated,4.000000,4.000000,44000,54000,55000,55000,55000,56000,56000,56000,56000,56000,56000,503,503,40000,39509.30605120735,1590.836769901216,69294.70005258918,5345.0
1786461933,200,POST,/integrations/v2/encounters/update,4.300000,4.300000,44000,54000,55000,55000,55000,56000,56000,56000,56000,56000,56000,507,507,40000,39561.79552804679,1590.836769901216,69294.70005258918,5345.0
1786461933,200,,Aggregated,4.300000,4.300000,44000,54000,55000,55000,55000,56000,56000,56000,56000,56000,56000,507,507,40000,39561.79552804679,1590.836769901216,69294.70005258918,5345.0
1786461934,200,POST,/integrations/v2/encounters/update,4.000000,4.000000,44000,53000,54000,55000,55000,56000,56000,56000,56000,56000,56000,512,512,40000,39649.374822163736,1590.836769901216,69294.70005258918,5345.0
1786461934,200,,Aggregated,4.000000,4.000000,44000,53000,54000,55000,55000,56000,56000,56000,56000,56000,56000,512,512,40000,39649.374822163736,1590.836769901216,69294.70005258918,5345.0
1786461935,200,POST,/integrations/v2/encounters/update,4.100000,4.100000,44000,52000,54000,55000,55000,56000,56000,56000,56000,56000,56000,517,517,40000,39716.29964292943,1590.836769901216,69294.70005258918,5345.0
1786461935,200,,Aggregated,4.100000,4.100000,44000,52000,54000,55000,55000,56000,56000,56000,56000,56000,56000,517,517,40000,39716.29964292943,1590.836769901216,69294.70005258918,5345.0
1786461936,200,POST,/integrations/v2/encounters/update,4.300000,4.300000,44000,52000,54000,55000,55000,56000,56000,56000,56000,56000,56000,521,521,40000,39760.99476764326,1590.836769901216,69294.70005258918,5345.0
1786461936,200,,Aggregated,4.300000,4.300000,44000,52000,54000,55000,55000,56000,56000,56000,56000,56000,56000,521,521,40000,39760.99476764326,1590.836769901216,69294.70005258918,5345.0
1786461937,200,POST,/integrations/v2/encounters/update,4.600000,4.600000,44000,52000,54000,55000,55000,56000,56000,56000,56000,56000,56000,526,526,40000,39823.88669630059,1590.836769901216,69294.70005258918,5345.0
1786461937,200,,Aggregated,4.600000,4.600000,44000,52000,54000,55000,55000,56000,56000,56000,56000,56000,56000,526,526,40000,39823.88669630059,1590.836769901216,69294.70005258918,5345.0
1786461938,200,POST,/integrations/v2/encounters/update,4.600000,4.600000,44000,52000,53000,53000,55000,56000,56000,56000,56000,56000,56000,532,532,41000,39929.36082505376,1590.836769901216,69294.70005258918,5345.0
1786461938,200,,Aggregated,4.600000,4.600000,44000,52000,53000,53000,55000,56000,56000,56000,56000,56000,56000,532,532,41000,39929.36082505376,1590.836769901216,69294.70005258918,5345.0
1786461939,200,POST,/integrations/v2/encounters/update,4.600000,4.600000,50000,52000,53000,53000,55000,56000,56000,56000,56000,56000,56000,535,535,41000,39988.320301939675,1590.836769901216,69294.70005258918,5345.0
1786461939,200,,Aggregated,4.600000,4.600000,50000,52000,53000,53000,55000,56000,56000,56000,56000,56000,56000,535,535,41000,39988.320301939675,1590.836769901216,69294.70005258918,5345.0
1786461940,200,POST,/integrations/v2/encounters/update,4.700000,4.700000,50000,52000,52000,53000,53000,54000,55000,55000,55000,55000,55000,540,540,41000,40052.87736136018,1590.836769901216,69294.70005258918,5345.0
1786461940,200,,Aggregated,4.700000,4.700000,50000,52000,52000,53000,53000,54000,55000,55000,55000,55000,55000,540,540,41000,40052.87736136018,1590.836769901216,69294.70005258918,5345.0
1786461941,200,POST,/integrations/v2/encounters/update,4.900000,4.900000,49000,51000,52000,52000,53000,53000,54000,54000,54000,54000,54000,544,544,41000,40095.02309225226,1590.836769901216,69294.70005258918,5345.0
1786461941,200,,Aggregated,4.900000,4.900000,49000,51000,52000,52000,53000,53000,54000,54000,54000,54000,54000,544,544,41000,40095.02309225226,1590.836769901216,69294.70005258918,5345.0
1786461943,200,POST,/integrations/v2/encounters/update,4.800000,4.800000,50000,50000,52000,52000,53000,53000,53000,53000,53000,53000,53000,548,548,41000,40152.7097867003,1590.836769901216,69294.70005258918,5345.0
1786461943,200,,Aggregated,4.800000,4.800000,50000,50000,52000,52000,53000,53000,53000,53000,53000,53000,53000,548,548,41000,40152.7097867003,1590.836769901216,69294.70005258918,5345.0
1786461944,200,POST,/integrations/v2/encounters/update,4.700000,4.700000,49000,50000,51000,52000,53000,53000,53000,53000,53000,53000,53000,556,556,41000,40239.7978537324,1590.836769901216,69294.70005258918,5345.0
1786461944,200,,Aggregated,4.700000,4.700000,49000,50000,51000,52000,53000,53000,53000,53000,53000,53000,53000,556,556,41000,40239.7978537324,1590.836769901216,69294.70005258918,5345.0
1786461945,200,POST,/integrations/v2/encounters/update,4.500000,4.500000,49000,50000,50000,51000,53000,53000,53000,53000,53000,53000,53000,558,558,41000,40245.166762082714,1590.836769901216,69294.70005258918,5345.0
1786461945,200,,Aggregated,4.500000,4.500000,49000,50000,50000,51000,53000,53000,53000,53000,53000,53000,53000,558,558,41000,40245.166762082714,1590.836769901216,69294.70005258918,5345.0
1786461946,200,POST,/integrations/v2/encounters/update,4.700000,4.700000,50000,50000,51000,51000,53000,53000,53000,53000,53000,53000,53000,562,562,41000,40305.78922547128,1590.836769901216,69294.70005258918,5345.0
1786461946,200,,Aggregated,4.700000,4.700000,50000,50000,51000,51000,53000,53000,53000,53000,53000,53000,53000,562,562,41000,40305.78922547128,1590.836769901216,69294.70005258918,5345.0
1786461947,200,POST,/integrations/v2/encounters/update,4.300000,4.300000,50000,50000,51000,51000,52000,53000,53000,53000,53000,53000,53000,569,569,41000,40403.388392661414,1590.836769901216,69294.70005258918,5345.0
1786461947,200,,Aggregated,4.300000,4.300000,50000,50000,51000,51000,52000,53000,53000,53000,53000,53000,53000,569,569,41000,40403.388392661414,1590.836769901216,69294.70005258918,5345.0
1786461948,200,POST,/integrations/v2/encounters/update,4.300000,4.300000,50000,50000,50000,51000,51000,52000,52000,52000,52000,52000,52000,572,572,41000,40428.428940120044,1590.836769901216,69294.70005258918,5345.0
1786461948,200,,Aggregated,4.300000,4.300000,50000,50000,50000,51000,51000,52000,52000,52000,52000,52000,52000,572,572,41000,40428.428940120044,1590.836769901216,69294.70005258918,5345.0
1786461949,200,POST,/integrations/v2/encounters/update,4.600000,4.600000,49000,50000,50000,50000,51000,51000,52000,52000,52000,52000,52000,578,578,41000,40486.21344955309,1590.836769901216,69294.70005258918,5345.0
1786461949,200,,Aggregated,4.600000,4.600000,49000,50000,50000,50000,51000,51000,52000,52000,52000,52000,52000,578,578,41000,40486.21344955309,1590.836769901216,69294.70005258918,5345.0
1786461950,200,POST,/integrations/v2/encounters/update,4.300000,4.300000,50000,50000,50000,51000,51000,51000,52000,52000,52000,52000,52000,584,584,41000,40555.10611163312,1590.836769901216,69294.70005258918,5345.0
1786461950,200,,Aggregated,4.300000,4.300000,50000,50000,50000,51000,51000,51000,52000,52000,52000,52000,52000,584,584,41000,40555.10611163312,1590.836769901216,69294.70005258918,5345.0
1786461951,200,POST,/integrations/v2/encounters/update,4.300000,4.300000,50000,50000,50000,51000,51000,51000,52000,52000,52000,52000,52000,588,588,41000,40591.05539094296,1590.836769901216,69294.70005258918,5345.0
1786461951,200,,Aggregated,4.300000,4.300000,50000,50000,50000,51000,51000,51000,52000,52000,52000,52000,52000,588,588,41000,40591.05539094296,1590.836769901216,69294.70005258918,5345.0
1786461952,200,POST,/integrations/v2/encounters/update,4.700000,4.700000,49000,50000,50000,51000,51000,51000,52000,52000,52000,52000,52000,593,593,41000,40628.06667300478,1590.836769901216,69294.70005258918,5345.0
1786461952,200,,Aggregated,4.700000,4.700000,49000,50000,50000,51000,51000,51000,52000,52000,52000,52000,52000,593,593,41000,40628.06667300478,1590.836769901216,69294.70005258918,5345.0
1786461953,200,POST,/integrations/v2/encounters/update,4.600000,4.600000,49000,50000,50000,51000,51000,51000,52000,52000,52000,52000,52000,598,598,41000,40693.83668163978,1590.836769901216,69294.70005258918,5345.0
1786461953,200,,Aggregated,4.600000,4.600000,49000,50000,50000,51000,51000,51000,52000,52000,52000,52000,52000,598,598,41000,40693.83668163978,1590.836769901216,69294.70005258918,5345.0
1786461955,200,POST,/integrations/v2/encounters/update,4.500000,4.500000,49000,50000,50000,50000,51000,51000,52000,52000,52000,52000,52000,602,602,42000,40738.78268924452,1590.836769901216,69294.70005258918,5345.0
1786461955,200,,Aggregated,4.500000,4.500000,49000,50000,50000,50000,51000,51000,52000,52000,52000,52000,52000,602,602,42000,40738.78268924452,1590.836769901216,69294.70005258918,5345.0
1786461956,200,POST,/integrations/v2/encounters/update,4.400000,4.400000,49000,50000,50000,50000,50000,51000,51000,51000,51000,51000,51000,610,610,42000,40822.81225180772,1590.836769901216,69294.70005258918,5345.0
1786461956,200,,Aggregated,4.400000,4.400000,49000,50000,50000,50000,50000,51000,51000,51000,51000,51000,51000,610,610,42000,40822.81225180772,1590.836769901216,69294.70005258918,5345.0
1786461957,200,POST,/integrations/v2/encounters/update,4.600000,4.600000,48000,50000,50000,50000,50000,51000,51000,51000,51000,51000,51000,615,615,42000,40854.17881468084,1590.836769901216,69294.70005258918,5345.0
1786461957,200,,Aggregated,4.600000,4.600000,48000,50000,50000,50000,50000,51000,51000,51000,51000,51000,51000,615,615,42000,40854.17881468084,1590.836769901216,69294.70005258918,5345.0
1786461958,200,POST,/integrations/v2/encounters/update,4.900000,4.900000,48000,49000,50000,50000,50000,51000,51000,51000,51000,51000,51000,622,622,42000,40907.41266897158,1590.836769901216,69294.70005258918,5345.0
1786461958,200,,Aggregated,4.900000,4.900000,48000,49000,50000,50000,50000,51000,51000,51000,51000,51000,51000,622,622,42000,40907.41266897158,1590.836769901216,69294.70005258918,5345.0
1786461959,200,POST,/integrations/v2/encounters/update,4.900000,4.900000,48000,49000,49000,50000,50000,51000,51000,51000,51000,51000,51000,626,626,42000,40919.231601217136,1590.836769901216,69294.70005258918,5345.0
1786461959,200,,Aggregated,4.900000,4.900000,48000,49000,49000,50000,50000,51000,51000,51000,51000,51000,51000,626,626,42000,40919.231601217136,1590.836769901216,69294.70005258918,5345.0
1786461960,200,POST,/integrations/v2/encounters/update,4.900000,4.900000,48000,48000,49000,49000,50000,51000,51000,51000,51000,51000,51000,626,626,42000,40919.231601217136,1590.836769901216,69294.70005258918,5345.0
1786461960,200,,Aggregated,4.900000,4.900000,48000,48000,49000,49000,50000,51000,51000,51000,51000,51000,51000,626,626,42000,40919.231601217136,1590.836769901216,69294.70005258918,5345.0
1786461961,200,POST,/integrations/v2/encounters/update,5.100000,5.100000,48000,49000,49000,49000,50000,51000,51000,51000,51000,51000,51000,633,633,42000,40971.500743477714,1590.836769901216,69294.70005258918,5345.0
1786461961,200,,Aggregated,5.100000,5.100000,48000,49000,49000,49000,50000,51000,51000,51000,51000,51000,51000,633,633,42000,40971.500743477714,1590.836769901216,69294.70005258918,5345.0
1786461962,200,POST,/integrations/v2/encounters/update,5.100000,5.100000,48000,48000,49000,49000,49000,50000,51000,51000,51000,51000,51000,638,638,42000,40997.16609234259,1590.836769901216,69294.70005258918,5345.0
1786461962,200,,Aggregated,5.100000,5.100000,48000,48000,49000,49000,49000,50000,51000,51000,51000,51000,51000,638,638,42000,40997.16609234259,1590.836769901216,69294.70005258918,5345.0
1786461963,200,POST,/integrations/v2/encounters/update,4.600000,4.600000,47000,48000,48000,49000,49000,49000,50000,50000,50000,50000,50000,642,642,42000,41008.51705907539,1590.836769901216,69294.70005258918,5345.0
1786461963,200,,Aggregated,4.600000,4.600000,47000,48000,48000,49000,49000,49000,50000,50000,50000,50000,50000,642,642,42000,41008.51705907539,1590.836769901216,69294.70005258918,5345.0
1786461964,200,POST,/integrations/v2/encounters/update,4.900000,4.900000,47000,48000,48000,48000,49000,49000,50000,50000,50000,50000,50000,648,648,42000,41043.95517613739,1590.836769901216,69294.70005258918,5345.0
1786461964,200,,Aggregated,4.900000,4.900000,47000,48000,48000,48000,49000,49000,50000,50000,50000,50000,50000,648,648,42000,41043.95517613739,1590.836769901216,69294.70005258918,5345.0
1786461965,200,POST,/integrations/v2/encounters/update,4.600000,4.600000,43000,48000,48000,48000,48000,49000,50000,50000,50000,50000,50000,652,652,42000,41055.947393237504,1590.836769901216,69294.70005258918,5345.0
1786461965,200,,Aggregated,4.600000,4.600000,43000,48000,48000,48000,48000,49000,50000,50000,50000,50000,50000,652,652,42000,41055.947393237504,1590.836769901216,69294.70005258918,5345.0
1786461967,200,POST,/integrations/v2/encounters/update,4.600000,4.600000,43000,47000,48000,48000,49000,49000,50000,50000,50000,50000,50000,655,655,42000,41065.86740762849,1590.836769901216,69294.70005258918,5345.0
1786461967,200,,Aggregated,4.600000,4.600000,43000,47000,48000,48000,49000,49000,50000,50000,50000,50000,50000,655,655,42000,41065.86740762849,1590.836769901216,69294.70005258918,5345.0
1786461968,200,POST,/integrations/v2/encounters/update,4.700000,4.700000,42000,47000,48000,48000,48000,49000,50000,50000,50000,50000,50000,662,662,42000,41095.40834693024,1590.836769901216,69294.70005258918,5345.0
1786461968,200,,Aggregated,4.700000,4.700000,42000,47000,48000,48000,48000,49000,50000,50000,50000,50000,50000,662,662,42000,41095.40834693024,1590.836769901216,69294.70005258918,5345.0
1786461969,200,POST,/integrations/v2/encounters/update,4.500000,4.500000,42000,48000,48000,48000,48000,49000,50000,50000,50000,50000,50000,667,667,42000,41115.99016065445,1590.836769901216,69294.70005258918,5345.0
1786461969,200,,Aggregated,4.500000,4.500000,42000,48000,48000,48000,48000,49000,50000,50000,50000,50000,50000,667,667,42000,41115.99016065445,1590.836769901216,69294.70005258918,5345.0
1786461970,200,POST,/integrations/v2/encounters/update,4.200000,4.200000,42000,47000,48000,48000,48000,48000,49000,49000,49000,49000,49000,672,672,42000,41121.80086280291,1590.836769901216,69294.70005258918,5345.0
1786461970,200,,Aggregated,4.200000,4.200000,42000,47000,48000,48000,48000,48000,49000,49000,49000,49000,49000,672,672,42000,41121.80086280291,1590.836769901216,69294.70005258918,5345.0
1786461971,200,POST,/integrations/v2/encounters/update,4.100000,4.100000,42000,48000,48000,48000,48000,49000,49000,49000,49000,49000,49000,676,676,42000,41154.851731545285,1590.836769901216,69294.70005258918,5345.0
1786461971,200,,Aggregated,4.100000,4.100000,42000,48000,48000,48000,48000,49000,49000,49000,49000,49000,49000,676,676,42000,41154.851731545285,1590.836769901216,69294.70005258918,5345.0
1786461972,200,POST,/integrations/v2/encounters/update,4.100000,4.100000,42000,48000,48000,48000,49000,49000,49000,49000,49000,49000,49000,680,680,42000,41174.70635271439,1590.836769901216,69294.70005258918,5345.0
1786461972,200,,Aggregated,4.100000,4.100000,42000,48000,48000,48000,49000,49000,49000,49000,49000,49000,49000,680,680,42000,41174.70635271439,1590.836769901216,69294.70005258918,5345.0
1786461973,200,POST,/integrations/v2/encounters/update,4.600000,4.600000,41000,48000,48000,48000,49000,49000,49000,49000,49000,49000,49000,684,684,42000,41169.37438887544,1590.836769901216,69294.70005258918,5345.0
1786461973,200,,Aggregated,4.600000,4.600000,41000,48000,48000,48000,49000,49000,49000,49000,49000,49000,49000,684,684,42000,41169.37438887544,1590.836769901216,69294.70005258918,5345.0
1786461974,200,POST,/integrations/v2/encounters/update,4.200000,4.200000,41000,48000,48000,48000,48000,49000,49000,49000,49000,49000,49000,691,691,42000,41194.75048760494,1590.836769901216,69294.70005258918,5345.0
1786461974,200,,Aggregated,4.200000,4.200000,41000,48000,48000,48000,48000,49000,49000,49000,49000,49000,49000,691,691,42000,41194.75048760494,1590.836769901216,69294.70005258918,5345.0
1786461975,200,POST,/integrations/v2/encounters/update,4.300000,4.300000,41000,48000,48000,48000,48000,49000,49000,49000,49000,49000,49000,695,695,42000,41220.15420237569,1590.836769901216,69294.70005258918,5345.0
1786461975,200,,Aggregated,4.300000,4.300000,41000,48000,48000,48000,48000,49000,49000,49000,49000,49000,49000,695,695,42000,41220.15420237569,1590.836769901216,69294.70005258918,5345.0
1786461976,200,POST,/integrations/v2/encounters/update,4.300000,4.300000,41000,48000,48000,48000,48000,49000,49000,49000,49000,49000,49000,699,699,42000,41236.24550646573,1590.836769901216,69294.70005258918,5345.0
1786461976,200,,Aggregated,4.300000,4.300000,41000,48000,48000,48000,48000,49000,49000,49000,49000,49000,49000,699,699,42000,41236.24550646573,1590.836769901216,69294.70005258918,5345.0
1786461977,200,POST,/integrations/v2/encounters/update,4.500000,4.500000,41000,47000,48000,48000,48000,49000,49000,49000,49000,49000,49000,704,704,42000,41231.04132951465,1590.836769901216,69294.70005258918,5345.0
1786461977,200,,Aggregated,4.500000,4.500000,41000,47000,48000,48000,48000,49000,49000,49000,49000,49000,49000,704,704,42000,41231.04132951465,1590.836769901216,69294.70005258918,5345.0
1786461978,200,POST,/integrations/v2/encounters/update,4.500000,4.500000,41000,47000,47000,48000,48000,49000,49000,49000,49000,49000,49000,709,709,42000,41251.73709805456,1590.836769901216,69294.70005258918,5345.0
1786461978,200,,Aggregated,4.500000,4.500000,41000,47000,47000,48000,48000,49000,49000,49000,49000,49000,49000,709,709,42000,41251.73709805456,1590.836769901216,69294.70005258918,5345.0
1786461979,200,POST,/integrations/v2/encounters/update,4.500000,4.500000,41000,47000,47000,48000,49000,49000,49000,49000,49000,49000,49000,710,710,42000,41249.62804362073,1590.836769901216,69294.70005258918,5345.0
1786461979,200,,Aggregated,4.500000,4.500000,41000,47000,47000,48000,49000,49000,49000,49000,49000,49000,49000,710,710,42000,41249.62804362073,1590.836769901216,69294.70005258918,5345.0
1786461980,200,POST,/integrations/v2/encounters/update,4.700000,4.700000,41000,47000,48000,48000,48000,49000,49000,49000,49000,49000,49000,718,718,42000,41279.83509710261,1590.836769901216,69294.70005258918,5345.0
1786461980,200,,Aggregated,4.700000,4.700000,41000,47000,48000,48000,48000,49000,49000,49000,49000,49000,49000,718,718,42000,41279.83509710261,1590.836769901216,69294.70005258918,5345.0
1786461981,200,POST,/integrations/v2/encounters/update,4.300000,4.300000,41000,47000,47000,47000,48000,48000,49000,49000,49000,49000,49000,724,724,42000,41285.63673644795,1590.836769901216,69294.70005258918,5345.0
1786461981,200,,Aggregated,4.300000,4.300000,41000,47000,47000,47000,48000,48000,49000,49000,49000,49000,49000,724,724,42000,41285.63673644795,1590.836769901216,69294.70005258918,5345.0
1786461982,200,POST,/integrations/v2/encounters/update,4.500000,4.500000,41000,47000,47000,47000,48000,48000,49000,49000,49000,49000,49000,730,730,42000,41311.87399453802,1590.836769901216,69294.70005258918,5345.0
1786461982,200,,Aggregated,4.500000,4.500000,41000,47000,47000,47000,48000,48000,49000,49000,49000,49000,49000,730,730,42000,41311.87399453802,1590.836769901216,69294.70005258918,5345.0
1786461983,200,POST,/integrations/v2/encounters/update,4.600000,4.600000,41000,47000,47000,47000,48000,48000,49000,49000,49000,49000,49000,734,734,42000,41318.2981424224,1590.836769901216,69294.70005258918,5345.0
1786461983,200,,Aggregated,4.600000,4.600000,41000,47000,47000,47000,48000,48000,49000,49000,49000,49000,49000,734,734,42000,41318.2981424224,1590.836769901216,69294.70005258918,5345.0
1786461984,200,POST,/integrations/v2/encounters/update,4.700000,4.700000,41000,47000,47000,47000,48000,48000,49000,49000,49000,49000,49000,735,735,42000,41327.34164157566,1590.836769901216,69294.70005258918,5345.0
1786461984,200,,Aggregated,4.700000,4.700000,41000,47000,47000,47000,48000,48000,49000,49000,49000,49000,49000,735,735,42000,41327.34164157566,1590.836769901216,69294.70005258918,5345.0
1786461985,200,POST,/integrations/v2/encounters/update,4.900000,4.900000,41000,47000,47000,47000,48000,49000,49000,49000,49000,49000,49000,739,739,42000,41324.82768001138,1590.836769901216,69294.70005258918,5345.0
1786461985,200,,Aggregated,4.900000,4.900000,41000,47000,47000,47000,48000,49000,49000,49000,49000,49000,49000,739,739,42000,41324.82768001138,1590.836769901216,69294.70005258918,5345.0
1786461986,200,POST,/integrations/v2/encounters/update,4.400000,4.400000,40000,47000,47000,48000,48000,49000,49000,49000,49000,49000,49000,743,743,42000,41333.42910470995,1590.836769901216,69294.70005258918,5345.0
1786461986,200,,Aggregated,4.400000,4.400000,40000,47000,47000,48000,48000,49000,49000,49000,49000,49000,49000,743,743,42000,41333.42910470995,1590.836769901216,69294.70005258918,5345.0
1786461987,200,POST,/integrations/v2/encounters/update,4.300000,4.300000,47000,47000,48000,48000,48000,49000,49000,49000,49000,49000,49000,747,747,42000,41357.15039949266,1590.836769901216,69294.70005258918,5345.0
1786461987,200,,Aggregated,4.300000,4.300000,47000,47000,48000,48000,48000,49000,49000,49000,49000,49000,49000,747,747,42000,41357.15039949266,1590.836769901216,69294.70005258918,5345.0
1786461988,200,POST,/integrations/v2/encounters/update,4.200000,4.200000,47000,47000,48000,48000,48000,49000,49000,49000,49000,49000,49000,750,750,42000,41359.50723424057,1590.836769901216,69294.70005258918,5345.0
1786461988,200,,Aggregated,4.200000,4.200000,47000,47000,48000,48000,48000,49000,49000,49000,49000,49000,49000,750,750,42000,41359.50723424057,1590.836769901216,69294.70005258918,5345.0
1786461989,200,POST,/integrations/v2/encounters/update,4.100000,4.100000,47000,48000,48000,48000,49000,49000,49000,49000,49000,49000,49000,755,755,42000,41395.64626374165,1590.836769901216,69294.70005258918,5345.0
1786461989,200,,Aggregated,4.100000,4.100000,47000,48000,48000,48000,49000,49000,49000,49000,49000,49000,49000,755,755,42000,41395.64626374165,1590.836769901216,69294.70005258918,5345.0
1786461990,200,POST,/integrations/v2/encounters/update,3.900000,3.900000,47000,48000,48000,48000,49000,49000,49000,49000,49000,49000,49000,763,763,42000,41439.96981156167,1590.836769901216,69294.70005258918,5345.0
1786461990,200,,Aggregated,3.900000,3.900000,47000,48000,48000,48000,49000,49000,49000,49000,49000,49000,49000,763,763,42000,41439.96981156167,1590.836769901216,69294.70005258918,5345.0
1786461991,200,POST,/integrations/v2/encounters/update,4.200000,4.200000,47000,48000,48000,48000,49000,49000,49000,49000,49000,49000,49000,766,766,42000,41444.4589002481,1590.836769901216,69294.70005258918,5345.0
1786461991,200,,Aggregated,4.200000,4.200000,47000,48000,48000,48000,49000,49000,49000,49000,49000,49000,49000,766,766,42000,41444.4589002481,1590.836769901216,69294.70005258918,5345.0
1786461992,200,POST,/integrations/v2/encounters/update,4.100000,4.100000,41000,48000,48000,48000,49000,49000,49000,49000,49000,49000,49000,772,772,42000,41427.7833392349,1590.836769901216,69294.70005258918,5345.0
1786461992,200,,Aggregated,4.100000,4.100000,41000,48000,48000,48000,49000,49000,49000,49000,49000,49000,49000,772,772,42000,41427.7833392349,1590.836769901216,69294.70005258918,5345.0
1786461994,200,POST,/integrations/v2/encounters/update,4.300000,4.300000,47000,48000,48000,49000,49000,49000,50000,50000,50000,50000,50000,778,778,42000,41459.88596925167,1590.836769901216,69294.70005258918,5345.0
1786461994,200,,Aggregated,4.300000,4.300000,47000,48000,48000,49000,49000,49000,50000,50000,50000,50000,50000,778,778,42000,41459.88596925167,1590.836769901216,69294.70005258918,5345.0
1786461995,200,POST,/integrations/v2/encounters/update,3.900000,3.900000,48000,48000,48000,49000,49000,49000,50000,50000,50000,50000,50000,784,784,42000,41498.82390326345,1590.836769901216,69294.70005258918,5345.0
1786461995,200,,Aggregated,3.900000,3.900000,48000,48000,48000,49000,49000,49000,50000,50000,50000,50000,50000,784,784,42000,41498.82390326345,1590.836769901216,69294.70005258918,5345.0
1786461996,200,POST,/integrations/v2/encounters/update,3.900000,3.900000,48000,48000,48000,49000,49000,49000,50000,50000,50000,50000,50000,789,789,42000,41518.8271590793,1590.836769901216,69294.70005258918,5345.0
1786461996,200,,Aggregated,3.900000,3.900000,48000,48000,48000,49000,49000,49000,50000,50000,50000,50000,50000,789,789,42000,41518.8271590793,1590.836769901216,69294.70005258918,5345.0
1786461997,200,POST,/integrations/v2/encounters/update,4.600000,4.600000,48000,48000,48000,48000,49000,49000,50000,50000,50000,50000,50000,793,793,42000,41540.82937142254,1590.836769901216,69294.70005258918,5345.0
1786461997,200,,Aggregated,4.600000,4.600000,48000,48000,48000,48000,49000,49000,50000,50000,50000,50000,50000,793,793,42000,41540.82937142254,1590.836769901216,69294.70005258918,5345.0
1786461998,200,POST,/integrations/v2/encounters/update,4.800000,4.800000,48000,48000,48000,48000,49000,49000,50000,50000,50000,50000,50000,798,798,42000,41539.60901266664,1590.836769901216,69294.70005258918,5345.0
1786461998,200,,Aggregated,4.800000,4.800000,48000,48000,48000,48000,49000,49000,50000,50000,50000,50000,50000,798,798,42000,41539.60901266664,1590.836769901216,69294.70005258918,5345.0
1786461999,200,POST,/integrations/v2/encounters/update,4.800000,4.800000,41000,48000,48000,48000,49000,49000,50000,50000,50000,50000,50000,803,803,42000,41537.05608401828,1590.836769901216,69294.70005258918,5345.0
1786461999,200,,Aggregated,4.800000,4.800000,41000,48000,48000,48000,49000,49000,50000,50000,50000,50000,50000,803,803,42000,41537.05608401828,1590.836769901216,69294.70005258918,5345.0
1786462000,200,POST,/integrations/v2/encounters/update,4.900000,4.900000,48000,48000,48000,49000,49000,50000,50000,50000,50000,50000,50000,808,808,42000,41572.51156550731,1590.836769901216,69294.70005258918,5345.0
1786462000,200,,Aggregated,4.900000,4.900000,48000,48000,48000,49000,49000,50000,50000,50000,50000,50000,50000,808,808,42000,41572.51156550731,1590.836769901216,69294.70005258918,5345.0
1786462001,200,POST,/integrations/v2/encounters/update,5.100000,5.100000,48000,48000,49000,49000,49000,50000,50000,50000,50000,50000,50000,813,813,42000,41579.90209790128,1590.836769901216,69294.70005258918,5345.0
1786462001,200,,Aggregated,5.100000,5.100000,48000,48000,49000,49000,49000,50000,50000,50000,50000,50000,50000,813,813,42000,41579.90209790128,1590.836769901216,69294.70005258918,5345.0
1786462002,200,POST,/integrations/v2/encounters/update,4.800000,4.800000,48000,48000,49000,49000,49000,50000,50000,50000,50000,50000,50000,818,818,42000,41610.60642813558,1590.836769901216,69294.70005258918,5345.0
1786462002,200,,Aggregated,4.800000,4.800000,48000,48000,49000,49000,49000,50000,50000,50000,50000,50000,50000,818,818,42000,41610.60642813558,1590.836769901216,69294.70005258918,5345.0
1786462003,200,POST,/integrations/v2/encounters/update,4.800000,4.800000,48000,48000,48000,49000,49000,49000,50000,50000,50000,50000,50000,823,823,42000,41626.58054869224,1590.836769901216,69294.70005258918,5345.0
1786462003,200,,Aggregated,4.800000,4.800000,48000,48000,48000,49000,49000,49000,50000,50000,50000,50000,50000,823,823,42000,41626.58054869224,1590.836769901216,69294.70005258918,5345.0
1786462004,200,POST,/integrations/v2/encounters/update,4.800000,4.800000,47000,48000,48000,48000,49000,49000,50000,50000,50000,50000,50000,829,829,42000,41641.0889886814,1590.836769901216,69294.70005258918,5345.0
1786462004,200,,Aggregated,4.800000,4.800000,47000,48000,48000,48000,49000,49000,50000,50000,50000,50000,50000,829,829,42000,41641.0889886814,1590.836769901216,69294.70005258918,5345.0
1786462005,200,POST,/integrations/v2/encounters/update,4.800000,4.800000,47000,48000,48000,48000,49000,49000,50000,50000,50000,50000,50000,835,835,42000,41664.840637280155,1590.836769901216,69294.70005258918,5345.0
1786462005,200,,Aggregated,4.800000,4.800000,47000,48000,48000,48000,49000,49000,50000,50000,50000,50000,50000,835,835,42000,41664.840637280155,1590.836769901216,69294.70005258918,5345.0
1786462006,200,POST,/integrations/v2/encounters/update,4.800000,4.800000,47000,48000,48000,48000,49000,49000,50000,50000,50000,50000,50000,838,838,42000,41667.29736311566,1590.836769901216,69294.70005258918,5345.0
1786462006,200,,Aggregated,4.800000,4.800000,47000,48000,48000,48000,49000,49000,50000,50000,50000,50000,50000,838,838,42000,41667.29736311566,1590.836769901216,69294.70005258918,5345.0
1786462007,200,POST,/integrations/v2/encounters/update,5.000000,5.000000,47000,48000,48000,48000,49000,49000,50000,50000,50000,50000,50000,843,843,42000,41676.32212651582,1590.836769901216,69294.70005258918,5345.0
1786462007,200,,Aggregated,5.000000,5.000000,47000,48000,48000,48000,49000,49000,50000,50000,50000,50000,50000,843,843,42000,41676.32212651582,1590.836769901216,69294.70005258918,5345.0
1786462008,200,POST,/integrations/v2/encounters/update,4.900000,4.900000,47000,48000,48000,48000,49000,49000,50000,50000,50000,50000,50000,849,849,42000,41668.64008931235,1590.836769901216,69294.70005258918,5345.0
1786462008,200,,Aggregated,4.900000,4.900000,47000,48000,48000,48000,49000,49000,50000,50000,50000,50000,50000,849,849,42000,41668.64008931235,1590.836769901216,69294.70005258918,5345.0
1786462009,200,POST,/integrations/v2/encounters/update,5.000000,5.000000,40000,48000,48000,48000,49000,49000,49000,49000,49000,49000,49000,856,856,42000,41665.82292367304,1590.836769901216,69294.70005258918,5345.0
1786462009,200,,Aggregated,5.000000,5.000000,40000,48000,48000,48000,49000,49000,49000,49000,49000,49000,49000,856,856,42000,41665.82292367304,1590.836769901216,69294.70005258918,5345.0
1786462010,200,POST,/integrations/v2/encounters/update,5.100000,5.100000,47000,48000,48000,48000,48000,49000,49000,49000,49000,49000,49000,861,861,42000,41692.23824619996,1590.836769901216,69294.70005258918,5345.0
1786462010,200,,Aggregated,5.100000,5.100000,47000,48000,48000,48000,48000,49000,49000,49000,49000,49000,49000,861,861,42000,41692.23824619996,1590.836769901216,69294.70005258918,5345.0
1786462011,200,POST,/integrations/v2/encounters/update,5.100000,5.100000,40000,48000,48000,48000,48000,48000,49000,49000,49000,49000,49000,866,866,42000,41707.320905032444,1590.836769901216,69294.70005258918,5345.0
1786462011,200,,Aggregated,5.100000,5.100000,40000,48000,48000,48000,48000,48000,49000,49000,49000,49000,49000,866,866,42000,41707.320905032444,1590.836769901216,69294.70005258918,5345.0
1786462012,200,POST,/integrations/v2/encounters/update,5.200000,5.200000,47000,48000,48000,48000,48000,48000,49000,49000,49000,49000,49000,870,870,42000,41724.555035403275,1590.836769901216,69294.70005258918,5345.0
1786462012,200,,Aggregated,5.200000,5.200000,47000,48000,48000,48000,48000,48000,49000,49000,49000,49000,49000,870,870,42000,41724.555035403275,1590.836769901216,69294.70005258918,5345.0
1786462014,200,POST,/integrations/v2/encounters/update,5.300000,5.300000,40000,47000,48000,48000,48000,48000,49000,49000,49000,49000,49000,875,875,42000,41725.30607818493,1590.836769901216,69294.70005258918,5345.0
1786462014,200,,Aggregated,5.300000,5.300000,40000,47000,48000,48000,48000,48000,49000,49000,49000,49000,49000,875,875,42000,41725.30607818493,1590.836769901216,69294.70005258918,5345.0
1786462015,200,POST,/integrations/v2/encounters/update,5.300000,5.300000,40000,47000,48000,48000,48000,48000,49000,49000,49000,49000,49000,883,883,42000,41734.14531740806,1590.836769901216,69294.70005258918,5345.0
1786462015,200,,Aggregated,5.300000,5.300000,40000,47000,48000,48000,48000,48000,49000,49000,49000,49000,49000,883,883,42000,41734.14531740806,1590.836769901216,69294.70005258918,5345.0
1786462016,200,POST,/integrations/v2/encounters/update,4.800000,4.800000,40000,47000,48000,48000,48000,48000,49000,49000,49000,49000,49000,888,888,42000,41726.55274841708,1590.836769901216,69294.70005258918,5345.0
1786462016,200,,Aggregated,4.800000,4.800000,40000,47000,48000,48000,48000,48000,49000,49000,49000,49000,49000,888,888,42000,41726.55274841708,1590.836769901216,69294.70005258918,5345.0
1786462017,200,POST,/integrations/v2/encounters/update,4.900000,4.900000,40000,46000,47000,48000,48000,48000,49000,49000,49000,49000,49000,893,893,42000,41728.271748814295,1590.836769901216,69294.70005258918,5345.0
1786462017,200,,Aggregated,4.900000,4.900000,40000,46000,47000,48000,48000,48000,49000,49000,49000,49000,49000,893,893,42000,41728.271748814295,1590.836769901216,69294.70005258918,5345.0
1786462018,200,POST,/integrations/v2/encounters/update,4.900000,4.900000,46000,46000,47000,48000,48000,48000,49000,49000,49000,49000,49000,895,895,42000,41728.94617434196,1590.836769901216,69294.70005258918,5345.0
1786462018,200,,Aggregated,4.900000,4.900000,46000,46000,47000,48000,48000,48000,49000,49000,49000,49000,49000,895,895,42000,41728.94617434196,1590.836769901216,69294.70005258918,5345.0
1786462019,200,POST,/integrations/v2/encounters/update,4.900000,4.900000,40000,46000,47000,47000,48000,48000,49000,49000,49000,49000,49000,897,897,42000,41732.17125634435,1590.836769901216,69294.70005258918,5345.0
1786462019,200,,Aggregated,4.900000,4.900000,40000,46000,47000,47000,48000,48000,49000,49000,49000,49000,49000,897,897,42000,41732.17125634435,1590.836769901216,69294.70005258918,5345.0
1786462020,200,POST,/integrations/v2/encounters/update,4.700000,4.700000,40000,46000,46000,47000,47000,48000,48000,48000,48000,48000,48000,902,902,42000,41737.10297939456,1590.836769901216,69294.70005258918,5345.0
1786462020,200,,Aggregated,4.700000,4.700000,40000,46000,46000,47000,47000,48000,48000,48000,48000,48000,48000,902,902,42000,41737.10297939456,1590.836769901216,69294.70005258918,5345.0
1786462021,200,POST,/integrations/v2/encounters/update,4.300000,4.300000,40000,46000,46000,47000,47000,48000,48000,48000,48000,48000,48000,907,907,42000,41741.83690504098,1590.836769901216,69294.70005258918,5345.0
1786462021,200,,Aggregated,4.300000,4.300000,40000,46000,46000,47000,47000,48000,48000,48000,48000,48000,48000,907,907,42000,41741.83690504098,1590.836769901216,69294.70005258918,5345.0
1786462022,200,POST,/integrations/v2/encounters/update,4.200000,4.200000,40000,46000,46000,46000,47000,47000,48000,48000,48000,48000,48000,911,911,42000,41741.880549702684,1590.836769901216,69294.70005258918,5345.0
1786462022,200,,Aggregated,4.200000,4.200000,40000,46000,46000,46000,47000,47000,48000,48000,48000,48000,48000,911,911,42000,41741.880549702684,1590.836769901216,69294.70005258918,5345.0
1786462023,200,POST,/integrations/v2/encounters/update,4.000000,4.000000,40000,46000,46000,47000,47000,48000,49000,49000,49000,49000,49000,917,917,42000,41756.69998678327,1590.836769901216,69294.70005258918,5345.0
1786462023,200,,Aggregated,4.000000,4.000000,40000,46000,46000,47000,47000,48000,49000,49000,49000,49000,49000,917,917,42000,41756.69998678327,1590.836769901216,69294.70005258918,5345.0
1786462024,200,POST,/integrations/v2/encounters/update,4.200000,4.200000,40000,46000,47000,47000,48000,48000,49000,49000,49000,49000,49000,921,921,42000,41771.88051410169,1590.836769901216,69294.70005258918,5345.0
1786462024,200,,Aggregated,4.200000,4.200000,40000,46000,47000,47000,48000,48000,49000,49000,49000,49000,49000,921,921,42000,41771.88051410169,1590.836769901216,69294.70005258918,5345.0
1786462025,200,POST,/integrations/v2/encounters/update,4.200000,4.200000,40000,46000,47000,47000,48000,48000,49000,49000,49000,49000,49000,926,926,42000,41774.60542770171,1590.836769901216,69294.70005258918,5345.0
1786462025,200,,Aggregated,4.200000,4.200000,40000,46000,47000,47000,48000,48000,49000,49000,49000,49000,49000,926,926,42000,41774.60542770171,1590.836769901216,69294.70005258918,5345.0
1786462026,200,POST,/integrations/v2/encounters/update,4.200000,4.200000,40000,47000,47000,47000,48000,48000,49000,49000,49000,49000,49000,927,927,42000,41780.9260549293,1590.836769901216,69294.70005258918,5345.0
1786462026,200,,Aggregated,4.200000,4.200000,40000,47000,47000,47000,48000,48000,49000,49000,49000,49000,49000,927,927,42000,41780.9260549293,1590.836769901216,69294.70005258918,5345.0
1786462028,200,POST,/integrations/v2/encounters/update,4.100000,4.100000,40000,47000,47000,47000,48000,48000,49000,49000,49000,49000,49000,933,933,42000,41775.255901431556,1590.836769901216,69294.70005258918,5345.0
1786462028,200,,Aggregated,4.100000,4.100000,40000,47000,47000,47000,48000,48000,49000,49000,49000,49000,49000,933,933,42000,41775.255901431556,1590.836769901216,69294.70005258918,5345.0
1786462029,200,POST,/integrations/v2/encounters/update,3.800000,3.800000,40000,47000,47000,48000,48000,48000,49000,49000,49000,49000,49000,938,938,42000,41787.48838473231,1590.836769901216,69294.70005258918,5345.0
1786462029,200,,Aggregated,3.800000,3.800000,40000,47000,47000,48000,48000,48000,49000,49000,49000,49000,49000,938,938,42000,41787.48838473231,1590.836769901216,69294.70005258918,5345.0
1786462030,200,POST,/integrations/v2/encounters/update,3.800000,3.800000,40000,47000,48000,48000,48000,48000,49000,49000,49000,49000,49000,940,940,42000,41789.913710528745,1590.836769901216,69294.70005258918,5345.0
1786462030,200,,Aggregated,3.800000,3.800000,40000,47000,48000,48000,48000,48000,49000,49000,49000,49000,49000,940,940,42000,41789.913710528745,1590.836769901216,69294.70005258918,5345.0
1786462031,200,POST,/integrations/v2/encounters/update,4.000000,4.000000,47000,47000,48000,48000,48000,49000,49000,49000,49000,49000,49000,944,944,42000,41797.50819160145,1590.836769901216,69294.70005258918,5345.0
1786462031,200,,Aggregated,4.000000,4.000000,47000,47000,48000,48000,48000,49000,49000,49000,49000,49000,49000,944,944,42000,41797.50819160145,1590.836769901216,69294.70005258918,5345.0
1786462032,200,POST,/integrations/v2/encounters/update,4.000000,4.000000,47000,47000,48000,48000,49000,49000,49000,49000,49000,49000,49000,950,950,42000,41819.303454346955,1590.836769901216,69294.70005258918,5345.0
1786462032,200,,Aggregated,4.000000,4.000000,47000,47000,48000,48000,49000,49000,49000,49000,49000,49000,49000,950,950,42000,41819.303454346955,1590.836769901216,69294.70005258918,5345.0
1786462033,200,POST,/integrations/v2/encounters/update,3.800000,3.800000,47000,47000,48000,48000,49000,49000,49000,49000,49000,49000,49000,954,954,42000,41826.24188057329,1590.836769901216,69294.70005258918,5345.0
1786462033,200,,Aggregated,3.800000,3.800000,47000,47000,48000,48000,49000,49000,49000,49000,49000,49000,49000,954,954,42000,41826.24188057329,1590.836769901216,69294.70005258918,5345.0
1786462034,200,POST,/integrations/v2/encounters/update,3.800000,3.800000,47000,47000,48000,48000,49000,49000,49000,49000,49000,49000,49000,959,959,42000,41830.39259346643,1590.836769901216,69294.70005258918,5345.0
1786462034,200,,Aggregated,3.800000,3.800000,47000,47000,48000,48000,49000,49000,49000,49000,49000,49000,49000,959,959,42000,41830.39259346643,1590.836769901216,69294.70005258918,5345.0
1786462035,200,POST,/integrations/v2/encounters/update,3.800000,3.800000,47000,47000,48000,48000,49000,49000,49000,49000,49000,49000,49000,966,966,42000,41844.10752133152,1590.836769901216,69294.70005258918,5345.0
1786462035,200,,Aggregated,3.800000,3.800000,47000,47000,48000,48000,49000,49000,49000,49000,49000,49000,49000,966,966,42000,41844.10752133152,1590.836769901216,69294.70005258918,5345.0
1786462036,200,POST,/integrations/v2/encounters/update,3.800000,3.800000,47000,47000,48000,48000,49000,49000,49000,49000,49000,49000,49000,969,969,42000,41850.609532142225,1590.836769901216,69294.70005258918,5345.0
1786462036,200,,Aggregated,3.800000,3.800000,47000,47000,48000,48000,49000,49000,49000,49000,49000,49000,49000,969,969,42000,41850.609532142225,1590.836769901216,69294.70005258918,5345.0
1786462037,200,POST,/integrations/v2/encounters/update,4.100000,4.100000,47000,47000,48000,48000,48000,49000,49000,49000,49000,49000,49000,974,974,42000,41861.211653114195,1590.836769901216,69294.70005258918,5345.0
1786462037,200,,Aggregated,4.100000,4.100000,47000,47000,48000,48000,48000,49000,49000,49000,49000,49000,49000,974,974,42000,41861.211653114195,1590.836769901216,69294.70005258918,5345.0
1786462038,200,POST,/integrations/v2/encounters/update,4.100000,4.100000,47000,47000,47000,47000,48000,49000,49000,49000,49000,49000,49000,979,979,42000,41872.33066468369,1590.836769901216,69294.70005258918,5345.0
1786462038,200,,Aggregated,4.100000,4.100000,47000,47000,47000,47000,48000,49000,49000,49000,49000,49000,49000,979,979,42000,41872.33066468369,1590.836769901216,69294.70005258918,5345.0
1786462039,200,POST,/integrations/v2/encounters/update,4.200000,4.200000,47000,47000,47000,48000,48000,49000,49000,49000,49000,49000,49000,981,981,42000,41885.67349129279,1590.836769901216,69294.70005258918,5345.0
1786462039,200,,Aggregated,4.200000,4.200000,47000,47000,47000,48000,48000,49000,49000,49000,49000,49000,49000,981,981,42000,41885.67349129279,1590.836769901216,69294.70005258918,5345.0
1786462040,200,POST,/integrations/v2/encounters/update,4.200000,4.200000,47000,47000,47000,48000,48000,49000,49000,49000,49000,49000,49000,985,985,42000,41894.27831935399,1590.836769901216,69294.70005258918,5345.0
1786462040,200,,Aggregated,4.200000,4.200000,47000,47000,47000,48000,48000,49000,49000,49000,49000,49000,49000,985,985,42000,41894.27831935399,1590.836769901216,69294.70005258918,5345.0
1786462041,200,POST,/integrations/v2/encounters/update,4.200000,4.200000,47000,47000,47000,48000,48000,48000,49000,49000,49000,49000,49000,991,991,42000,41909.3835589708,1590.836769901216,69294.70005258918,5345.0
1786462041,200,,Aggregated,4.200000,4.200000,47000,47000,47000,48000,48000,48000,49000,49000,49000,49000,49000,991,991,42000,41909.3835589708,1590.836769901216,69294.70005258918,5345.0
1786462042,200,POST,/integrations/v2/encounters/update,4.500000,4.500000,47000,47000,48000,48000,48000,48000,49000,49000,49000,49000,49000,996,996,42000,41926.359534347765,1590.836769901216,69294.70005258918,5345.0
1786462042,200,,Aggregated,4.500000,4.500000,47000,47000,48000,48000,48000,48000,49000,49000,49000,49000,49000,996,996,42000,41926.359534347765,1590.836769901216,69294.70005258918,5345.0
1786462043,200,POST,/integrations/v2/encounters/update,4.400000,4.400000,47000,47000,48000,48000,48000,48000,49000,49000,49000,49000,49000,1001,1001,42000,41942.43608981084,1590.836769901216,69294.70005258918,5345.0
1786462043,200,,Aggregated,4.400000,4.400000,47000,47000,48000,48000,48000,48000,49000,49000,49000,49000,49000,1001,1001,42000,41942.43608981084,1590.836769901216,69294.70005258918,5345.0
1786462045,200,POST,/integrations/v2/encounters/update,4.300000,4.300000,47000,48000,48000,48000,48000,49000,49000,49000,49000,49000,49000,1007,1007,42000,41965.59096633178,1590.836769901216,69294.70005258918,5345.0
1786462045,200,,Aggregated,4.300000,4.300000,47000,48000,48000,48000,48000,49000,49000,49000,49000,49000,49000,1007,1007,42000,41965.59096633178,1590.836769901216,69294.70005258918,5345.0
1786462046,200,POST,/integrations/v2/encounters/update,4.300000,4.300000,47000,48000,48000,48000,48000,48000,49000,49000,49000,49000,49000,1014,1014,42000,41983.31559183447,1590.836769901216,69294.70005258918,5345.0
1786462046,200,,Aggregated,4.300000,4.300000,47000,48000,48000,48000,48000,48000,49000,49000,49000,49000,49000,1014,1014,42000,41983.31559183447,1590.836769901216,69294.70005258918,5345.0
1786462047,200,POST,/integrations/v2/encounters/update,4.400000,4.400000,47000,48000,48000,48000,48000,48000,49000,49000,49000,49000,49000,1019,1019,42000,41989.153358256364,1590.836769901216,69294.70005258918,5345.0
1786462047,200,,Aggregated,4.400000,4.400000,47000,48000,48000,48000,48000,48000,49000,49000,49000,49000,49000,1019,1019,42000,41989.153358256364,1590.836769901216,69294.70005258918,5345.0
1786462048,200,POST,/integrations/v2/encounters/update,4.600000,4.600000,47000,48000,48000,48000,48000,48000,49000,49000,49000,49000,49000,1021,1021,42000,41986.49211901255,1590.836769901216,69294.70005258918,5345.0
1786462048,200,,Aggregated,4.600000,4.600000,47000,48000,48000,48000,48000,48000,49000,49000,49000,49000,49000,1021,1021,42000,41986.49211901255,1590.836769901216,69294.70005258918,5345.0
1786462049,200,POST,/integrations/v2/encounters/update,4.700000,4.700000,47000,48000,48000,48000,48000,48000,49000,49000,49000,49000,49000,1026,1026,42000,42008.153917310585,1590.836769901216,69294.70005258918,5345.0
1786462049,200,,Aggregated,4.700000,4.700000,47000,48000,48000,48000,48000,48000,49000,49000,49000,49000,49000,1026,1026,42000,42008.153917310585,1590.836769901216,69294.70005258918,5345.0
1786462050,200,POST,/integrations/v2/encounters/update,4.700000,4.700000,47000,48000,48000,48000,48000,48000,49000,49000,49000,49000,49000,1031,1031,42000,42023.91067323402,1590.836769901216,69294.70005258918,5345.0
1786462050,200,,Aggregated,4.700000,4.700000,47000,48000,48000,48000,48000,48000,49000,49000,49000,49000,49000,1031,1031,42000,42023.91067323402,1590.836769901216,69294.70005258918,5345.0
1786462051,200,POST,/integrations/v2/encounters/update,4.200000,4.200000,47000,48000,48000,48000,48000,48000,49000,49000,49000,49000,49000,1036,1036,42000,42036.52603640743,1590.836769901216,69294.70005258918,5345.0
1786462051,200,,Aggregated,4.200000,4.200000,47000,48000,48000,48000,48000,48000,49000,49000,49000,49000,49000,1036,1036,42000,42036.52603640743,1590.836769901216,69294.70005258918,5345.0
1786462052,200,POST,/integrations/v2/encounters/update,4.600000,4.600000,47000,48000,48000,48000,48000,48000,49000,49000,49000,49000,49000,1041,1041,42000,42049.422907323635,1590.836769901216,69294.70005258918,5345.0
1786462052,200,,Aggregated,4.600000,4.600000,47000,48000,48000,48000,48000,48000,49000,49000,49000,49000,49000,1041,1041,42000,42049.422907323635,1590.836769901216,69294.70005258918,5345.0
1786462053,200,POST,/integrations/v2/encounters/update,4.900000,4.900000,47000,48000,48000,48000,48000,49000,49000,49000,49000,49000,49000,1050,1050,42000,42090.570916796016,1590.836769901216,69294.70005258918,5345.0
1786462053,200,,Aggregated,4.900000,4.900000,47000,48000,48000,48000,48000,49000,49000,49000,49000,49000,49000,1050,1050,42000,42090.570916796016,1590.836769901216,69294.70005258918,5345.0
1786462054,200,POST,/integrations/v2/encounters/update,4.900000,4.900000,47000,47000,48000,48000,48000,49000,49000,49000,49000,49000,49000,1054,1054,42000,42094.62994769431,1590.836769901216,69294.70005258918,5345.0
1786462054,200,,Aggregated,4.900000,4.900000,47000,47000,48000,48000,48000,49000,49000,49000,49000,49000,49000,1054,1054,42000,42094.62994769431,1590.836769901216,69294.70005258918,5345.0
1786462055,200,POST,/integrations/v2/encounters/update,5.200000,5.200000,43000,48000,48000,48000,49000,49000,50000,50000,50000,50000,50000,1059,1059,42000,42109.155431399486,1590.836769901216,69294.70005258918,5345.0
1786462055,200,,Aggregated,5.200000,5.200000,43000,48000,48000,48000,49000,49000,50000,50000,50000,50000,50000,1059,1059,42000,42109.155431399486,1590.836769901216,69294.70005258918,5345.0
1786462056,200,POST,/integrations/v2/encounters/update,5.000000,5.000000,47000,48000,48000,48000,49000,49000,50000,50000,50000,50000,50000,1062,1062,42000,42126.83485478615,1590.836769901216,69294.70005258918,5345.0
1786462056,200,,Aggregated,5.000000,5.000000,47000,48000,48000,48000,49000,49000,50000,50000,50000,50000,50000,1062,1062,42000,42126.83485478615,1590.836769901216,69294.70005258918,5345.0
1786462057,200,POST,/integrations/v2/encounters/update,5.000000,5.000000,47000,48000,48000,48000,49000,49000,50000,50000,50000,50000,50000,1067,1067,42000,42139.35693940488,1590.836769901216,69294.70005258918,5345.0
1786462057,200,,Aggregated,5.000000,5.000000,47000,48000,48000,48000,49000,49000,50000,50000,50000,50000,50000,1067,1067,42000,42139.35693940488,1590.836769901216,69294.70005258918,5345.0
1786462058,200,POST,/integrations/v2/encounters/update,4.700000,4.700000,47000,48000,48000,48000,49000,49000,50000,50000,50000,50000,50000,1073,1073,42000,42161.76245061946,1590.836769901216,69294.70005258918,5345.0
1786462058,200,,Aggregated,4.700000,4.700000,47000,48000,48000,48000,49000,49000,50000,50000,50000,50000,50000,1073,1073,42000,42161.76245061946,1590.836769901216,69294.70005258918,5345.0
1786462059,200,POST,/integrations/v2/encounters/update,4.400000,4.400000,44000,48000,48000,48000,49000,49000,50000,50000,50000,50000,50000,1080,1080,42000,42176.69089184125,1590.836769901216,69294.70005258918,5345.0
1786462059,200,,Aggregated,4.400000,4.400000,44000,48000,48000,48000,49000,49000,50000,50000,50000,50000,50000,1080,1080,42000,42176.69089184125,1590.836769901216,69294.70005258918,5345.0
1786462060,200,POST,/integrations/v2/encounters/update,4.800000,4.800000,44000,48000,48000,48000,49000,49000,50000,50000,50000,50000,50000,1085,1085,42000,42193.47602165291,1590.836769901216,69294.70005258918,5345.0
1786462060,200,,Aggregated,4.800000,4.800000,44000,48000,48000,48000,49000,49000,50000,50000,50000,50000,50000,1085,1085,42000,42193.47602165291,1590.836769901216,69294.70005258918,5345.0
1786462061,200,POST,/integrations/v2/encounters/update,5.200000,5.200000,44000,48000,48000,48000,49000,49000,50000,50000,50000,50000,50000,1090,1090,42000,42201.49210332252,1590.836769901216,69294.70005258918,5345.0
1786462061,200,,Aggregated,5.200000,5.200000,44000,48000,48000,48000,49000,49000,50000,50000,50000,50000,50000,1090,1090,42000,42201.49210332252,1590.836769901216,69294.70005258918,5345.0
1786462063,200,POST,/integrations/v2/encounters/update,5.100000,5.100000,44000,47000,48000,48000,48000,49000,50000,50000,50000,50000,50000,1095,1095,42000,42213.12457168874,1590.836769901216,69294.70005258918,5345.0
1786462063,200,,Aggregated,5.100000,5.100000,44000,47000,48000,48000,48000,49000,50000,50000,50000,50000,50000,1095,1095,42000,42213.12457168874,1590.836769901216,69294.70005258918,5345.0
1786462064,200,POST,/integrations/v2/encounters/update,4.900000,4.900000,44000,47000,48000,48000,48000,49000,50000,50000,50000,50000,50000,1100,1100,42000,42212.542914922604,1590.836769901216,69294.70005258918,5345.0
1786462064,200,,Aggregated,4.900000,4.900000,44000,47000,48000,48000,48000,49000,50000,50000,50000,50000,50000,1100,1100,42000,42212.542914922604,1590.836769901216,69294.70005258918,5345.0
1786462065,200,POST,/integrations/v2/encounters/update,4.700000,4.700000,43000,47000,47000,48000,48000,48000,48000,48000,48000,48000,48000,1102,1102,42000,42218.17439970494,1590.836769901216,69294.70005258918,5345.0
1786462065,200,,Aggregated,4.700000,4.700000,43000,47000,47000,48000,48000,48000,48000,48000,48000,48000,48000,1102,1102,42000,42218.17439970494,1590.836769901216,69294.70005258918,5345.0
1786462066,200,POST,/integrations/v2/encounters/update,4.900000,4.900000,43000,47000,48000,48000,48000,48000,49000,49000,49000,49000,49000,1109,1109,42000,42240.58890651502,1590.836769901216,69294.70005258918,5345.0
1786462066,200,,Aggregated,4.900000,4.900000,43000,47000,48000,48000,48000,48000,49000,49000,49000,49000,49000,1109,1109,42000,42240.58890651502,1590.836769901216,69294.70005258918,5345.0
1786462067,200,POST,/integrations/v2/encounters/update,4.500000,4.500000,43000,47000,48000,48000,48000,48000,49000,49000,49000,49000,49000,1114,1114,42000,42248.51314595665,1590.836769901216,69294.70005258918,5345.0
1786462067,200,,Aggregated,4.500000,4.500000,43000,47000,48000,48000,48000,48000,49000,49000,49000,49000,49000,1114,1114,42000,42248.51314595665,1590.836769901216,69294.70005258918,5345.0
1786462068,200,POST,/integrations/v2/encounters/update,4.700000,4.700000,43000,47000,48000,48000,48000,48000,49000,49000,49000,49000,49000,1120,1120,42000,42263.04921408633,1590.836769901216,69294.70005258918,5345.0
1786462068,200,,Aggregated,4.700000,4.700000,43000,47000,48000,48000,48000,48000,49000,49000,49000,49000,49000,1120,1120,42000,42263.04921408633,1590.836769901216,69294.70005258918,5345.0
1786462069,200,POST,/integrations/v2/encounters/update,5.000000,5.000000,43000,46000,47000,48000,48000,48000,49000,49000,49000,49000,49000,1124,1124,42000,42264.04573454346,1590.836769901216,69294.70005258918,5345.0
1786462069,200,,Aggregated,5.000000,5.000000,43000,46000,47000,48000,48000,48000,49000,49000,49000,49000,49000,1124,1124,42000,42264.04573454346,1590.836769901216,69294.70005258918,5345.0
1786462070,200,POST,/integrations/v2/encounters/update,4.800000,4.800000,43000,46000,47000,47000,48000,48000,49000,49000,49000,49000,49000,1130,1130,42000,42268.97745230606,1590.836769901216,69294.70005258918,5345.0
1786462070,200,,Aggregated,4.800000,4.800000,43000,46000,47000,47000,48000,48000,49000,49000,49000,49000,49000,1130,1130,42000,42268.97745230606,1590.836769901216,69294.70005258918,5345.0
1786462071,200,POST,/integrations/v2/encounters/update,4.600000,4.600000,43000,46000,46000,47000,48000,48000,49000,49000,49000,49000,49000,1133,1133,42000,42261.79702349076,1590.836769901216,69294.70005258918,5345.0
1786462071,200,,Aggregated,4.600000,4.600000,43000,46000,46000,47000,48000,48000,49000,49000,49000,49000,49000,1133,1133,42000,42261.79702349076,1590.836769901216,69294.70005258918,5345.0
1786462072,200,POST,/integrations/v2/encounters/update,4.700000,4.700000,43000,46000,47000,47000,48000,48000,49000,49000,49000,49000,49000,1135,1135,42000,42269.74357391588,1590.836769901216,69294.70005258918,5345.0
1786462072,200,,Aggregated,4.700000,4.700000,43000,46000,47000,47000,48000,48000,49000,49000,49000,49000,49000,1135,1135,42000,42269.74357391588,1590.836769901216,69294.70005258918,5345.0
1786462073,200,POST,/integrations/v2/encounters/update,4.600000,4.600000,45000,46000,47000,47000,48000,48000,49000,49000,49000,49000,49000,1141,1141,42000,42281.034586689944,1590.836769901216,69294.70005258918,5345.0
1786462073,200,,Aggregated,4.600000,4.600000,45000,46000,47000,47000,48000,48000,49000,49000,49000,49000,49000,1141,1141,42000,42281.034586689944,1590.836769901216,69294.70005258918,5345.0
1786462074,200,POST,/integrations/v2/encounters/update,4.600000,4.600000,45000,46000,46000,47000,48000,48000,49000,49000,49000,49000,49000,1143,1143,42000,42286.066736805165,1590.836769901216,69294.70005258918,5345.0
1786462074,200,,Aggregated,4.600000,4.600000,45000,46000,46000,47000,48000,48000,49000,49000,49000,49000,49000,1143,1143,42000,42286.066736805165,1590.836769901216,69294.70005258918,5345.0
1786462075,200,POST,/integrations/v2/encounters/update,4.300000,4.300000,45000,46000,46000,46000,47000,47000,48000,48000,48000,48000,48000,1146,1146,42000,42282.74106298513,1590.836769901216,69294.70005258918,5345.0
1786462075,200,,Aggregated,4.300000,4.300000,45000,46000,46000,46000,47000,47000,48000,48000,48000,48000,48000,1146,1146,42000,42282.74106298513,1590.836769901216,69294.70005258918,5345.0
1786462076,200,POST,/integrations/v2/encounters/update,4.300000,4.300000,45000,46000,46000,46000,47000,47000,47000,47000,47000,47000,47000,1150,1150,42000,42287.761366969055,1590.836769901216,69294.70005258918,5345.0
1786462076,200,,Aggregated,4.300000,4.300000,45000,46000,46000,46000,47000,47000,47000,47000,47000,47000,47000,1150,1150,42000,42287.761366969055,1590.836769901216,69294.70005258918,5345.0
1786462077,200,POST,/integrations/v2/encounters/update,4.300000,4.300000,42000,46000,46000,46000,46000,47000,47000,47000,47000,47000,47000,1151,1151,42000,42287.04707372487,1590.836769901216,69294.70005258918,5345.0
1786462077,200,,Aggregated,4.300000,4.300000,42000,46000,46000,46000,46000,47000,47000,47000,47000,47000,47000,1151,1151,42000,42287.04707372487,1590.836769901216,69294.70005258918,5345.0
1786462078,200,POST,/integrations/v2/encounters/update,4.000000,4.000000,42000,46000,46000,46000,47000,47000,47000,47000,47000,47000,47000,1157,1157,42000,42292.33793710747,1590.836769901216,69294.70005258918,5345.0
1786462078,200,,Aggregated,4.000000,4.000000,42000,46000,46000,46000,47000,47000,47000,47000,47000,47000,47000,1157,1157,42000,42292.33793710747,1590.836769901216,69294.70005258918,5345.0
1786462079,200,POST,/integrations/v2/encounters/update,3.800000,3.800000,42000,46000,46000,46000,47000,47000,47000,47000,47000,47000,47000,1160,1160,42000,42293.79289648335,1590.836769901216,69294.70005258918,5345.0
1786462079,200,,Aggregated,3.800000,3.800000,42000,46000,46000,46000,47000,47000,47000,47000,47000,47000,47000,1160,1160,42000,42293.79289648335,1590.836769901216,69294.70005258918,5345.0
1786462080,200,POST,/integrations/v2/encounters/update,3.900000,3.900000,42000,46000,46000,47000,47000,48000,48000,48000,48000,48000,48000,1164,1164,42000,42306.307090860006,1590.836769901216,69294.70005258918,5345.0
1786462080,200,,Aggregated,3.900000,3.900000,42000,46000,46000,47000,47000,48000,48000,48000,48000,48000,48000,1164,1164,42000,42306.307090860006,1590.836769901216,69294.70005258918,5345.0
1786462081,200,POST,/integrations/v2/encounters/update,3.600000,3.600000,45000,46000,47000,47000,48000,48000,48000,48000,48000,48000,48000,1170,1170,42000,42315.618234555215,1590.836769901216,69294.70005258918,5345.0
1786462081,200,,Aggregated,3.600000,3.600000,45000,46000,47000,47000,48000,48000,48000,48000,48000,48000,48000,1170,1170,42000,42315.618234555215,1590.836769901216,69294.70005258918,5345.0
1786462082,200,POST,/integrations/v2/encounters/update,3.200000,3.200000,41000,45000,47000,47000,48000,48000,48000,48000,48000,48000,48000,1174,1174,42000,42311.74777195118,1590.836769901216,69294.70005258918,5345.0
1786462082,200,,Aggregated,3.200000,3.200000,41000,45000,47000,47000,48000,48000,48000,48000,48000,48000,48000,1174,1174,42000,42311.74777195118,1590.836769901216,69294.70005258918,5345.0
1786462083,200,POST,/integrations/v2/encounters/update,3.600000,3.600000,42000,47000,47000,48000,48000,48000,49000,49000,49000,49000,49000,1177,1177,42000,42327.321888405764,1590.836769901216,69294.70005258918,5345.0
1786462083,200,,Aggregated,3.600000,3.600000,42000,47000,47000,48000,48000,48000,49000,49000,49000,49000,49000,1177,1177,42000,42327.321888405764,1590.836769901216,69294.70005258918,5345.0
1786462084,200,POST,/integrations/v2/encounters/update,3.700000,3.700000,46000,47000,48000,48000,48000,48000,49000,49000,49000,49000,49000,1181,1181,42000,42346.6910144076,1590.836769901216,69294.70005258918,5345.0
1786462084,200,,Aggregated,3.700000,3.700000,46000,47000,48000,48000,48000,48000,49000,49000,49000,49000,49000,1181,1181,42000,42346.6910144076,1590.836769901216,69294.70005258918,5345.0
1786462085,200,POST,/integrations/v2/encounters/update,3.700000,3.700000,46000,47000,48000,48000,48000,48000,49000,49000,49000,49000,49000,1185,1185,42000,42346.67950522721,1590.836769901216,69294.70005258918,5345.0
1786462085,200,,Aggregated,3.700000,3.700000,46000,47000,48000,48000,48000,48000,49000,49000,49000,49000,49000,1185,1185,42000,42346.67950522721,1590.836769901216,69294.70005258918,5345.0
1786462086,200,POST,/integrations/v2/encounters/update,3.500000,3.500000,46000,48000,48000,48000,48000,48000,49000,49000,49000,49000,49000,1188,1188,42000,42348.553717160685,1590.836769901216,69294.70005258918,5345.0
1786462086,200,,Aggregated,3.500000,3.500000,46000,48000,48000,48000,48000,48000,49000,49000,49000,49000,49000,1188,1188,42000,42348.553717160685,1590.836769901216,69294.70005258918,5345.0
1786462087,200,POST,/integrations/v2/encounters/update,3.800000,3.800000,47000,48000,48000,48000,49000,49000,50000,50000,50000,50000,50000,1194,1194,42000,42362.00570930154,1590.836769901216,69294.70005258918,5345.0
1786462087,200,,Aggregated,3.800000,3.800000,47000,48000,48000,48000,49000,49000,50000,50000,50000,50000,50000,1194,1194,42000,42362.00570930154,1590.836769901216,69294.70005258918,5345.0
1786462088,200,POST,/integrations/v2/encounters/update,3.800000,3.800000,47000,48000,48000,48000,49000,49000,50000,50000,50000,50000,50000,1198,1198,42000,42370.05980359157,1590.836769901216,69294.70005258918,5345.0
1786462088,200,,Aggregated,3.800000,3.800000,47000,48000,48000,48000,49000,49000,50000,50000,50000,50000,50000,1198,1198,42000,42370.05980359157,1590.836769901216,69294.70005258918,5345.0
1786462089,200,POST,/integrations/v2/encounters/update,3.800000,3.800000,47000,48000,48000,48000,49000,49000,50000,50000,50000,50000,50000,1201,1201,42000,42378.86765051391,1590.836769901216,69294.70005258918,5345.0
1786462089,200,,Aggregated,3.800000,3.800000,47000,48000,48000,48000,49000,49000,50000,50000,50000,50000,50000,1201,1201,42000,42378.86765051391,1590.836769901216,69294.70005258918,5345.0
1786462090,200,POST,/integrations/v2/encounters/update,3.900000,3.900000,47000,48000,48000,49000,49000,49000,50000,50000,50000,50000,50000,1206,1206,42000,42387.063739682315,1590.836769901216,69294.70005258918,5345.0
1786462090,200,,Aggregated,3.900000,3.900000,47000,48000,48000,49000,49000,49000,50000,50000,50000,50000,50000,1206,1206,42000,42387.063739682315,1590.836769901216,69294.70005258918,5345.0
1786462091,200,POST,/integrations/v2/encounters/update,3.900000,3.900000,48000,48000,49000,49000,49000,50000,50000,50000,50000,50000,50000,1211,1211,42000,42403.3588945518,1590.836769901216,69294.70005258918,5345.0
1786462091,200,,Aggregated,3.900000,3.900000,48000,48000,49000,49000,49000,50000,50000,50000,50000,50000,50000,1211,1211,42000,42403.3588945518,1590.836769901216,69294.70005258918,5345.0
1786462093,200,POST,/integrations/v2/encounters/update,4.000000,4.000000,48000,48000,49000,49000,49000,50000,50000,50000,50000,50000,50000,1217,1217,42000,42417.859949697275,1590.836769901216,69294.70005258918,5345.0
1786462093,200,,Aggregated,4.000000,4.000000,48000,48000,49000,49000,49000,50000,50000,50000,50000,50000,50000,1217,1217,42000,42417.859949697275,1590.836769901216,69294.70005258918,5345.0
1786462094,200,POST,/integrations/v2/encounters/update,3.900000,3.900000,42000,49000,49000,49000,50000,50000,50000,50000,50000,50000,50000,1220,1220,42000,42422.16993908886,1590.836769901216,69294.70005258918,5345.0
1786462094,200,,Aggregated,3.900000,3.900000,42000,49000,49000,49000,50000,50000,50000,50000,50000,50000,50000,1220,1220,42000,42422.16993908886,1590.836769901216,69294.70005258918,5345.0
1786462095,200,POST,/integrations/v2/encounters/update,4.200000,4.200000,42000,49000,49000,49000,50000,50000,50000,50000,50000,50000,50000,1223,1223,42000,42426.73564656963,1590.836769901216,69294.70005258918,5345.0
1786462095,200,,Aggregated,4.200000,4.200000,42000,49000,49000,49000,50000,50000,50000,50000,50000,50000,50000,1223,1223,42000,42426.73564656963,1590.836769901216,69294.70005258918,5345.0
1786462096,200,POST,/integrations/v2/encounters/update,4.200000,4.200000,42000,49000,49000,49000,50000,51000,51000,51000,51000,51000,51000,1230,1230,42000,42445.33620775579,1590.836769901216,69294.70005258918,5345.0
1786462096,200,,Aggregated,4.200000,4.200000,42000,49000,49000,49000,50000,51000,51000,51000,51000,51000,51000,1230,1230,42000,42445.33620775579,1590.836769901216,69294.70005258918,5345.0
1786462097,200,POST,/integrations/v2/encounters/update,4.000000,4.000000,48000,49000,50000,51000,51000,51000,51000,51000,51000,51000,51000,1238,1238,42000,42486.28277949739,1590.836769901216,69294.70005258918,5345.0
1786462097,200,,Aggregated,4.000000,4.000000,48000,49000,50000,51000,51000,51000,51000,51000,51000,51000,51000,1238,1238,42000,42486.28277949739,1590.836769901216,69294.70005258918,5345.0
1786462098,200,POST,/integrations/v2/encounters/update,4.200000,4.200000,48000,49000,50000,51000,51000,51000,51000,51000,51000,51000,51000,1242,1242,42000,42490.101616451706,1590.836769901216,69294.70005258918,5345.0
1786462098,200,,Aggregated,4.200000,4.200000,48000,49000,50000,51000,51000,51000,51000,51000,51000,51000,51000,1242,1242,42000,42490.101616451706,1590.836769901216,69294.70005258918,5345.0
1786462099,200,POST,/integrations/v2/encounters/update,4.700000,4.700000,42000,50000,50000,51000,51000,51000,51000,51000,51000,51000,51000,1247,1247,42000,42497.37640525683,1590.836769901216,69294.70005258918,5345.0
1786462099,200,,Aggregated,4.700000,4.700000,42000,50000,50000,51000,51000,51000,51000,51000,51000,51000,51000,1247,1247,42000,42497.37640525683,1590.836769901216,69294.70005258918,5345.0
1786462100,200,POST,/integrations/v2/encounters/update,4.700000,4.700000,49000,50000,50000,51000,51000,51000,51000,51000,51000,51000,51000,1251,1251,42000,42515.26088490382,1590.836769901216,69294.70005258918,5345.0
1786462100,200,,Aggregated,4.700000,4.700000,49000,50000,50000,51000,51000,51000,51000,51000,51000,51000,51000,1251,1251,42000,42515.26088490382,1590.836769901216,69294.70005258918,5345.0
1786462101,200,POST,/integrations/v2/encounters/update,4.700000,4.700000,48000,50000,51000,51000,51000,51000,51000,51000,51000,51000,51000,1256,1256,42000,42531.7684532244,1590.836769901216,69294.70005258918,5345.0
1786462101,200,,Aggregated,4.700000,4.700000,48000,50000,51000,51000,51000,51000,51000,51000,51000,51000,51000,1256,1256,42000,42531.7684532244,1590.836769901216,69294.70005258918,5345.0
1786462102,200,POST,/integrations/v2/encounters/update,4.700000,4.700000,49000,50000,51000,51000,51000,51000,51000,51000,51000,51000,51000,1259,1259,42000,42542.88198161764,1590.836769901216,69294.70005258918,5345.0
1786462102,200,,Aggregated,4.700000,4.700000,49000,50000,51000,51000,51000,51000,51000,51000,51000,51000,51000,1259,1259,42000,42542.88198161764,1590.836769901216,69294.70005258918,5345.0
1786462103,200,POST,/integrations/v2/encounters/update,4.700000,4.700000,48000,50000,51000,51000,51000,51000,51000,51000,51000,51000,51000,1261,1261,42000,42544.12949238486,1590.836769901216,69294.70005258918,5345.0
1786462103,200,,Aggregated,4.700000,4.700000,48000,50000,51000,51000,51000,51000,51000,51000,51000,51000,51000,1261,1261,42000,42544.12949238486,1590.836769901216,69294.70005258918,5345.0
1786462104,200,POST,/integrations/v2/encounters/update,4.800000,4.800000,49000,50000,51000,51000,51000,51000,51000,51000,51000,51000,51000,1268,1268,42000,42573.24648495875,1590.836769901216,69294.70005258918,5345.0
1786462104,200,,Aggregated,4.800000,4.800000,49000,50000,51000,51000,51000,51000,51000,51000,51000,51000,51000,1268,1268,42000,42573.24648495875,1590.836769901216,69294.70005258918,5345.0
1786462105,200,POST,/integrations/v2/encounters/update,4.200000,4.200000,49000,50000,51000,51000,51000,51000,51000,51000,51000,51000,51000,1275,1275,42000,42609.62668805292,1590.836769901216,69294.70005258918,5345.0
1786462105,200,,Aggregated,4.200000,4.200000,49000,50000,51000,51000,51000,51000,51000,51000,51000,51000,51000,1275,1275,42000,42609.62668805292,1590.836769901216,69294.70005258918,5345.0
1786462106,200,POST,/integrations/v2/encounters/update,4.200000,4.200000,49000,50000,50000,51000,51000,51000,51000,51000,51000,51000,51000,1280,1280,43000,42626.284295167716,1590.836769901216,69294.70005258918,5345.0
1786462106,200,,Aggregated,4.200000,4.200000,49000,50000,50000,51000,51000,51000,51000,51000,51000,51000,51000,1280,1280,43000,42626.284295167716,1590.836769901216,69294.70005258918,5345.0
1786462107,200,POST,/integrations/v2/encounters/update,4.800000,4.800000,49000,50000,50000,50000,51000,51000,51000,51000,51000,51000,51000,1285,1285,43000,42634.266945376905,1590.836769901216,69294.70005258918,5345.0
1786462107,200,,Aggregated,4.800000,4.800000,49000,50000,50000,50000,51000,51000,51000,51000,51000,51000,51000,1285,1285,43000,42634.266945376905,1590.836769901216,69294.70005258918,5345.0
1786462108,200,POST,/integrations/v2/encounters/update,5.100000,5.100000,49000,49000,50000,50000,51000,51000,51000,51000,51000,51000,51000,1290,1290,43000,42649.91265123046,1590.836769901216,69294.70005258918,5345.0
1786462108,200,,Aggregated,5.100000,5.100000,49000,49000,50000,50000,51000,51000,51000,51000,51000,51000,51000,1290,1290,43000,42649.91265123046,1590.836769901216,69294.70005258918,5345.0
1786462109,200,POST,/integrations/v2/encounters/update,4.700000,4.700000,49000,49000,49000,50000,51000,51000,51000,51000,51000,51000,51000,1298,1298,43000,42669.40870386863,1590.836769901216,69294.70005258918,5345.0
1786462109,200,,Aggregated,4.700000,4.700000,49000,49000,49000,50000,51000,51000,51000,51000,51000,51000,51000,1298,1298,43000,42669.40870386863,1590.836769901216,69294.70005258918,5345.0
1786462110,200,POST,/integrations/v2/encounters/update,4.700000,4.700000,48000,49000,49000,49000,51000,51000,51000,51000,51000,51000,51000,1300,1300,43000,42669.06530641951,1590.836769901216,69294.70005258918,5345.0
1786462110,200,,Aggregated,4.700000,4.700000,48000,49000,49000,49000,51000,51000,51000,51000,51000,51000,51000,1300,1300,43000,42669.06530641951,1590.836769901216,69294.70005258918,5345.0
1786462111,200,POST,/integrations/v2/encounters/update,4.800000,4.800000,49000,49000,49000,49000,51000,51000,51000,51000,51000,51000,51000,1301,1301,43000,42674.50180562065,1590.836769901216,69294.70005258918,5345.0
1786462111,200,,Aggregated,4.800000,4.800000,49000,49000,49000,49000,51000,51000,51000,51000,51000,51000,51000,1301,1301,43000,42674.50180562065,1590.836769901216,69294.70005258918,5345.0
1786462112,200,POST,/integrations/v2/encounters/update,5.100000,5.100000,49000,49000,49000,50000,51000,51000,51000,51000,51000,51000,51000,1307,1307,43000,42693.46364380118,1590.836769901216,69294.70005258918,5345.0
1786462112,200,,Aggregated,5.100000,5.100000,49000,49000,49000,50000,51000,51000,51000,51000,51000,51000,51000,1307,1307,43000,42693.46364380118,1590.836769901216,69294.70005258918,5345.0
1786462113,200,POST,/integrations/v2/encounters/update,4.700000,4.700000,49000,49000,49000,50000,51000,51000,51000,51000,51000,51000,51000,1311,1311,43000,42707.14973985387,1590.836769901216,69294.70005258918,5345.0
1786462113,200,,Aggregated,4.700000,4.700000,49000,49000,49000,50000,51000,51000,51000,51000,51000,51000,51000,1311,1311,43000,42707.14973985387,1590.836769901216,69294.70005258918,5345.0
1786462115,200,POST,/integrations/v2/encounters/update,4.500000,4.500000,44000,49000,49000,49000,50000,50000,51000,51000,51000,51000,51000,1318,1318,43000,42725.54818926907,1590.836769901216,69294.70005258918,5345.0
1786462115,200,,Aggregated,4.500000,4.500000,44000,49000,49000,49000,50000,50000,51000,51000,51000,51000,51000,1318,1318,43000,42725.54818926907,1590.836769901216,69294.70005258918,5345.0
1786462116,200,POST,/integrations/v2/encounters/update,5.200000,5.200000,44000,49000,49000,50000,50000,50000,51000,51000,51000,51000,51000,1327,1327,43000,42749.166255751545,1590.836769901216,69294.70005258918,5345.0
1786462116,200,,Aggregated,5.200000,5.200000,44000,49000,49000,50000,50000,50000,51000,51000,51000,51000,51000,1327,1327,43000,42749.166255751545,1590.836769901216,69294.70005258918,5345.0
1786462117,200,POST,/integrations/v2/encounters/update,4.800000,4.800000,45000,49000,49000,50000,50000,50000,51000,51000,51000,51000,51000,1330,1330,43000,42758.87954318896,1590.836769901216,69294.70005258918,5345.0
1786462117,200,,Aggregated,4.800000,4.800000,45000,49000,49000,50000,50000,50000,51000,51000,51000,51000,51000,1330,1330,43000,42758.87954318896,1590.836769901216,69294.70005258918,5345.0
1786462118,200,POST,/integrations/v2/encounters/update,4.800000,4.800000,45000,49000,50000,50000,50000,50000,51000,51000,51000,51000,51000,1333,1333,43000,42765.01746834252,1590.836769901216,69294.70005258918,5345.0
1786462118,200,,Aggregated,4.800000,4.800000,45000,49000,50000,50000,50000,50000,51000,51000,51000,51000,51000,1333,1333,43000,42765.01746834252,1590.836769901216,69294.70005258918,5345.0
1786462119,200,POST,/integrations/v2/encounters/update,4.500000,4.500000,49000,49000,50000,50000,50000,50000,51000,51000,51000,51000,51000,1336,1336,43000,42780.19802166849,1590.836769901216,69294.70005258918,5345.0
1786462119,200,,Aggregated,4.500000,4.500000,49000,49000,50000,50000,50000,50000,51000,51000,51000,51000,51000,1336,1336,43000,42780.19802166849,1590.836769901216,69294.70005258918,5345.0
1786462120,200,POST,/integrations/v2/encounters/update,4.400000,4.400000,49000,49000,50000,50000,50000,50000,51000,51000,51000,51000,51000,1342,1342,43000,42797.148017969186,1590.836769901216,69294.70005258918,5345.0
1786462120,200,,Aggregated,4.400000,4.400000,49000,49000,50000,50000,50000,50000,51000,51000,51000,51000,51000,1342,1342,43000,42797.148017969186,1590.836769901216,69294.70005258918,5345.0
1786462121,200,POST,/integrations/v2/encounters/update,4.100000,4.100000,45000,49000,49000,50000,50000,50000,51000,51000,51000,51000,51000,1345,1345,43000,42803.008585517404,1590.836769901216,69294.70005258918,5345.0
1786462121,200,,Aggregated,4.100000,4.100000,45000,49000,49000,50000,50000,50000,51000,51000,51000,51000,51000,1345,1345,43000,42803.008585517404,1590.836769901216,69294.70005258918,5345.0
1786462122,200,POST,/integrations/v2/encounters/update,4.000000,4.000000,49000,49000,49000,50000,50000,50000,51000,51000,51000,51000,51000,1349,1349,43000,42817.10787459979,1590.836769901216,69294.70005258918,5345.0
1786462122,200,,Aggregated,4.000000,4.000000,49000,49000,49000,50000,50000,50000,51000,51000,51000,51000,51000,1349,1349,43000,42817.10787459979,1590.836769901216,69294.70005258918,5345.0
1786462123,200,POST,/integrations/v2/encounters/update,4.300000,4.300000,48000,49000,49000,49000,50000,50000,50000,50000,50000,50000,50000,1352,1352,43000,42821.15840396607,1590.836769901216,69294.70005258918,5345.0
1786462123,200,,Aggregated,4.300000,4.300000,48000,49000,49000,49000,50000,50000,50000,50000,50000,50000,50000,1352,1352,43000,42821.15840396607,1590.836769901216,69294.70005258918,5345.0
1786462124,200,POST,/integrations/v2/encounters/update,4.300000,4.300000,45000,49000,49000,49000,50000,50000,50000,50000,50000,50000,50000,1357,1357,43000,42834.02538598449,1590.836769901216,69294.70005258918,5345.0
1786462124,200,,Aggregated,4.300000,4.300000,45000,49000,49000,49000,50000,50000,50000,50000,50000,50000,50000,1357,1357,43000,42834.02538598449,1590.836769901216,69294.70005258918,5345.0
1786462125,200,POST,/integrations/v2/encounters/update,4.300000,4.300000,47000,49000,49000,49000,50000,50000,50000,50000,50000,50000,50000,1362,1362,43000,42846.36027911656,1590.836769901216,69294.70005258918,5345.0
1786462125,200,,Aggregated,4.300000,4.300000,47000,49000,49000,49000,50000,50000,50000,50000,50000,50000,50000,1362,1362,43000,42846.36027911656,1590.836769901216,69294.70005258918,5345.0
1786462126,200,POST,/integrations/v2/encounters/update,4.100000,4.100000,46000,49000,49000,49000,50000,50000,50000,50000,50000,50000,50000,1366,1366,43000,42851.82395255081,1590.836769901216,69294.70005258918,5345.0
1786462126,200,,Aggregated,4.100000,4.100000,46000,49000,49000,49000,50000,50000,50000,50000,50000,50000,50000,1366,1366,43000,42851.82395255081,1590.836769901216,69294.70005258918,5345.0
