Timestamp,User Count,Type,Name,Requests/s,Failures/s,50%,66%,75%,80%,90%,95%,98%,99%,99.9%,99.99%,100%,Total Request Count,Total Failure Count,Total Median Response Time,Total Average Response Time,Total Min Response Time,Total Max Response Time,Total Average Content Size
1786465750,0,,Aggregated,0.000000,0.000000,N/A,N/A,N/A,N/A,N/A,N/A,N/A,N/A,N/A,N/A,N/A,0,0,0,0.0,0,0,0
1786465751,10,,Aggregated,0.000000,0.000000,N/A,N/A,N/A,N/A,N/A,N/A,N/A,N/A,N/A,N/A,N/A,0,0,0,0.0,0,0,0
1786465752,20,POST,/integrations/v2/encounters/update,0.000000,0.000000,0,0,0,0,0,0,0,0,0,0,0,1,0,1108.1928173080087,1108.1928173080087,1108.1928173080087,1108.1928173080087,239.0
1786465752,20,,Aggregated,0.000000,0.000000,1100,1100,1100,1100,1100,1100,1100,1100,1100,1100,1100,1,0,1108.1928173080087,1108.1928173080087,1108.1928173080087,1108.1928173080087,239.0
1786465753,30,POST,/integrations/v2/encounters/update,0.000000,0.000000,0,0,0,0,0,0,0,0,0,0,0,2,0,1108.1928173080087,1666.3091001100838,1108.1928173080087,2224.425382912159,239.0
1786465753,30,,Aggregated,0.000000,0.000000,2200,2200,2200,2200,2200,2200,2200,2200,2200,2200,2200,2,0,1108.1928173080087,1666.3091001100838,1108.1928173080087,2224.425382912159,239.0
1786465754,40,POST,/integrations/v2/encounters/update,0.000000,0.000000,2200,2200,2200,2200,2200,2200,2200,2200,2200,2200,2200,3,0,2200,1834.57341324538,1108.1928173080087,2224.425382912159,239.33333333333334
1786465754,40,,Aggregated,0.000000,0.000000,2200,2200,2200,2200,2200,2200,2200,2200,2200,2200,2200,3,0,2200,1834.57341324538,1108.1928173080087,2224.425382912159,239.33333333333334
1786465755,50,POST,/integrations/v2/encounters/update,0.333333,0.000000,2200,2200,3700,3700,3700,3700,3700,3700,3700,3700,3700,4,0,2200,2295.8441227674484,1108.1928173080087,3679.656251333654,239.25
1786465755,50,,Aggregated,0.333333,0.000000,2200,2200,3700,3700,3700,3700,3700,3700,3700,3700,3700,4,0,2200,2295.8441227674484,1108.1928173080087,3679.656251333654,239.25
1786465756,60,POST,/integrations/v2/encounters/update,0.500000,0.000000,3700,3700,5300,5300,5300,5300,5300,5300,5300,5300,5300,5,0,2200,2894.5631090551615,1108.1928173080087,5289.439054206014,239.2
1786465756,60,,Aggregated,0.500000,0.000000,2200,3700,3700,5300,5300,5300,5300,5300,5300,5300,5300,5,0,2200,2894.5631090551615,1108.1928173080087,5289.439054206014,239.2
1786465757,70,POST,/integrations/v2/encounters/update,0.600000,0.000000,5300,5300,5400,5400,6000,6000,6000,6000,6000,6000,6000,7,0,3700,3701.8988630069152,1108.1928173080087,6045.962951146066,239.14285714285714
1786465757,70,,Aggregated,0.600000,0.000000,3700,5300,5400,5400,6000,6000,6000,6000,6000,6000,6000,7,0,3700,3701.8988630069152,1108.1928173080087,6045.962951146066,239.14285714285714
1786465758,80,POST,/integrations/v2/encounters/update,0.666667,0.000000,5400,6000,6400,6400,7200,7200,7200,7200,7200,7200,7200,9,0,5300,4398.224237271481,1108.1928173080087,7234.054115600884,239.11111111111111
1786465758,80,,Aggregated,0.666667,0.000000,5300,5400,6000,6400,7200,7200,7200,7200,7200,7200,7200,9,0,5300,4398.224237271481,1108.1928173080087,7234.054115600884,239.11111111111111
1786465759,90,POST,/integrations/v2/encounters/update,0.714286,0.000000,5400,6000,6400,7200,7500,7500,7500,7500,7500,7500,7500,10,0,5300,4707.913480512798,1108.1928173080087,7495.1166696846485,239.1
1786465759,90,,Aggregated,0.714286,0.000000,5400,6000,6400,7200,7500,7500,7500,7500,7500,7500,7500,10,0,5300,4707.913480512798,1108.1928173080087,7495.1166696846485,239.1
1786465760,100,POST,/integrations/v2/encounters/update,0.875000,0.000000,6000,6400,7200,7500,8400,8400,8400,8400,8400,8400,8400,11,0,5400,5042.643867941065,1108.1928173080087,8389.94774222374,239.0909090909091
1786465760,100,,Aggregated,0.875000,0.000000,5400,6400,7200,7200,7500,8400,8400,8400,8400,8400,8400,11,0,5400,5042.643867941065,1108.1928173080087,8389.94774222374,239.0909090909091
1786465761,110,POST,/integrations/v2/encounters/update,0.875000,0.000000,6000,6400,7200,7500,8400,8400,8400,8400,8400,8400,8400,11,0,5400,5042.643867941065,1108.1928173080087,8389.94774222374,239.0909090909091
1786465761,110,,Aggregated,0.875000,0.000000,5400,6400,7200,7200,7500,8400,8400,8400,8400,8400,8400,11,0,5400,5042.643867941065,1108.1928173080087,8389.94774222374,239.0909090909091
1786465762,120,POST,/integrations/v2/encounters/update,1.000000,0.000000,6400,7200,8400,8400,8500,12000,12000,12000,12000,12000,12000,13,0,6000,5814.665580096726,1108.1928173080087,11583.956050686538,239.07692307692307
1786465762,120,,Aggregated,1.000000,0.000000,6400,7200,8400,8400,8500,12000,12000,12000,12000,12000,12000,13,0,6000,5814.665580096726,1108.1928173080087,11583.956050686538,239.07692307692307
1786465763,130,POST,/integrations/v2/encounters/update,1.100000,0.000000,7200,8400,8500,9000,11000,12000,12000,12000,12000,12000,12000,15,0,6400,6356.807389979561,1108.1928173080087,11583.956050686538,239.06666666666666
1786465763,130,,Aggregated,1.100000,0.000000,7200,8400,8500,9000,11000,12000,12000,12000,12000,12000,12000,15,0,6400,6356.807389979561,1108.1928173080087,11583.956050686538,239.06666666666666
1786465764,140,POST,/integrations/v2/encounters/update,1.100000,0.000000,8400,9000,11000,12000,12000,13000,13000,13000,13000,13000,13000,18,0,7200,7319.218031596392,1108.1928173080087,13259.840719401836,239.05555555555554
1786465764,140,,Aggregated,1.100000,0.000000,8400,9000,11000,12000,12000,13000,13000,13000,13000,13000,13000,18,0,7200,7319.218031596392,1108.1928173080087,13259.840719401836,239.05555555555554
1786465765,150,POST,/integrations/v2/encounters/update,1.200000,0.000000,8500,11000,12000,12000,12000,13000,13000,13000,13000,13000,13000,19,0,7500,7569.571190807772,1108.1928173080087,13259.840719401836,239.05263157894737
1786465765,150,,Aggregated,1.200000,0.000000,8500,11000,12000,12000,12000,13000,13000,13000,13000,13000,13000,19,0,7500,7569.571190807772,1108.1928173080087,13259.840719401836,239.05263157894737
1786465766,160,POST,/integrations/v2/encounters/update,1.300000,0.000000,9000,11000,12000,12000,13000,13000,13000,13000,13000,13000,13000,20,0,7500,7851.805607043207,1108.1928173080087,13259.840719401836,239.05
1786465766,160,,Aggregated,1.300000,0.000000,9000,11000,12000,12000,13000,13000,13000,13000,13000,13000,13000,20,0,7500,7851.805607043207,1108.1928173080087,13259.840719401836,239.05
1786465767,170,POST,/integrations/v2/encounters/update,1.300000,0.000000,11000,12000,12000,12000,13000,13000,13000,13000,13000,13000,13000,20,0,7500,7851.805607043207,1108.1928173080087,13259.840719401836,239.05
1786465767,170,,Aggregated,1.300000,0.000000,11000,12000,12000,12000,13000,13000,13000,13000,13000,13000,13000,20,0,7500,7851.805607043207,1108.1928173080087,13259.840719401836,239.05
1786465768,180,POST,/integrations/v2/encounters/update,1.500000,0.000000,12000,12000,12000,13000,13000,14000,14000,14000,14000,14000,14000,22,0,8400,8311.881568833169,1108.1928173080087,14314.695541746914,239.0909090909091
1786465768,180,,Aggregated,1.500000,0.000000,12000,12000,12000,13000,13000,14000,14000,14000,14000,14000,14000,22,0,8400,8311.881568833169,1108.1928173080087,14314.695541746914,239.0909090909091
1786465769,190,POST,/integrations/v2/encounters/update,1.500000,0.000000,12000,12000,13000,13000,13000,14000,14000,14000,14000,14000,14000,23,0,8500,8521.164009428543,1108.1928173080087,14314.695541746914,239.08695652173913
1786465769,190,,Aggregated,1.500000,0.000000,12000,12000,13000,13000,13000,14000,14000,14000,14000,14000,14000,23,0,8500,8521.164009428543,1108.1928173080087,14314.695541746914,239.08695652173913
1786465770,200,POST,/integrations/v2/encounters/update,1.300000,0.000000,12000,13000,13000,13000,14000,18000,18000,18000,18000,18000,18000,24,0,8500,8921.765065441528,1108.1928173080087,18135.589353740215,239.08333333333334
1786465770,200,,Aggregated,1.300000,0.000000,12000,13000,13000,13000,14000,18000,18000,18000,18000,18000,18000,24,0,8500,8921.765065441528,1108.1928173080087,18135.589353740215,239.08333333333334
1786465771,200,POST,/integrations/v2/encounters/update,1.300000,0.000000,12000,13000,13000,13000,14000,18000,18000,18000,18000,18000,18000,24,0,8500,8921.765065441528,1108.1928173080087,18135.589353740215,239.08333333333334
1786465771,200,,Aggregated,1.300000,0.000000,12000,13000,13000,13000,14000,18000,18000,18000,18000,18000,18000,24,0,8500,8921.765065441528,1108.1928173080087,18135.589353740215,239.08333333333334
1786465772,200,POST,/integrations/v2/encounters/update,1.300000,0.000000,13000,16000,17000,17000,20000,21000,21000,21000,21000,21000,21000,29,0,11000,10487.26688029951,1108.1928173080087,21302.29307245463,239.06896551724137
1786465772,200,,Aggregated,1.300000,0.000000,13000,16000,17000,17000,20000,21000,21000,21000,21000,21000,21000,29,0,11000,10487.26688029951,1108.1928173080087,21302.29307245463,239.06896551724137
1786465773,200,POST,/integrations/v2/encounters/update,1.300000,0.000000,16000,18000,18000,19000,20000,21000,21000,21000,21000,21000,21000,33,0,12000,11478.085095711955,1108.1928173080087,21302.29307245463,239.06060606060606
1786465773,200,,Aggregated,1.300000,0.000000,16000,18000,18000,19000,20000,21000,21000,21000,21000,21000,21000,33,0,12000,11478.085095711955,1108.1928173080087,21302.29307245463,239.06060606060606
1786465774,200,POST,/integrations/v2/encounters/update,1.300000,0.000000,17000,18000,19000,20000,20000,21000,21000,21000,21000,21000,21000,33,0,12000,11478.085095711955,1108.1928173080087,21302.29307245463,239.06060606060606
1786465774,200,,Aggregated,1.300000,0.000000,17000,18000,19000,20000,20000,21000,21000,21000,21000,21000,21000,33,0,12000,11478.085095711955,1108.1928173080087,21302.29307245463,239.06060606060606
1786465775,200,POST,/integrations/v2/encounters/update,1.600000,0.000000,18000,18000,19000,20000,20000,21000,21000,21000,21000,21000,21000,34,0,12000,11659.415105302982,1108.1928173080087,21302.29307245463,239.05882352941177
1786465775,200,,Aggregated,1.600000,0.000000,18000,18000,19000,20000,20000,21000,21000,21000,21000,21000,21000,34,0,12000,11659.415105302982,1108.1928173080087,21302.29307245463,239.05882352941177
1786465776,200,POST,/integrations/v2/encounters/update,1.800000,0.000000,18000,19000,19000,20000,21000,23000,23000,23000,23000,23000,23000,36,0,12000,12182.14331093865,1108.1928173080087,22795.91013956815,239.05555555555554
1786465776,200,,Aggregated,1.800000,0.000000,18000,19000,19000,20000,21000,23000,23000,23000,23000,23000,23000,36,0,12000,12182.14331093865,1108.1928173080087,22795.91013956815,239.05555555555554
1786465777,200,POST,/integrations/v2/encounters/update,1.500000,0.000000,18000,19000,20000,20000,23000,24000,24000,24000,24000,24000,24000,37,0,12000,12488.73891032024,1108.1928173080087,23526.180488057435,239.05405405405406
1786465777,200,,Aggregated,1.500000,0.000000,18000,19000,20000,20000,23000,24000,24000,24000,24000,24000,24000,37,0,12000,12488.73891032024,1108.1928173080087,23526.180488057435,239.05405405405406
1786465778,200,POST,/integrations/v2/encounters/update,1.500000,0.000000,18000,19000,20000,21000,23000,24000,24000,24000,24000,24000,24000,37,0,12000,12488.73891032024,1108.1928173080087,23526.180488057435,239.05405405405406
1786465778,200,,Aggregated,1.500000,0.000000,18000,19000,20000,21000,23000,24000,24000,24000,24000,24000,24000,37,0,12000,12488.73891032024,1108.1928173080087,23526.180488057435,239.05405405405406
1786465780,200,POST,/integrations/v2/encounters/update,1.600000,0.000000,19000,20000,23000,23000,24000,24000,24000,24000,24000,24000,24000,39,0,13000,13085.107235572277,1108.1928173080087,24427.09268257022,239.05128205128204
1786465780,200,,Aggregated,1.600000,0.000000,19000,20000,23000,23000,24000,24000,24000,24000,24000,24000,24000,39,0,13000,13085.107235572277,1108.1928173080087,24427.09268257022,239.05128205128204
1786465781,200,POST,/integrations/v2/encounters/update,1.700000,0.000000,20000,23000,24000,24000,25000,25000,25000,25000,25000,25000,25000,41,0,13000,13666.966289713433,1108.1928173080087,25257.751470431685,239.0487804878049
1786465781,200,,Aggregated,1.700000,0.000000,20000,23000,24000,24000,25000,25000,25000,25000,25000,25000,25000,41,0,13000,13666.966289713433,1108.1928173080087,25257.751470431685,239.0487804878049
1786465782,200,POST,/integrations/v2/encounters/update,1.500000,0.000000,23000,24000,24000,24000,25000,25000,25000,25000,25000,25000,25000,43,0,13000,14144.1469433999,1108.1928173080087,25257.751470431685,239.04651162790697
1786465782,200,,Aggregated,1.500000,0.000000,23000,24000,24000,24000,25000,25000,25000,25000,25000,25000,25000,43,0,13000,14144.1469433999,1108.1928173080087,25257.751470431685,239.04651162790697
1786465783,200,POST,/integrations/v2/encounters/update,1.600000,0.000000,23000,24000,24000,25000,25000,25000,25000,25000,25000,25000,25000,44,0,13000,14393.379492939195,1108.1928173080087,25257.751470431685,239.04545454545453
1786465783,200,,Aggregated,1.600000,0.000000,23000,24000,24000,25000,25000,25000,25000,25000,25000,25000,25000,44,0,13000,14393.379492939195,1108.1928173080087,25257.751470431685,239.04545454545453
1786465784,200,POST,/integrations/v2/encounters/update,1.600000,0.000000,24000,24000,25000,25000,25000,25000,25000,25000,25000,25000,25000,44,0,13000,14393.379492939195,1108.1928173080087,25257.751470431685,239.04545454545453
1786465784,200,,Aggregated,1.600000,0.000000,24000,24000,25000,25000,25000,25000,25000,25000,25000,25000,25000,44,0,13000,14393.379492939195,1108.1928173080087,25257.751470431685,239.04545454545453
1786465785,200,POST,/integrations/v2/encounters/update,1.900000,0.000000,24000,25000,25000,25000,26000,32000,32000,32000,32000,32000,32000,46,0,14000,15040.225140284747,1108.1928173080087,32079.479861073196,239.04347826086956
1786465785,200,,Aggregated,1.900000,0.000000,24000,25000,25000,25000,26000,32000,32000,32000,32000,32000,32000,46,0,14000,15040.225140284747,1108.1928173080087,32079.479861073196,239.04347826086956
1786465786,200,POST,/integrations/v2/encounters/update,1.500000,0.000000,25000,25000,27000,27000,31000,32000,32000,32000,32000,32000,32000,48,0,16000,15624.536642203262,1108.1928173080087,32079.479861073196,239.04166666666666
1786465786,200,,Aggregated,1.500000,0.000000,25000,25000,27000,27000,31000,32000,32000,32000,32000,32000,32000,48,0,16000,15624.536642203262,1108.1928173080087,32079.479861073196,239.04166666666666
1786465787,200,POST,/integrations/v2/encounters/update,1.100000,0.000000,25000,27000,30000,30000,31000,32000,32000,32000,32000,32000,32000,50,0,16000,16213.534630835056,1108.1928173080087,32079.479861073196,239.04
1786465787,200,,Aggregated,1.100000,0.000000,25000,27000,30000,30000,31000,32000,32000,32000,32000,32000,32000,50,0,16000,16213.534630835056,1108.1928173080087,32079.479861073196,239.04
1786465788,200,POST,/integrations/v2/encounters/update,1.400000,0.000000,26000,30000,30000,31000,32000,37000,37000,37000,37000,37000,37000,51,0,17000,16616.38140714928,1108.1928173080087,36758.720222860575,239.0392156862745
1786465788,200,,Aggregated,1.400000,0.000000,26000,30000,30000,31000,32000,37000,37000,37000,37000,37000,37000,51,0,17000,16616.38140714928,1108.1928173080087,36758.720222860575,239.0392156862745
1786465789,200,POST,/integrations/v2/encounters/update,1.400000,0.000000,27000,30000,31000,32000,36000,37000,37000,37000,37000,37000,37000,52,0,17000,16985.259694781584,1108.1928173080087,36758.720222860575,239.03846153846155
1786465789,200,,Aggregated,1.400000,0.000000,27000,30000,31000,32000,36000,37000,37000,37000,37000,37000,37000,52,0,17000,16985.259694781584,1108.1928173080087,36758.720222860575,239.03846153846155
1786465790,200,POST,/integrations/v2/encounters/update,1.400000,0.000000,30000,31000,35000,35000,36000,37000,37000,37000,37000,37000,37000,53,0,18000,17318.2192271013,1108.1928173080087,36758.720222860575,239.03773584905662
1786465790,200,,Aggregated,1.400000,0.000000,30000,31000,35000,35000,36000,37000,37000,37000,37000,37000,37000,53,0,18000,17318.2192271013,1108.1928173080087,36758.720222860575,239.03773584905662
1786465791,200,POST,/integrations/v2/encounters/update,1.400000,0.000000,31000,32000,35000,36000,37000,37000,37000,37000,37000,37000,37000,53,0,18000,17318.2192271013,1108.1928173080087,36758.720222860575,239.03773584905662
1786465791,200,,Aggregated,1.400000,0.000000,31000,32000,35000,36000,37000,37000,37000,37000,37000,37000,37000,53,0,18000,17318.2192271013,1108.1928173080087,36758.720222860575,239.03773584905662
1786465792,200,POST,/integrations/v2/encounters/update,1.500000,0.000000,32000,35000,36000,36000,37000,39000,39000,39000,39000,39000,39000,55,0,18000,18054.915345273912,1108.1928173080087,38859.03011914343,239.03636363636363
1786465792,200,,Aggregated,1.500000,0.000000,32000,35000,36000,36000,37000,39000,39000,39000,39000,39000,39000,55,0,18000,18054.915345273912,1108.1928173080087,38859.03011914343,239.03636363636363
1786465793,200,POST,/integrations/v2/encounters/update,1.400000,0.000000,35000,36000,36000,36000,37000,39000,39000,39000,39000,39000,39000,56,0,18000,18379.24604944419,1108.1928173080087,38859.03011914343,239.03571428571428
1786465793,200,,Aggregated,1.400000,0.000000,35000,36000,36000,36000,37000,39000,39000,39000,39000,39000,39000,56,0,18000,18379.24604944419,1108.1928173080087,38859.03011914343,239.03571428571428
1786465794,200,POST,/integrations/v2/encounters/update,1.200000,0.000000,35000,36000,36000,36000,37000,39000,39000,39000,39000,39000,39000,58,0,18000,18801.12610396062,1108.1928173080087,38859.03011914343,239.0344827586207
1786465794,200,,Aggregated,1.200000,0.000000,35000,36000,36000,36000,37000,39000,39000,39000,39000,39000,39000,58,0,18000,18801.12610396062,1108.1928173080087,38859.03011914343,239.0344827586207
1786465795,200,POST,/integrations/v2/encounters/update,1.200000,0.000000,36000,36000,36000,37000,39000,39000,39000,39000,39000,39000,39000,58,0,18000,18801.12610396062,1108.1928173080087,38859.03011914343,239.0344827586207
1786465795,200,,Aggregated,1.200000,0.000000,36000,36000,36000,37000,39000,39000,39000,39000,39000,39000,39000,58,0,18000,18801.12610396062,1108.1928173080087,38859.03011914343,239.0344827586207
1786465796,200,POST,/integrations/v2/encounters/update,1.200000,0.000000,36000,36000,38000,38000,39000,45000,45000,45000,45000,45000,45000,60,0,18000,19560.099870276947,1108.1928173080087,44744.98306773603,239.03333333333333
1786465796,200,,Aggregated,1.200000,0.000000,36000,36000,38000,38000,39000,45000,45000,45000,45000,45000,45000,60,0,18000,19560.099870276947,1108.1928173080087,44744.98306773603,239.03333333333333
1786465797,200,POST,/integrations/v2/encounters/update,1.200000,0.000000,36000,37000,38000,38000,39000,45000,45000,45000,45000,45000,45000,61,0,19000,19699.71894506426,1108.1928173080087,44744.98306773603,239.0327868852459
1786465797,200,,Aggregated,1.200000,0.000000,36000,37000,38000,38000,39000,45000,45000,45000,45000,45000,45000,61,0,19000,19699.71894506426,1108.1928173080087,44744.98306773603,239.0327868852459
1786465798,200,POST,/integrations/v2/encounters/update,1.200000,0.000000,36000,39000,40000,40000,42000,45000,45000,45000,45000,45000,45000,63,0,19000,20366.519281167595,1108.1928173080087,44744.98306773603,239.03174603174602
1786465798,200,,Aggregated,1.200000,0.000000,36000,39000,40000,40000,42000,45000,45000,45000,45000,45000,45000,63,0,19000,20366.519281167595,1108.1928173080087,44744.98306773603,239.03174603174602
1786465799,200,POST,/integrations/v2/encounters/update,1.200000,0.000000,36000,39000,40000,40000,42000,45000,45000,45000,45000,45000,45000,63,0,19000,20366.519281167595,1108.1928173080087,44744.98306773603,239.03174603174602
1786465799,200,,Aggregated,1.200000,0.000000,36000,39000,40000,40000,42000,45000,45000,45000,45000,45000,45000,63,0,19000,20366.519281167595,1108.1928173080087,44744.98306773603,239.03174603174602
1786465800,200,POST,/integrations/v2/encounters/update,1.000000,0.000000,39000,40000,42000,42000,45000,46000,46000,46000,46000,46000,46000,65,0,20000,21094.392681623307,1108.1928173080087,46403.44922617078,239.03076923076924
1786465800,200,,Aggregated,1.000000,0.000000,39000,40000,42000,42000,45000,46000,46000,46000,46000,46000,46000,65,0,20000,21094.392681623307,1108.1928173080087,46403.44922617078,239.03076923076924
1786465801,200,POST,/integrations/v2/encounters/update,1.000000,0.000000,40000,42000,42000,45000,46000,46000,46000,46000,46000,46000,46000,65,0,20000,21094.392681623307,1108.1928173080087,46403.44922617078,239.03076923076924
1786465801,200,,Aggregated,1.000000,0.000000,40000,42000,42000,45000,46000,46000,46000,46000,46000,46000,46000,65,0,20000,21094.392681623307,1108.1928173080087,46403.44922617078,239.03076923076924
1786465802,200,POST,/integrations/v2/encounters/update,1.100000,0.000000,42000,42000,43000,45000,46000,46000,46000,46000,46000,46000,46000,66,0,20000,21423.73567215647,1108.1928173080087,46403.44922617078,239.03030303030303
1786465802,200,,Aggregated,1.100000,0.000000,42000,42000,43000,45000,46000,46000,46000,46000,46000,46000,46000,66,0,20000,21423.73567215647,1108.1928173080087,46403.44922617078,239.03030303030303
1786465803,200,POST,/integrations/v2/encounters/update,1.200000,0.000000,42000,43000,43000,43000,45000,46000,46000,46000,46000,46000,46000,68,0,20000,22058.07453458307,1108.1928173080087,46403.44922617078,239.02941176470588
1786465803,200,,Aggregated,1.200000,0.000000,42000,43000,43000,43000,45000,46000,46000,46000,46000,46000,46000,68,0,20000,22058.07453458307,1108.1928173080087,46403.44922617078,239.02941176470588
1786465804,200,POST,/integrations/v2/encounters/update,1.200000,0.000000,43000,43000,44000,44000,45000,46000,46000,46000,46000,46000,46000,70,0,21000,22679.343187476374,1108.1928173080087,46403.44922617078,239.02857142857144
1786465804,200,,Aggregated,1.200000,0.000000,43000,43000,44000,44000,45000,46000,46000,46000,46000,46000,46000,70,0,21000,22679.343187476374,1108.1928173080087,46403.44922617078,239.02857142857144
1786465805,200,POST,/integrations/v2/encounters/update,1.100000,0.000000,43000,44000,44000,45000,45000,46000,46000,46000,46000,46000,46000,71,0,23000,22995.047024267555,1108.1928173080087,46403.44922617078,239.0281690140845
1786465805,200,,Aggregated,1.100000,0.000000,43000,44000,44000,45000,45000,46000,46000,46000,46000,46000,46000,71,0,23000,22995.047024267555,1108.1928173080087,46403.44922617078,239.0281690140845
1786465806,200,POST,/integrations/v2/encounters/update,1.200000,0.000000,43000,44000,45000,45000,46000,48000,48000,48000,48000,48000,48000,73,0,23000,23642.085712836826,1108.1928173080087,48142.64928083867,239.02739726027397
1786465806,200,,Aggregated,1.200000,0.000000,43000,44000,45000,45000,46000,48000,48000,48000,48000,48000,48000,73,0,23000,23642.085712836826,1108.1928173080087,48142.64928083867,239.02739726027397
1786465807,200,POST,/integrations/v2/encounters/update,1.200000,0.000000,44000,45000,46000,46000,47000,48000,48000,48000,48000,48000,48000,74,0,23000,23957.642425619368,1108.1928173080087,48142.64928083867,239.02702702702703
1786465807,200,,Aggregated,1.200000,0.000000,44000,45000,46000,46000,47000,48000,48000,48000,48000,48000,48000,74,0,23000,23957.642425619368,1108.1928173080087,48142.64928083867,239.02702702702703
1786465808,200,POST,/integrations/v2/encounters/update,1.300000,0.000000,45000,45000,47000,47000,48000,52000,52000,52000,52000,52000,52000,75,0,24000,24328.82776112606,1108.1928173080087,51796.54258862138,239.02666666666667
1786465808,200,,Aggregated,1.300000,0.000000,45000,45000,47000,47000,48000,52000,52000,52000,52000,52000,52000,75,0,24000,24328.82776112606,1108.1928173080087,51796.54258862138,239.02666666666667
1786465809,200,POST,/integrations/v2/encounters/update,1.300000,0.000000,45000,46000,47000,48000,52000,52000,52000,52000,52000,52000,52000,76,0,24000,24690.232626897723,1108.1928173080087,51796.54258862138,239.02631578947367
1786465809,200,,Aggregated,1.300000,0.000000,45000,46000,47000,48000,52000,52000,52000,52000,52000,52000,52000,76,0,24000,24690.232626897723,1108.1928173080087,51796.54258862138,239.02631578947367
1786465810,200,POST,/integrations/v2/encounters/update,1.400000,0.000000,45000,45000,48000,48000,52000,52000,52000,52000,52000,52000,52000,77,0,24000,24949.55285060425,1108.1928173080087,51796.54258862138,239.02597402597402
1786465810,200,,Aggregated,1.400000,0.000000,45000,45000,48000,48000,52000,52000,52000,52000,52000,52000,52000,77,0,24000,24949.55285060425,1108.1928173080087,51796.54258862138,239.02597402597402
1786465811,200,POST,/integrations/v2/encounters/update,1.300000,0.000000,45000,46000,48000,48000,52000,52000,52000,52000,52000,52000,52000,78,0,24000,25218.52765688434,1108.1928173080087,51796.54258862138,239.02564102564102
1786465811,200,,Aggregated,1.300000,0.000000,45000,46000,48000,48000,52000,52000,52000,52000,52000,52000,52000,78,0,24000,25218.52765688434,1108.1928173080087,51796.54258862138,239.02564102564102
1786465812,200,POST,/integrations/v2/encounters/update,1.300000,0.000000,46000,47000,48000,48000,52000,52000,52000,52000,52000,52000,52000,79,0,24000,25494.561345257523,1108.1928173080087,51796.54258862138,239.0253164556962
1786465812,200,,Aggregated,1.300000,0.000000,46000,47000,48000,48000,52000,52000,52000,52000,52000,52000,52000,79,0,24000,25494.561345257523,1108.1928173080087,51796.54258862138,239.0253164556962
1786465813,200,POST,/integrations/v2/encounters/update,1.300000,0.000000,47000,47000,48000,52000,52000,52000,52000,52000,52000,52000,52000,79,0,24000,25494.561345257523,1108.1928173080087,51796.54258862138,239.0253164556962
1786465813,200,,Aggregated,1.300000,0.000000,47000,47000,48000,52000,52000,52000,52000,52000,52000,52000,52000,79,0,24000,25494.561345257523,1108.1928173080087,51796.54258862138,239.0253164556962
1786465814,200,POST,/integrations/v2/encounters/update,1.200000,0.000000,47000,48000,52000,52000,53000,53000,53000,53000,53000,53000,53000,80,0,24000,25836.51923169382,1108.1928173080087,52851.19226016104,239.025
1786465814,200,,Aggregated,1.200000,0.000000,47000,48000,52000,52000,53000,53000,53000,53000,53000,53000,53000,80,0,24000,25836.51923169382,1108.1928173080087,52851.19226016104,239.025
1786465815,200,POST,/integrations/v2/encounters/update,1.100000,0.000000,52000,53000,54000,55000,57000,57000,57000,57000,57000,57000,57000,83,0,25000,26897.6114984512,1108.1928173080087,57332.70003832877,239.03614457831324
1786465815,200,,Aggregated,1.100000,0.000000,52000,53000,54000,55000,57000,57000,57000,57000,57000,57000,57000,83,0,25000,26897.6114984512,1108.1928173080087,57332.70003832877,239.03614457831324
1786465816,200,POST,/integrations/v2/encounters/update,1.000000,0.000000,52000,54000,55000,55000,56000,57000,57000,57000,57000,57000,57000,85,0,25000,27509.50424564893,1108.1928173080087,57332.70003832877,239.04705882352943
1786465816,200,,Aggregated,1.000000,0.000000,52000,54000,55000,55000,56000,57000,57000,57000,57000,57000,57000,85,0,25000,27509.50424564893,1108.1928173080087,57332.70003832877,239.04705882352943
1786465817,200,POST,/integrations/v2/encounters/update,1.000000,0.000000,53000,54000,55000,56000,57000,57000,57000,57000,57000,57000,57000,85,0,25000,27509.50424564893,1108.1928173080087,57332.70003832877,239.04705882352943
1786465817,200,,Aggregated,1.000000,0.000000,53000,54000,55000,56000,57000,57000,57000,57000,57000,57000,57000,85,0,25000,27509.50424564893,1108.1928173080087,57332.70003832877,239.04705882352943
1786465818,200,POST,/integrations/v2/encounters/update,1.100000,0.000000,54000,55000,56000,56000,57000,57000,57000,57000,57000,57000,57000,86,0,25000,27844.60951930432,1108.1928173080087,57332.70003832877,239.04651162790697
1786465818,200,,Aggregated,1.100000,0.000000,54000,55000,56000,56000,57000,57000,57000,57000,57000,57000,57000,86,0,25000,27844.60951930432,1108.1928173080087,57332.70003832877,239.04651162790697
1786465819,200,POST,/integrations/v2/encounters/update,1.100000,0.000000,54000,56000,56000,56000,57000,58000,58000,58000,58000,58000,58000,87,0,25000,28195.757362402805,1108.1928173080087,58394.47186887264,239.04597701149424
1786465819,200,,Aggregated,1.100000,0.000000,54000,56000,56000,56000,57000,58000,58000,58000,58000,58000,58000,87,0,25000,28195.757362402805,1108.1928173080087,58394.47186887264,239.04597701149424
1786465820,200,POST,/integrations/v2/encounters/update,1.100000,0.000000,56000,57000,58000,58000,59000,61000,61000,61000,61000,61000,61000,90,0,26000,29228.132314897244,1108.1928173080087,60694.826495833695,239.04444444444445
1786465820,200,,Aggregated,1.100000,0.000000,56000,57000,58000,58000,59000,61000,61000,61000,61000,61000,61000,90,0,26000,29228.132314897244,1108.1928173080087,60694.826495833695,239.04444444444445
1786465821,200,POST,/integrations/v2/encounters/update,1.100000,0.000000,56000,57000,58000,59000,61000,63000,63000,63000,63000,63000,63000,92,0,27000,29870.302917931796,1108.1928173080087,63004.43277601153,239.04347826086956
1786465821,200,,Aggregated,1.100000,0.000000,56000,57000,58000,59000,61000,63000,63000,63000,63000,63000,63000,92,0,27000,29870.302917931796,1108.1928173080087,63004.43277601153,239.04347826086956
1786465822,200,POST,/integrations/v2/encounters/update,1.100000,0.000000,57000,57000,58000,58000,61000,63000,63000,63000,63000,63000,63000,95,0,30000,30711.960833127563,1108.1928173080087,63004.43277601153,239.0421052631579
1786465822,200,,Aggregated,1.100000,0.000000,57000,57000,58000,58000,61000,63000,63000,63000,63000,63000,63000,95,0,30000,30711.960833127563,1108.1928173080087,63004.43277601153,239.0421052631579
1786465823,200,POST,/integrations/v2/encounters/update,1.100000,0.000000,57000,57000,58000,59000,61000,63000,63000,63000,63000,63000,63000,95,0,30000,30711.960833127563,1108.1928173080087,63004.43277601153,239.0421052631579
1786465823,200,,Aggregated,1.100000,0.000000,57000,57000,58000,59000,61000,63000,63000,63000,63000,63000,63000,95,0,30000,30711.960833127563,1108.1928173080087,63004.43277601153,239.0421052631579
1786465824,200,POST,/integrations/v2/encounters/update,1.600000,0.000000,57000,58000,59000,59000,63000,68000,68000,68000,68000,68000,68000,98,0,30000,31648.71512216573,1108.1928173080087,68199.02020785958,239.0408163265306
1786465824,200,,Aggregated,1.600000,0.000000,57000,58000,59000,59000,63000,68000,68000,68000,68000,68000,68000,98,0,30000,31648.71512216573,1108.1928173080087,68199.02020785958,239.0408163265306
1786465825,200,POST,/integrations/v2/encounters/update,1.600000,0.000000,58000,59000,63000,63000,65000,68000,68000,68000,68000,68000,68000,100,0,30000,32313.5955342371,1108.1928173080087,68199.02020785958,239.04
1786465825,200,,Aggregated,1.600000,0.000000,58000,59000,63000,63000,65000,68000,68000,68000,68000,68000,68000,100,0,30000,32313.5955342371,1108.1928173080087,68199.02020785958,239.04
1786465826,200,POST,/integrations/v2/encounters/update,1.700000,0.000000,61000,64000,65000,65000,68000,71000,71000,71000,71000,71000,71000,105,0,32000,33913.81147200508,1108.1928173080087,71362.06945311278,239.03809523809525
1786465826,200,,Aggregated,1.700000,0.000000,61000,64000,65000,65000,68000,71000,71000,71000,71000,71000,71000,105,0,32000,33913.81147200508,1108.1928173080087,71362.06945311278,239.03809523809525
1786465827,200,POST,/integrations/v2/encounters/update,1.800000,0.000000,62000,65000,65000,66000,68000,71000,73000,73000,73000,73000,73000,108,0,35000,34794.47719248667,1108.1928173080087,73367.44682956487,239.03703703703704
1786465827,200,,Aggregated,1.800000,0.000000,62000,65000,65000,66000,68000,71000,73000,73000,73000,73000,73000,108,0,35000,34794.47719248667,1108.1928173080087,73367.44682956487,239.03703703703704
1786465828,200,POST,/integrations/v2/encounters/update,1.800000,0.000000,62000,65000,65000,66000,68000,71000,73000,73000,73000,73000,73000,111,0,36000,35466.547028228706,1108.1928173080087,73367.44682956487,239.03603603603602
1786465828,200,,Aggregated,1.800000,0.000000,62000,65000,65000,66000,68000,71000,73000,73000,73000,73000,73000,111,0,36000,35466.547028228706,1108.1928173080087,73367.44682956487,239.03603603603602
1786465829,200,POST,/integrations/v2/encounters/update,2.000000,0.000000,63000,65000,65000,66000,68000,71000,73000,73000,73000,73000,73000,114,0,36000,36233.61018651345,1108.1928173080087,73367.44682956487,239.03508771929825
1786465829,200,,Aggregated,2.000000,0.000000,63000,65000,65000,66000,68000,71000,73000,73000,73000,73000,73000,114,0,36000,36233.61018651345,1108.1928173080087,73367.44682956487,239.03508771929825
1786465830,200,POST,/integrations/v2/encounters/update,2.200000,0.000000,65000,65000,66000,66000,68000,71000,73000,73000,73000,73000,73000,117,0,38000,36977.61512144158,1108.1928173080087,73367.44682956487,239.03418803418805
1786465830,200,,Aggregated,2.200000,0.000000,65000,65000,66000,66000,68000,71000,73000,73000,73000,73000,73000,117,0,38000,36977.61512144158,1108.1928173080087,73367.44682956487,239.03418803418805
1786465831,200,POST,/integrations/v2/encounters/update,2.200000,0.000000,65000,65000,66000,66000,68000,71000,73000,73000,73000,73000,73000,117,0,38000,36977.61512144158,1108.1928173080087,73367.44682956487,239.03418803418805
1786465831,200,,Aggregated,2.200000,0.000000,65000,65000,66000,66000,68000,71000,73000,73000,73000,73000,73000,117,0,38000,36977.61512144158,1108.1928173080087,73367.44682956487,239.03418803418805
1786465832,200,POST,/integrations/v2/encounters/update,2.800000,0.000000,65000,66000,68000,68000,73000,74000,78000,78000,78000,78000,78000,123,1,40000,38065.15351208154,305.6318396702409,77842.25606452674,238.01626016260164
1786465832,200,,Aggregated,2.800000,0.000000,65000,66000,68000,68000,73000,74000,78000,78000,78000,78000,78000,123,1,40000,38065.15351208154,305.6318396702409,77842.25606452674,238.01626016260164
1786465833,200,POST,/integrations/v2/encounters/update,2.500000,0.000000,65000,66000,68000,68000,73000,74000,78000,78000,78000,78000,78000,125,1,42000,38479.46975980699,305.6318396702409,77842.25606452674,238.032
1786465833,200,,Aggregated,2.500000,0.000000,65000,66000,68000,68000,73000,74000,78000,78000,78000,78000,78000,125,1,42000,38479.46975980699,305.6318396702409,77842.25606452674,238.032
1786465834,200,POST,/integrations/v2/encounters/update,2.600000,0.000000,65000,67000,68000,68000,73000,74000,78000,78000,78000,78000,78000,127,1,42000,38915.34063187758,305.6318396702409,77842.25606452674,238.04724409448818
1786465834,200,,Aggregated,2.600000,0.000000,65000,67000,68000,68000,73000,74000,78000,78000,78000,78000,78000,127,1,42000,38915.34063187758,305.6318396702409,77842.25606452674,238.04724409448818
1786465835,200,POST,/integrations/v2/encounters/update,2.600000,0.000000,66000,67000,68000,68000,73000,74000,78000,78000,78000,78000,78000,127,1,42000,38915.34063187758,305.6318396702409,77842.25606452674,238.04724409448818
1786465835,200,,Aggregated,2.600000,0.000000,66000,67000,68000,68000,73000,74000,78000,78000,78000,78000,78000,127,1,42000,38915.34063187758,305.6318396702409,77842.25606452674,238.04724409448818
1786465836,200,POST,/integrations/v2/encounters/update,2.600000,0.000000,66000,67000,68000,68000,74000,78000,78000,78000,78000,78000,78000,127,1,42000,38915.34063187758,305.6318396702409,77842.25606452674,238.04724409448818
1786465836,200,,Aggregated,2.600000,0.000000,66000,67000,68000,68000,74000,78000,78000,78000,78000,78000,78000,127,1,42000,38915.34063187758,305.6318396702409,77842.25606452674,238.04724409448818
1786465837,200,POST,/integrations/v2/encounters/update,2.600000,0.000000,67000,68000,68000,68000,74000,78000,78000,78000,78000,78000,78000,127,1,42000,38915.34063187758,305.6318396702409,77842.25606452674,238.04724409448818
1786465837,200,,Aggregated,2.600000,0.000000,67000,68000,68000,68000,74000,78000,78000,78000,78000,78000,78000,127,1,42000,38915.34063187758,305.6318396702409,77842.25606452674,238.04724409448818
1786465838,200,POST,/integrations/v2/encounters/update,2.300000,0.100000,68000,68000,71000,73000,74000,78000,78000,78000,78000,78000,78000,128,2,42000,39165.415263072646,305.6318396702409,77842.25606452674,236.3515625
1786465838,200,,Aggregated,2.300000,0.100000,68000,68000,71000,73000,74000,78000,78000,78000,78000,78000,78000,128,2,42000,39165.415263072646,305.6318396702409,77842.25606452674,236.3515625
1786465839,200,POST,/integrations/v2/encounters/update,2.300000,0.100000,68000,68000,73000,74000,78000,84000,84000,84000,84000,84000,84000,129,3,43000,39512.21823386213,305.6318396702409,83902.99849491566,234.68217054263565
1786465839,200,,Aggregated,2.300000,0.100000,68000,68000,73000,74000,78000,84000,84000,84000,84000,84000,84000,129,3,43000,39512.21823386213,305.6318396702409,83902.99849491566,234.68217054263565
1786465840,200,POST,/integrations/v2/encounters/update,2.300000,0.100000,68000,71000,74000,74000,78000,84000,84000,84000,84000,84000,84000,129,3,43000,39512.21823386213,305.6318396702409,83902.99849491566,234.68217054263565
1786465840,200,,Aggregated,2.300000,0.100000,68000,71000,74000,74000,78000,84000,84000,84000,84000,84000,84000,129,3,43000,39512.21823386213,305.6318396702409,83902.99849491566,234.68217054263565
1786465841,200,POST,/integrations/v2/encounters/update,2.300000,0.100000,68000,71000,73000,73000,84000,84000,84000,84000,84000,84000,84000,129,3,43000,39512.21823386213,305.6318396702409,83902.99849491566,234.68217054263565
1786465841,200,,Aggregated,2.300000,0.100000,68000,71000,73000,73000,84000,84000,84000,84000,84000,84000,84000,129,3,43000,39512.21823386213,305.6318396702409,83902.99849491566,234.68217054263565
1786465842,200,POST,/integrations/v2/encounters/update,2.300000,0.100000,71000,73000,73000,84000,84000,84000,84000,84000,84000,84000,84000,129,3,43000,39512.21823386213,305.6318396702409,83902.99849491566,234.68217054263565
1786465842,200,,Aggregated,2.300000,0.100000,71000,73000,73000,84000,84000,84000,84000,84000,84000,84000,84000,129,3,43000,39512.21823386213,305.6318396702409,83902.99849491566,234.68217054263565
1786465843,200,POST,/integrations/v2/encounters/update,1.200000,0.300000,75000,76000,76000,84000,84000,84000,84000,84000,84000,84000,84000,131,4,43000,40062.47810321995,305.6318396702409,83902.99849491566,233.85496183206106
1786465843,200,,Aggregated,1.200000,0.300000,75000,76000,76000,84000,84000,84000,84000,84000,84000,84000,84000,131,4,43000,40062.47810321995,305.6318396702409,83902.99849491566,233.85496183206106
1786465844,200,POST,/integrations/v2/encounters/update,1.200000,0.300000,75000,76000,76000,76000,84000,84000,84000,84000,84000,84000,84000,133,4,43000,40554.13243700435,305.6318396702409,83902.99849491566,233.93233082706766
1786465844,200,,Aggregated,1.200000,0.300000,75000,76000,76000,76000,84000,84000,84000,84000,84000,84000,84000,133,4,43000,40554.13243700435,305.6318396702409,83902.99849491566,233.93233082706766
1786465845,200,POST,/integrations/v2/encounters/update,0.700000,0.300000,76000,76000,77000,77000,84000,84000,84000,84000,84000,84000,84000,136,4,44000,41346.53031496632,305.6318396702409,83902.99849491566,234.0441176470588
1786465845,200,,Aggregated,0.700000,0.300000,76000,76000,77000,77000,84000,84000,84000,84000,84000,84000,84000,136,4,44000,41346.53031496632,305.6318396702409,83902.99849491566,234.0441176470588
1786465846,200,POST,/integrations/v2/encounters/update,0.700000,0.300000,76000,77000,77000,77000,84000,88000,88000,88000,88000,88000,88000,139,7,44000,41697.66431269672,305.6318396702409,87943.81373655051,230.20143884892087
1786465846,200,,Aggregated,0.700000,0.300000,76000,77000,77000,77000,84000,88000,88000,88000,88000,88000,88000,139,7,44000,41697.66431269672,305.6318396702409,87943.81373655051,230.20143884892087
1786465847,200,POST,/integrations/v2/encounters/update,0.700000,0.300000,76000,77000,77000,77000,84000,88000,88000,88000,88000,88000,88000,139,7,44000,41697.66431269672,305.6318396702409,87943.81373655051,230.20143884892087
1786465847,200,,Aggregated,0.700000,0.300000,76000,77000,77000,77000,84000,88000,88000,88000,88000,88000,88000,139,7,44000,41697.66431269672,305.6318396702409,87943.81373655051,230.20143884892087
1786465848,200,POST,/integrations/v2/encounters/update,1.000000,0.400000,76000,77000,77000,80000,84000,88000,88000,88000,88000,88000,88000,140,8,44000,41970.17674108834,305.6318396702409,87943.81373655051,228.70714285714286
1786465848,200,,Aggregated,1.000000,0.400000,76000,77000,77000,80000,84000,88000,88000,88000,88000,88000,88000,140,8,44000,41970.17674108834,305.6318396702409,87943.81373655051,228.70714285714286
1786465849,200,POST,/integrations/v2/encounters/update,1.000000,0.400000,76000,77000,77000,80000,84000,88000,88000,88000,88000,88000,88000,140,8,44000,41970.17674108834,305.6318396702409,87943.81373655051,228.70714285714286
1786465849,200,,Aggregated,1.000000,0.400000,76000,77000,77000,80000,84000,88000,88000,88000,88000,88000,88000,140,8,44000,41970.17674108834,305.6318396702409,87943.81373655051,228.70714285714286
1786465850,200,POST,/integrations/v2/encounters/update,1.200000,0.600000,77000,77000,80000,80000,83000,88000,88000,88000,88000,88000,88000,141,9,45000,42263.801368990426,305.6318396702409,87943.81373655051,227.2340425531915
1786465850,200,,Aggregated,1.200000,0.600000,77000,77000,80000,80000,83000,88000,88000,88000,88000,88000,88000,141,9,45000,42263.801368990426,305.6318396702409,87943.81373655051,227.2340425531915
1786465851,200,POST,/integrations/v2/encounters/update,1.100000,0.500000,77000,80000,81000,81000,83000,88000,88000,88000,88000,88000,88000,145,9,45000,43335.25337417578,305.6318396702409,87943.81373655051,227.5655172413793
1786465851,200,,Aggregated,1.100000,0.500000,77000,80000,81000,81000,83000,88000,88000,88000,88000,88000,88000,145,9,45000,43335.25337417578,305.6318396702409,87943.81373655051,227.5655172413793
1786465852,200,POST,/integrations/v2/encounters/update,1.200000,0.600000,80000,81000,82000,83000,86000,88000,88000,88000,88000,88000,88000,148,11,45000,44148.48251316722,305.6318396702409,87943.81373655051,227.6081081081081
1786465852,200,,Aggregated,1.200000,0.600000,80000,81000,82000,83000,86000,88000,88000,88000,88000,88000,88000,148,11,45000,44148.48251316722,305.6318396702409,87943.81373655051,227.6081081081081
1786465853,200,POST,/integrations/v2/encounters/update,1.200000,0.600000,81000,81000,83000,83000,86000,88000,88000,88000,88000,88000,88000,148,11,45000,44148.48251316722,305.6318396702409,87943.81373655051,227.6081081081081
1786465853,200,,Aggregated,1.200000,0.600000,81000,81000,83000,83000,86000,88000,88000,88000,88000,88000,88000,148,11,45000,44148.48251316722,305.6318396702409,87943.81373655051,227.6081081081081
1786465854,200,POST,/integrations/v2/encounters/update,1.800000,0.700000,81000,83000,83000,86000,88000,98000,98000,98000,98000,98000,98000,149,11,46000,44509.88714146309,305.6318396702409,97997.77212925255,227.68456375838926
1786465854,200,,Aggregated,1.800000,0.700000,81000,83000,83000,86000,88000,98000,98000,98000,98000,98000,98000,149,11,46000,44509.88714146309,305.6318396702409,97997.77212925255,227.68456375838926
1786465855,200,POST,/integrations/v2/encounters/update,1.700000,0.700000,83000,86000,88000,88000,90000,98000,98000,98000,98000,98000,98000,153,13,47000,45603.87205747656,305.6318396702409,97997.77212925255,227.79738562091504
1786465855,200,,Aggregated,1.700000,0.700000,83000,86000,88000,88000,90000,98000,98000,98000,98000,98000,98000,153,13,47000,45603.87205747656,305.6318396702409,97997.77212925255,227.79738562091504
1786465856,200,POST,/integrations/v2/encounters/update,1.700000,0.700000,83000,86000,88000,88000,90000,98000,98000,98000,98000,98000,98000,153,13,47000,45603.87205747656,305.6318396702409,97997.77212925255,227.79738562091504
1786465856,200,,Aggregated,1.700000,0.700000,83000,86000,88000,88000,90000,98000,98000,98000,98000,98000,98000,153,13,47000,45603.87205747656,305.6318396702409,97997.77212925255,227.79738562091504
1786465857,200,POST,/integrations/v2/encounters/update,1.700000,0.900000,83000,88000,88000,90000,100000,100000,100000,100000,100000,100000,100000,157,15,47000,46323.298755689124,305.6318396702409,100212.92467415333,225.97452229299364
1786465857,200,,Aggregated,1.700000,0.900000,83000,88000,88000,90000,100000,100000,100000,100000,100000,100000,100000,157,15,47000,46323.298755689124,305.6318396702409,100212.92467415333,225.97452229299364
1786465858,200,POST,/integrations/v2/encounters/update,1.700000,0.900000,83000,88000,88000,90000,100000,100000,100000,100000,100000,100000,100000,157,15,47000,46323.298755689124,305.6318396702409,100212.92467415333,225.97452229299364
1786465858,200,,Aggregated,1.700000,0.900000,83000,88000,88000,90000,100000,100000,100000,100000,100000,100000,100000,157,15,47000,46323.298755689124,305.6318396702409,100212.92467415333,225.97452229299364
1786465859,200,POST,/integrations/v2/encounters/update,1.600000,0.800000,86000,88000,88000,90000,100000,100000,100000,100000,100000,100000,100000,158,16,47000,46590.146785991004,305.6318396702409,100212.92467415333,224.6772151898734
1786465859,200,,Aggregated,1.600000,0.800000,86000,88000,88000,90000,100000,100000,100000,100000,100000,100000,100000,158,16,47000,46590.146785991004,305.6318396702409,100212.92467415333,224.6772151898734
1786465860,200,POST,/integrations/v2/encounters/update,1.600000,0.800000,88000,88000,90000,98000,100000,100000,100000,100000,100000,100000,100000,158,16,47000,46590.146785991004,305.6318396702409,100212.92467415333,224.6772151898734
1786465860,200,,Aggregated,1.600000,0.800000,88000,88000,90000,98000,100000,100000,100000,100000,100000,100000,100000,158,16,47000,46590.146785991004,305.6318396702409,100212.92467415333,224.6772151898734
1786465861,200,POST,/integrations/v2/encounters/update,1.600000,0.800000,88000,90000,98000,98000,100000,100000,100000,100000,100000,100000,100000,158,16,47000,46590.146785991004,305.6318396702409,100212.92467415333,224.6772151898734
1786465861,200,,Aggregated,1.600000,0.800000,88000,90000,98000,98000,100000,100000,100000,100000,100000,100000,100000,158,16,47000,46590.146785991004,305.6318396702409,100212.92467415333,224.6772151898734
1786465862,200,POST,/integrations/v2/encounters/update,1.700000,0.700000,89000,90000,97000,98000,100000,100000,100000,100000,100000,100000,100000,162,18,50000,47711.60542391195,305.6318396702409,100212.92467415333,227.37654320987653
1786465862,200,,Aggregated,1.700000,0.700000,89000,90000,97000,98000,100000,100000,100000,100000,100000,100000,100000,162,18,50000,47711.60542391195,305.6318396702409,100212.92467415333,227.37654320987653
1786465863,200,POST,/integrations/v2/encounters/update,1.700000,0.700000,90000,93000,97000,98000,100000,100000,100000,100000,100000,100000,100000,162,18,50000,47711.60542391195,305.6318396702409,100212.92467415333,227.37654320987653
1786465863,200,,Aggregated,1.700000,0.700000,90000,93000,97000,98000,100000,100000,100000,100000,100000,100000,100000,162,18,50000,47711.60542391195,305.6318396702409,100212.92467415333,227.37654320987653
1786465864,200,POST,/integrations/v2/encounters/update,1.400000,0.700000,90000,97000,100000,100000,100000,105000,105000,105000,105000,105000,105000,163,18,52000,48066.04029786733,305.6318396702409,105484.48987863958,227.4478527607362
1786465864,200,,Aggregated,1.400000,0.700000,90000,97000,100000,100000,100000,105000,105000,105000,105000,105000,105000,163,18,52000,48066.04029786733,305.6318396702409,105484.48987863958,227.4478527607362
1786465865,200,POST,/integrations/v2/encounters/update,1.300000,0.700000,93000,100000,100000,100000,105000,105000,105000,105000,105000,105000,105000,164,18,52000,48414.29891827425,305.6318396702409,105484.48987863958,227.51829268292684
1786465865,200,,Aggregated,1.300000,0.700000,93000,100000,100000,100000,105000,105000,105000,105000,105000,105000,105000,164,18,52000,48414.29891827425,305.6318396702409,105484.48987863958,227.51829268292684
1786465866,200,POST,/integrations/v2/encounters/update,1.400000,0.700000,93000,100000,104000,104000,105000,105000,105000,105000,105000,105000,105000,165,18,52000,48752.66330321743,305.6318396702409,105484.48987863958,227.5878787878788
1786465866,200,,Aggregated,1.400000,0.700000,93000,100000,104000,104000,105000,105000,105000,105000,105000,105000,105000,165,18,52000,48752.66330321743,305.6318396702409,105484.48987863958,227.5878787878788
1786465867,200,POST,/integrations/v2/encounters/update,1.500000,0.700000,104000,105000,105000,107000,113000,113000,113000,113000,113000,113000,113000,167,19,52000,49488.42109277465,305.6318396702409,113451.34382508695,226.4191616766467
1786465867,200,,Aggregated,1.500000,0.700000,104000,105000,105000,107000,113000,113000,113000,113000,113000,113000,113000,167,19,52000,49488.42109277465,305.6318396702409,113451.34382508695,226.4191616766467
1786465868,200,POST,/integrations/v2/encounters/update,1.200000,0.500000,104000,105000,107000,107000,110000,113000,113000,113000,113000,113000,113000,168,19,52000,49848.12739074031,305.6318396702409,113451.34382508695,226.49404761904762
1786465868,200,,Aggregated,1.200000,0.500000,104000,105000,107000,107000,110000,113000,113000,113000,113000,113000,113000,168,19,52000,49848.12739074031,305.6318396702409,113451.34382508695,226.49404761904762
1786465869,200,POST,/integrations/v2/encounters/update,1.300000,0.600000,104000,105000,107000,107000,110000,113000,113000,113000,113000,113000,113000,169,20,53000,50148.76780330518,305.6318396702409,113451.34382508695,225.27810650887574
1786465869,200,,Aggregated,1.300000,0.600000,104000,105000,107000,107000,110000,113000,113000,113000,113000,113000,113000,169,20,53000,50148.76780330518,305.6318396702409,113451.34382508695,225.27810650887574
1786465870,200,POST,/integrations/v2/encounters/update,1.300000,0.600000,104000,105000,107000,107000,110000,113000,113000,113000,113000,113000,113000,169,20,53000,50148.76780330518,305.6318396702409,113451.34382508695,225.27810650887574
1786465870,200,,Aggregated,1.300000,0.600000,104000,105000,107000,107000,110000,113000,113000,113000,113000,113000,113000,169,20,53000,50148.76780330518,305.6318396702409,113451.34382508695,225.27810650887574
1786465871,200,POST,/integrations/v2/encounters/update,1.300000,0.600000,105000,105000,107000,110000,113000,113000,113000,113000,113000,113000,113000,169,20,53000,50148.76780330518,305.6318396702409,113451.34382508695,225.27810650887574
1786465871,200,,Aggregated,1.300000,0.600000,105000,105000,107000,110000,113000,113000,113000,113000,113000,113000,113000,169,20,53000,50148.76780330518,305.6318396702409,113451.34382508695,225.27810650887574
1786465872,200,POST,/integrations/v2/encounters/update,1.100000,0.400000,107000,109000,110000,112000,113000,113000,113000,113000,113000,113000,113000,171,21,54000,50857.3254425656,305.6318396702409,113451.34382508695,224.16374269005848
1786465872,200,,Aggregated,1.100000,0.400000,107000,109000,110000,112000,113000,113000,113000,113000,113000,113000,113000,171,21,54000,50857.3254425656,305.6318396702409,113451.34382508695,224.16374269005848
1786465873,200,POST,/integrations/v2/encounters/update,1.100000,0.400000,108000,109000,110000,112000,113000,113000,113000,113000,113000,113000,113000,172,22,54000,51187.99377722276,305.6318396702409,113451.34382508695,222.9825581395349
1786465873,200,,Aggregated,1.100000,0.400000,108000,109000,110000,112000,113000,113000,113000,113000,113000,113000,113000,172,22,54000,51187.99377722276,305.6318396702409,113451.34382508695,222.9825581395349
1786465874,200,POST,/integrations/v2/encounters/update,1.100000,0.400000,109000,110000,112000,112000,113000,113000,113000,113000,113000,113000,113000,172,22,54000,51187.99377722276,305.6318396702409,113451.34382508695,222.9825581395349
1786465874,200,,Aggregated,1.100000,0.400000,109000,110000,112000,112000,113000,113000,113000,113000,113000,113000,113000,172,22,54000,51187.99377722276,305.6318396702409,113451.34382508695,222.9825581395349
1786465875,200,POST,/integrations/v2/encounters/update,1.000000,0.400000,111000,111000,112000,112000,113000,113000,113000,113000,113000,113000,113000,175,22,55000,52219.13764712534,305.6318396702409,113451.34382508695,223.25714285714287
1786465875,200,,Aggregated,1.000000,0.400000,111000,111000,112000,112000,113000,113000,113000,113000,113000,113000,113000,175,22,55000,52219.13764712534,305.6318396702409,113451.34382508695,223.25714285714287
1786465876,200,POST,/integrations/v2/encounters/update,1.000000,0.400000,111000,111000,112000,112000,112000,112000,112000,112000,112000,112000,112000,177,22,56000,52893.86046638365,305.6318396702409,113451.34382508695,223.43502824858757
1786465876,200,,Aggregated,1.000000,0.400000,111000,111000,112000,112000,112000,112000,112000,112000,112000,112000,112000,177,22,56000,52893.86046638365,305.6318396702409,113451.34382508695,223.43502824858757
1786465877,200,POST,/integrations/v2/encounters/update,0.900000,0.400000,111000,112000,112000,112000,120000,121000,121000,121000,121000,121000,121000,180,23,56000,53962.15187799082,305.6318396702409,121201.8219307065,222.48333333333332
1786465877,200,,Aggregated,0.900000,0.400000,111000,112000,112000,112000,120000,121000,121000,121000,121000,121000,121000,180,23,56000,53962.15187799082,305.6318396702409,121201.8219307065,222.48333333333332
1786465878,200,POST,/integrations/v2/encounters/update,1.000000,0.400000,111000,111000,112000,112000,120000,121000,121000,121000,121000,121000,121000,183,26,56000,53303.80714180386,305.6318396702409,121201.8219307065,220.8360655737705
1786465878,200,,Aggregated,1.000000,0.400000,111000,111000,112000,112000,120000,121000,121000,121000,121000,121000,121000,183,26,56000,53303.80714180386,305.6318396702409,121201.8219307065,220.8360655737705
1786465879,200,POST,/integrations/v2/encounters/update,1.300000,0.400000,110000,111000,112000,112000,120000,121000,121000,121000,121000,121000,121000,187,27,56000,54424.256473470894,305.6318396702409,121201.8219307065,220.05882352941177
1786465879,200,,Aggregated,1.300000,0.400000,110000,111000,112000,112000,120000,121000,121000,121000,121000,121000,121000,187,27,56000,54424.256473470894,305.6318396702409,121201.8219307065,220.05882352941177
1786465880,200,POST,/integrations/v2/encounters/update,1.500000,0.700000,111000,112000,112000,115000,121000,122000,122000,122000,122000,122000,122000,188,27,56000,54786.297026129956,305.6318396702409,122487.88037337363,220.1595744680851
1786465880,200,,Aggregated,1.500000,0.700000,111000,112000,112000,115000,121000,122000,122000,122000,122000,122000,122000,188,27,56000,54786.297026129956,305.6318396702409,122487.88037337363,220.1595744680851
1786465881,200,POST,/integrations/v2/encounters/update,1.600000,0.700000,111000,111000,112000,112000,120000,121000,122000,122000,122000,122000,122000,191,28,57000,55510.652419842816,305.6318396702409,122487.88037337363,219.31413612565444
1786465881,200,,Aggregated,1.600000,0.700000,111000,111000,112000,112000,120000,121000,122000,122000,122000,122000,122000,191,28,57000,55510.652419842816,305.6318396702409,122487.88037337363,219.31413612565444
1786465882,200,POST,/integrations/v2/encounters/update,1.600000,0.700000,110000,111000,112000,112000,120000,121000,122000,122000,122000,122000,122000,192,29,57000,55744.330406872905,305.6318396702409,122487.88037337363,218.28125
1786465882,200,,Aggregated,1.600000,0.700000,110000,111000,112000,112000,120000,121000,122000,122000,122000,122000,122000,192,29,57000,55744.330406872905,305.6318396702409,122487.88037337363,218.28125
1786465883,200,POST,/integrations/v2/encounters/update,2.100000,0.800000,111000,111000,112000,114000,120000,121000,122000,122000,122000,122000,122000,194,31,57000,56317.43038805279,305.6318396702409,122487.88037337363,220.4536082474227
1786465883,200,,Aggregated,2.100000,0.800000,111000,111000,112000,114000,120000,121000,122000,122000,122000,122000,122000,194,31,57000,56317.43038805279,305.6318396702409,122487.88037337363,220.4536082474227
1786465884,200,POST,/integrations/v2/encounters/update,2.100000,0.800000,110000,111000,113000,114000,120000,121000,122000,122000,122000,122000,122000,195,32,57000,56609.093372819894,305.6318396702409,122487.88037337363,221.52307692307693
1786465884,200,,Aggregated,2.100000,0.800000,110000,111000,113000,114000,120000,121000,122000,122000,122000,122000,122000,195,32,57000,56609.093372819894,305.6318396702409,122487.88037337363,221.52307692307693
1786465885,200,POST,/integrations/v2/encounters/update,2.100000,0.800000,110000,113000,115000,117000,121000,122000,132000,132000,132000,132000,132000,198,33,58000,57506.5692619684,305.6318396702409,131687.6750215888,220.68686868686868
1786465885,200,,Aggregated,2.100000,0.800000,110000,113000,115000,117000,121000,122000,132000,132000,132000,132000,132000,198,33,58000,57506.5692619684,305.6318396702409,131687.6750215888,220.68686868686868
1786465886,200,POST,/integrations/v2/encounters/update,2.300000,1.000000,110000,114000,117000,119000,124000,132000,132000,132000,132000,132000,132000,200,33,58000,58146.23939162586,305.6318396702409,131687.6750215888,220.87
1786465886,200,,Aggregated,2.300000,1.000000,110000,114000,117000,119000,124000,132000,132000,132000,132000,132000,132000,200,33,58000,58146.23939162586,305.6318396702409,131687.6750215888,220.87
1786465887,200,POST,/integrations/v2/encounters/update,2.300000,1.100000,113000,115000,119000,122000,125000,132000,132000,132000,132000,132000,132000,201,33,58000,58477.247559636904,305.6318396702409,131687.6750215888,220.96019900497512
1786465887,200,,Aggregated,2.300000,1.100000,113000,115000,119000,122000,125000,132000,132000,132000,132000,132000,132000,201,33,58000,58477.247559636904,305.6318396702409,131687.6750215888,220.96019900497512
1786465888,200,POST,/integrations/v2/encounters/update,2.200000,1.100000,113000,117000,119000,122000,125000,125000,132000,132000,132000,132000,132000,205,35,58000,59059.84241564009,305.6318396702409,131687.6750215888,219.69756097560975
1786465888,200,,Aggregated,2.200000,1.100000,113000,117000,119000,122000,125000,125000,132000,132000,132000,132000,132000,205,35,58000,59059.84241564009,305.6318396702409,131687.6750215888,219.69756097560975
1786465889,200,POST,/integrations/v2/encounters/update,2.200000,1.100000,114000,119000,124000,125000,126000,132000,132000,132000,132000,132000,132000,207,35,59000,59576.28603159464,305.6318396702409,131687.6750215888,219.8840579710145
1786465889,200,,Aggregated,2.200000,1.100000,114000,119000,124000,125000,126000,132000,132000,132000,132000,132000,132000,207,35,59000,59576.28603159464,305.6318396702409,131687.6750215888,219.8840579710145
1786465890,200,POST,/integrations/v2/encounters/update,2.100000,0.900000,114000,118000,124000,125000,126000,132000,132000,132000,132000,132000,132000,208,36,58000,59313.75159600821,305.6318396702409,131687.6750215888,219.43269230769232
1786465890,200,,Aggregated,2.100000,0.900000,114000,118000,124000,125000,126000,132000,132000,132000,132000,132000,132000,208,36,58000,59313.75159600821,305.6318396702409,131687.6750215888,219.43269230769232
1786465891,200,POST,/integrations/v2/encounters/update,2.100000,0.900000,117000,124000,125000,125000,126000,132000,132000,132000,132000,132000,132000,209,36,59000,59635.09246718548,305.6318396702409,131687.6750215888,219.52631578947367
1786465891,200,,Aggregated,2.100000,0.900000,117000,124000,125000,125000,126000,132000,132000,132000,132000,132000,132000,209,36,59000,59635.09246718548,305.6318396702409,131687.6750215888,219.52631578947367
1786465892,200,POST,/integrations/v2/encounters/update,2.000000,0.800000,117000,124000,125000,126000,127000,132000,132000,132000,132000,132000,132000,213,37,59000,60096.858729910055,305.6318396702409,131687.6750215888,219.36150234741785
1786465892,200,,Aggregated,2.000000,0.800000,117000,124000,125000,126000,127000,132000,132000,132000,132000,132000,132000,213,37,59000,60096.858729910055,305.6318396702409,131687.6750215888,219.36150234741785
1786465893,200,POST,/integrations/v2/encounters/update,1.900000,0.800000,119000,125000,126000,126000,127000,132000,132000,132000,132000,132000,132000,215,37,60000,60705.529602967894,305.6318396702409,131687.6750215888,219.54418604651164
1786465893,200,,Aggregated,1.900000,0.800000,119000,125000,126000,126000,127000,132000,132000,132000,132000,132000,132000,215,37,60000,60705.529602967894,305.6318396702409,131687.6750215888,219.54418604651164
1786465894,200,POST,/integrations/v2/encounters/update,2.000000,0.800000,124000,125000,126000,126000,126000,127000,139000,139000,139000,139000,139000,219,37,62000,61800.12722457143,305.6318396702409,139499.3408182636,219.9041095890411
1786465894,200,,Aggregated,2.000000,0.800000,124000,125000,126000,126000,126000,127000,139000,139000,139000,139000,139000,219,37,62000,61800.12722457143,305.6318396702409,139499.3408182636,219.9041095890411
1786465895,200,POST,/integrations/v2/encounters/update,2.100000,0.700000,124000,125000,126000,126000,127000,129000,139000,139000,139000,139000,139000,224,37,63000,62727.96886056728,305.6318396702409,139499.3408182636,220.33035714285714
1786465895,200,,Aggregated,2.100000,0.700000,124000,125000,126000,126000,127000,129000,139000,139000,139000,139000,139000,224,37,63000,62727.96886056728,305.6318396702409,139499.3408182636,220.33035714285714
1786465896,200,POST,/integrations/v2/encounters/update,2.100000,0.500000,118000,125000,126000,126000,127000,129000,139000,139000,139000,139000,139000,228,38,63000,63189.275789854786,305.6318396702409,139499.3408182636,220.16228070175438
1786465896,200,,Aggregated,2.100000,0.500000,118000,125000,126000,126000,127000,129000,139000,139000,139000,139000,139000,228,38,63000,63189.275789854786,305.6318396702409,139499.3408182636,220.16228070175438
1786465897,200,POST,/integrations/v2/encounters/update,2.200000,0.400000,125000,126000,126000,127000,131000,137000,139000,139000,139000,139000,139000,231,38,64000,63953.29076044052,305.6318396702409,139499.3408182636,220.4069264069264
1786465897,200,,Aggregated,2.200000,0.400000,125000,126000,126000,127000,131000,137000,139000,139000,139000,139000,139000,231,38,64000,63953.29076044052,305.6318396702409,139499.3408182636,220.4069264069264
1786465898,200,POST,/integrations/v2/encounters/update,2.500000,0.400000,125000,126000,126000,127000,137000,139000,139000,139000,139000,139000,139000,233,38,65000,64535.76975555235,305.6318396702409,139499.3408182636,220.56652360515022
1786465898,200,,Aggregated,2.500000,0.400000,125000,126000,126000,127000,137000,139000,139000,139000,139000,139000,139000,233,38,65000,64535.76975555235,305.6318396702409,139499.3408182636,220.56652360515022
1786465899,200,POST,/integrations/v2/encounters/update,2.800000,0.500000,125000,126000,127000,129000,137000,139000,139000,139000,139000,139000,139000,239,38,65000,65893.81785996679,305.6318396702409,139499.3408182636,221.02928870292888
1786465899,200,,Aggregated,2.800000,0.500000,125000,126000,127000,129000,137000,139000,139000,139000,139000,139000,139000,239,38,65000,65893.81785996679,305.6318396702409,139499.3408182636,221.02928870292888
1786465900,200,POST,/integrations/v2/encounters/update,2.700000,0.300000,125000,126000,127000,129000,137000,139000,139000,139000,139000,139000,139000,241,38,65000,66112.89612378507,305.6318396702409,139499.3408182636,221.17842323651453
1786465900,200,,Aggregated,2.700000,0.300000,125000,126000,127000,129000,137000,139000,139000,139000,139000,139000,139000,241,38,65000,66112.89612378507,305.6318396702409,139499.3408182636,221.17842323651453
1786465901,200,POST,/integrations/v2/encounters/update,2.800000,0.300000,125000,126000,130000,131000,137000,139000,139000,139000,139000,139000,139000,243,38,65000,66659.60234906831,305.6318396702409,139499.3408182636,221.32510288065845
1786465901,200,,Aggregated,2.800000,0.300000,125000,126000,130000,131000,137000,139000,139000,139000,139000,139000,139000,243,38,65000,66659.60234906831,305.6318396702409,139499.3408182636,221.32510288065845
1786465902,200,POST,/integrations/v2/encounters/update,3.200000,0.300000,124000,126000,129000,131000,137000,139000,139000,139000,139000,139000,139000,247,38,66000,67378.99971326157,305.6318396702409,139499.3408182636,221.61133603238866
1786465902,200,,Aggregated,3.200000,0.300000,124000,126000,129000,131000,137000,139000,139000,139000,139000,139000,139000,247,38,66000,67378.99971326157,305.6318396702409,139499.3408182636,221.61133603238866
1786465903,200,POST,/integrations/v2/encounters/update,3.200000,0.200000,111000,126000,129000,131000,137000,139000,148000,148000,148000,148000,148000,249,38,66000,67845.52853275464,305.6318396702409,148302.6550579816,221.75100401606426
1786465903,200,,Aggregated,3.200000,0.200000,111000,126000,129000,131000,137000,139000,148000,148000,148000,148000,148000,249,38,66000,67845.52853275464,305.6318396702409,148302.6550579816,221.75100401606426
1786465904,200,POST,/integrations/v2/encounters/update,3.100000,0.100000,109000,126000,130000,135000,139000,146000,148000,148000,148000,148000,148000,253,38,67000,68568.84372903571,305.6318396702409,148302.6550579816,222.02371541501975
1786465904,200,,Aggregated,3.100000,0.100000,109000,126000,130000,135000,139000,146000,148000,148000,148000,148000,148000,253,38,67000,68568.84372903571,305.6318396702409,148302.6550579816,222.02371541501975
1786465905,200,POST,/integrations/v2/encounters/update,3.400000,0.100000,109000,126000,131000,135000,139000,146000,148000,148000,148000,148000,148000,255,38,68000,68803.76501052696,305.6318396702409,148302.6550579816,222.15686274509804
1786465905,200,,Aggregated,3.400000,0.100000,109000,126000,131000,135000,139000,146000,148000,148000,148000,148000,148000,255,38,68000,68803.76501052696,305.6318396702409,148302.6550579816,222.15686274509804
1786465906,200,POST,/integrations/v2/encounters/update,3.300000,0.100000,108000,130000,135000,137000,144000,146000,148000,148000,148000,148000,148000,257,38,68000,69193.81860316756,305.6318396702409,148302.6550579816,222.28793774319067
1786465906,200,,Aggregated,3.300000,0.100000,108000,130000,135000,137000,144000,146000,148000,148000,148000,148000,148000,257,38,68000,69193.81860316756,305.6318396702409,148302.6550579816,222.28793774319067
1786465907,200,POST,/integrations/v2/encounters/update,3.500000,0.100000,108000,126000,135000,139000,145000,146000,148000,148000,148000,148000,148000,261,38,68000,69878.60499536511,305.6318396702409,148302.6550579816,222.544061302682
1786465907,200,,Aggregated,3.500000,0.100000,108000,126000,135000,139000,145000,146000,148000,148000,148000,148000,148000,261,38,68000,69878.60499536511,305.6318396702409,148302.6550579816,222.544061302682
1786465908,200,POST,/integrations/v2/encounters/update,3.100000,0.100000,107000,124000,135000,135000,145000,147000,148000,148000,148000,148000,148000,266,38,71000,70662.13667569892,305.6318396702409,148302.6550579816,222.85338345864662
1786465908,200,,Aggregated,3.100000,0.100000,107000,124000,135000,135000,145000,147000,148000,148000,148000,148000,148000,266,38,71000,70662.13667569892,305.6318396702409,148302.6550579816,222.85338345864662
1786465909,200,POST,/integrations/v2/encounters/update,3.000000,0.000000,105000,124000,135000,135000,146000,147000,148000,148000,148000,148000,148000,271,38,73000,71246.91290605978,305.6318396702409,148302.6550579816,223.15129151291512
1786465909,200,,Aggregated,3.000000,0.000000,105000,124000,135000,135000,146000,147000,148000,148000,148000,148000,148000,271,38,73000,71246.91290605978,305.6318396702409,148302.6550579816,223.15129151291512
1786465910,200,POST,/integrations/v2/encounters/update,3.000000,0.000000,103000,124000,135000,135000,146000,147000,148000,148000,148000,148000,148000,272,38,73000,71333.3532311885,305.6318396702409,148302.6550579816,223.20955882352942
1786465910,200,,Aggregated,3.000000,0.000000,103000,124000,135000,135000,146000,147000,148000,148000,148000,148000,148000,272,38,73000,71333.3532311885,305.6318396702409,148302.6550579816,223.20955882352942
1786465911,200,POST,/integrations/v2/encounters/update,3.000000,0.000000,103000,108000,127000,144000,147000,147000,148000,148000,148000,148000,148000,272,38,73000,71333.3532311885,305.6318396702409,148302.6550579816,223.20955882352942
1786465911,200,,Aggregated,3.000000,0.000000,103000,108000,127000,144000,147000,147000,148000,148000,148000,148000,148000,272,38,73000,71333.3532311885,305.6318396702409,148302.6550579816,223.20955882352942
1786465912,200,POST,/integrations/v2/encounters/update,3.300000,0.000000,102000,127000,144000,146000,147000,148000,149000,149000,149000,149000,149000,273,38,74000,71616.9387472234,305.6318396702409,148752.19910871238,223.26739926739927
1786465912,200,,Aggregated,3.300000,0.000000,102000,127000,144000,146000,147000,148000,149000,149000,149000,149000,149000,273,38,74000,71616.9387472234,305.6318396702409,148752.19910871238,223.26739926739927
1786465913,200,POST,/integrations/v2/encounters/update,3.300000,0.000000,102000,107000,144000,145000,147000,147000,149000,149000,149000,149000,149000,273,38,74000,71616.9387472234,305.6318396702409,148752.19910871238,223.26739926739927
1786465913,200,,Aggregated,3.300000,0.000000,102000,107000,144000,145000,147000,147000,149000,149000,149000,149000,149000,273,38,74000,71616.9387472234,305.6318396702409,148752.19910871238,223.26739926739927
1786465914,200,POST,/integrations/v2/encounters/update,2.900000,0.000000,102000,127000,144000,145000,147000,147000,149000,149000,149000,149000,149000,275,38,75000,72052.93091041798,305.6318396702409,148752.19910871238,223.38181818181818
1786465914,200,,Aggregated,2.900000,0.000000,102000,127000,144000,145000,147000,147000,149000,149000,149000,149000,149000,275,38,75000,72052.93091041798,305.6318396702409,148752.19910871238,223.38181818181818
1786465915,200,POST,/integrations/v2/encounters/update,2.500000,0.000000,101000,133000,144000,145000,147000,147000,149000,149000,149000,149000,149000,278,38,75000,72402.77690066882,305.6318396702409,148752.19910871238,223.5503597122302
1786465915,200,,Aggregated,2.500000,0.000000,101000,133000,144000,145000,147000,147000,149000,149000,149000,149000,149000,278,38,75000,72402.77690066882,305.6318396702409,148752.19910871238,223.5503597122302
1786465916,200,POST,/integrations/v2/encounters/update,2.400000,0.000000,97000,116000,135000,145000,147000,147000,149000,149000,149000,149000,149000,279,38,76000,72491.25220291116,305.6318396702409,148752.19910871238,223.6057347670251
1786465916,200,,Aggregated,2.400000,0.000000,97000,116000,135000,145000,147000,147000,149000,149000,149000,149000,149000,279,38,76000,72491.25220291116,305.6318396702409,148752.19910871238,223.6057347670251
1786465917,200,POST,/integrations/v2/encounters/update,2.100000,0.000000,101000,133000,147000,147000,148000,149000,149000,149000,149000,149000,149000,281,38,76000,72836.46491198764,305.6318396702409,148752.19910871238,223.71530249110322
1786465917,200,,Aggregated,2.100000,0.000000,101000,133000,147000,147000,148000,149000,149000,149000,149000,149000,149000,281,38,76000,72836.46491198764,305.6318396702409,148752.19910871238,223.71530249110322
1786465918,200,POST,/integrations/v2/encounters/update,2.100000,0.000000,97000,116000,147000,147000,148000,149000,149000,149000,149000,149000,149000,281,38,76000,72836.46491198764,305.6318396702409,148752.19910871238,223.71530249110322
1786465918,200,,Aggregated,2.100000,0.000000,97000,116000,147000,147000,148000,149000,149000,149000,149000,149000,149000,281,38,76000,72836.46491198764,305.6318396702409,148752.19910871238,223.71530249110322
1786465919,200,POST,/integrations/v2/encounters/update,2.100000,0.000000,97000,116000,147000,147000,148000,149000,149000,149000,149000,149000,149000,281,38,76000,72836.46491198764,305.6318396702409,148752.19910871238,223.71530249110322
1786465919,200,,Aggregated,2.100000,0.000000,97000,116000,147000,147000,148000,149000,149000,149000,149000,149000,149000,281,38,76000,72836.46491198764,305.6318396702409,148752.19910871238,223.71530249110322
1786465920,200,POST,/integrations/v2/encounters/update,1.900000,0.000000,116000,147000,148000,148000,149000,153000,153000,153000,153000,153000,153000,283,38,76000,73248.11942481795,305.6318396702409,153311.11069303006,223.82332155477033
1786465920,200,,Aggregated,1.900000,0.000000,116000,147000,148000,148000,149000,153000,153000,153000,153000,153000,153000,283,38,76000,73248.11942481795,305.6318396702409,153311.11069303006,223.82332155477033
1786465921,200,POST,/integrations/v2/encounters/update,1.900000,0.000000,116000,147000,148000,148000,149000,153000,153000,153000,153000,153000,153000,283,38,76000,73248.11942481795,305.6318396702409,153311.11069303006,223.82332155477033
1786465921,200,,Aggregated,1.900000,0.000000,116000,147000,148000,148000,149000,153000,153000,153000,153000,153000,153000,283,38,76000,73248.11942481795,305.6318396702409,153311.11069303006,223.82332155477033
1786465922,200,POST,/integrations/v2/encounters/update,1.900000,0.000000,116000,147000,148000,148000,149000,153000,153000,153000,153000,153000,153000,283,38,76000,73248.11942481795,305.6318396702409,153311.11069303006,223.82332155477033
1786465922,200,,Aggregated,1.900000,0.000000,116000,147000,148000,148000,149000,153000,153000,153000,153000,153000,153000,283,38,76000,73248.11942481795,305.6318396702409,153311.11069303006,223.82332155477033
1786465923,200,POST,/integrations/v2/encounters/update,1.100000,0.000000,109000,133000,147000,147000,148000,153000,153000,153000,153000,153000,153000,284,38,76000,73350.11173802441,305.6318396702409,153311.11069303006,223.8767605633803
1786465923,200,,Aggregated,1.100000,0.000000,109000,133000,147000,147000,148000,153000,153000,153000,153000,153000,153000,284,38,76000,73350.11173802441,305.6318396702409,153311.11069303006,223.8767605633803
1786465924,200,POST,/integrations/v2/encounters/update,1.100000,0.000000,109000,119000,133000,148000,153000,153000,153000,153000,153000,153000,153000,285,38,76000,73509.04765478744,305.6318396702409,153311.11069303006,223.9298245614035
1786465924,200,,Aggregated,1.100000,0.000000,109000,119000,133000,148000,153000,153000,153000,153000,153000,153000,153000,285,38,76000,73509.04765478744,305.6318396702409,153311.11069303006,223.9298245614035
1786465925,200,POST,/integrations/v2/encounters/update,1.000000,0.000000,103000,109000,148000,148000,153000,157000,157000,157000,157000,157000,157000,290,38,77000,74164.2404701946,305.6318396702409,157484.13647897542,224.18965517241378
1786465925,200,,Aggregated,1.000000,0.000000,103000,109000,148000,148000,153000,157000,157000,157000,157000,157000,157000,290,38,77000,74164.2404701946,305.6318396702409,157484.13647897542,224.18965517241378
1786465926,200,POST,/integrations/v2/encounters/update,1.100000,0.000000,102000,109000,119000,148000,153000,157000,157000,157000,157000,157000,157000,293,38,78000,74419.91866901898,305.6318396702409,157484.13647897542,224.34129692832764
1786465926,200,,Aggregated,1.100000,0.000000,102000,109000,119000,148000,153000,157000,157000,157000,157000,157000,157000,293,38,78000,74419.91866901898,305.6318396702409,157484.13647897542,224.34129692832764
1786465927,200,POST,/integrations/v2/encounters/update,1.100000,0.000000,101000,103000,119000,119000,153000,157000,157000,157000,157000,157000,157000,295,38,79000,74578.99028698646,305.6318396702409,157484.13647897542,224.4406779661017
1786465927,200,,Aggregated,1.100000,0.000000,101000,103000,119000,119000,153000,157000,157000,157000,157000,157000,157000,295,38,79000,74578.99028698646,305.6318396702409,157484.13647897542,224.4406779661017
1786465928,200,POST,/integrations/v2/encounters/update,1.200000,0.000000,101000,103000,119000,122000,153000,157000,157000,157000,157000,157000,157000,296,38,79000,74738.24314484562,305.6318396702409,157484.13647897542,224.48986486486487
1786465928,200,,Aggregated,1.200000,0.000000,101000,103000,119000,122000,153000,157000,157000,157000,157000,157000,157000,296,38,79000,74738.24314484562,305.6318396702409,157484.13647897542,224.48986486486487
1786465929,200,POST,/integrations/v2/encounters/update,1.400000,0.000000,100000,103000,119000,120000,153000,157000,157000,157000,157000,157000,157000,300,38,80000,75130.67017083678,305.6318396702409,157484.13647897542,224.68666666666667
1786465929,200,,Aggregated,1.400000,0.000000,100000,103000,119000,120000,153000,157000,157000,157000,157000,157000,157000,300,38,80000,75130.67017083678,305.6318396702409,157484.13647897542,224.68666666666667
1786465930,200,POST,/integrations/v2/encounters/update,1.400000,0.000000,100000,103000,119000,120000,153000,157000,157000,157000,157000,157000,157000,300,38,80000,75130.67017083678,305.6318396702409,157484.13647897542,224.68666666666667
1786465930,200,,Aggregated,1.400000,0.000000,100000,103000,119000,120000,153000,157000,157000,157000,157000,157000,157000,300,38,80000,75130.67017083678,305.6318396702409,157484.13647897542,224.68666666666667
1786465931,200,POST,/integrations/v2/encounters/update,1.600000,0.000000,100000,102000,119000,120000,157000,162000,162000,162000,162000,162000,162000,301,38,80000,75419.86916251357,305.6318396702409,162179.56666555256,224.734219269103
1786465931,200,,Aggregated,1.600000,0.000000,100000,102000,119000,120000,157000,162000,162000,162000,162000,162000,162000,301,38,80000,75419.86916251357,305.6318396702409,162179.56666555256,224.734219269103
1786465932,200,POST,/integrations/v2/encounters/update,1.600000,0.000000,100000,102000,119000,120000,157000,162000,162000,162000,162000,162000,162000,301,38,80000,75419.86916251357,305.6318396702409,162179.56666555256,224.734219269103
1786465932,200,,Aggregated,1.600000,0.000000,100000,102000,119000,120000,157000,162000,162000,162000,162000,162000,162000,301,38,80000,75419.86916251357,305.6318396702409,162179.56666555256,224.734219269103
1786465933,200,POST,/integrations/v2/encounters/update,1.700000,0.000000,100000,103000,119000,120000,157000,162000,162000,162000,162000,162000,162000,303,38,81000,75601.08017205897,305.6318396702409,162179.56666555256,224.82838283828383
1786465933,200,,Aggregated,1.700000,0.000000,100000,103000,119000,120000,157000,162000,162000,162000,162000,162000,162000,303,38,81000,75601.08017205897,305.6318396702409,162179.56666555256,224.82838283828383
1786465934,200,POST,/integrations/v2/encounters/update,1.700000,0.000000,99000,102000,104000,120000,157000,162000,162000,162000,162000,162000,162000,303,38,81000,75601.08017205897,305.6318396702409,162179.56666555256,224.82838283828383
1786465934,200,,Aggregated,1.700000,0.000000,99000,102000,104000,120000,157000,162000,162000,162000,162000,162000,162000,303,38,81000,75601.08017205897,305.6318396702409,162179.56666555256,224.82838283828383
1786465935,200,POST,/integrations/v2/encounters/update,1.800000,0.000000,100000,104000,120000,122000,162000,176000,176000,176000,176000,176000,176000,304,38,81000,75930.72706889544,305.6318396702409,175813.73681034893,224.875
1786465935,200,,Aggregated,1.800000,0.000000,100000,104000,120000,122000,162000,176000,176000,176000,176000,176000,176000,304,38,81000,75930.72706889544,305.6318396702409,175813.73681034893,224.875
1786465936,200,POST,/integrations/v2/encounters/update,1.800000,0.000000,102000,120000,122000,122000,162000,176000,176000,176000,176000,176000,176000,304,38,81000,75930.72706889544,305.6318396702409,175813.73681034893,224.875
1786465936,200,,Aggregated,1.800000,0.000000,102000,120000,122000,122000,162000,176000,176000,176000,176000,176000,176000,304,38,81000,75930.72706889544,305.6318396702409,175813.73681034893,224.875
1786465937,200,POST,/integrations/v2/encounters/update,1.700000,0.000000,115000,120000,122000,162000,176000,176000,176000,176000,176000,176000,176000,305,38,81000,76059.11854941276,305.6318396702409,175813.73681034893,224.92131147540982
1786465937,200,,Aggregated,1.700000,0.000000,115000,120000,122000,162000,176000,176000,176000,176000,176000,176000,176000,305,38,81000,76059.11854941276,305.6318396702409,175813.73681034893,224.92131147540982
1786465938,200,POST,/integrations/v2/encounters/update,1.400000,0.000000,115000,120000,162000,176000,177000,177000,177000,177000,177000,177000,177000,306,38,81000,76388.09472687688,305.6318396702409,176725.8288534358,224.96732026143792
1786465938,200,,Aggregated,1.400000,0.000000,115000,120000,162000,176000,177000,177000,177000,177000,177000,177000,177000,306,38,81000,76388.09472687688,305.6318396702409,176725.8288534358,224.96732026143792
1786465940,200,POST,/integrations/v2/encounters/update,1.100000,0.000000,115000,162000,176000,176000,177000,177000,177000,177000,177000,177000,177000,307,38,81000,76502.50650085934,305.6318396702409,176725.8288534358,225.01302931596092
1786465940,200,,Aggregated,1.100000,0.000000,115000,162000,176000,176000,177000,177000,177000,177000,177000,177000,177000,307,38,81000,76502.50650085934,305.6318396702409,176725.8288534358,225.01302931596092
1786465941,200,POST,/integrations/v2/encounters/update,1.100000,0.000000,115000,162000,176000,176000,177000,177000,177000,177000,177000,177000,177000,307,38,81000,76502.50650085934,305.6318396702409,176725.8288534358,225.01302931596092
1786465941,200,,Aggregated,1.100000,0.000000,115000,162000,176000,176000,177000,177000,177000,177000,177000,177000,177000,307,38,81000,76502.50650085934,305.6318396702409,176725.8288534358,225.01302931596092
1786465942,200,POST,/integrations/v2/encounters/update,0.900000,0.000000,115000,115000,176000,176000,177000,177000,177000,177000,177000,177000,177000,309,38,82000,76750.09758661962,305.6318396702409,176725.8288534358,225.10355987055016
1786465942,200,,Aggregated,0.900000,0.000000,115000,115000,176000,176000,177000,177000,177000,177000,177000,177000,177000,309,38,82000,76750.09758661962,305.6318396702409,176725.8288534358,225.10355987055016
1786465943,200,POST,/integrations/v2/encounters/update,0.700000,0.000000,115000,115000,122000,176000,177000,177000,177000,177000,177000,177000,177000,310,38,82000,76896.93456174085,305.6318396702409,176725.8288534358,225.1483870967742
1786465943,200,,Aggregated,0.700000,0.000000,115000,115000,122000,176000,177000,177000,177000,177000,177000,177000,177000,310,38,82000,76896.93456174085,305.6318396702409,176725.8288534358,225.1483870967742
1786465944,200,POST,/integrations/v2/encounters/update,0.700000,0.000000,115000,122000,176000,176000,177000,177000,177000,177000,177000,177000,177000,311,38,83000,77002.76427570479,305.6318396702409,176725.8288534358,225.19292604501607
1786465944,200,,Aggregated,0.700000,0.000000,115000,122000,176000,176000,177000,177000,177000,177000,177000,177000,177000,311,38,83000,77002.76427570479,305.6318396702409,176725.8288534358,225.19292604501607
1786465945,200,POST,/integrations/v2/encounters/update,0.800000,0.000000,115000,115000,122000,152000,176000,177000,177000,177000,177000,177000,177000,316,38,83000,77542.59966702283,305.6318396702409,176725.8288534358,225.41139240506328
1786465945,200,,Aggregated,0.800000,0.000000,115000,115000,122000,152000,176000,177000,177000,177000,177000,177000,177000,316,38,83000,77542.59966702283,305.6318396702409,176725.8288534358,225.41139240506328
1786465946,200,POST,/integrations/v2/encounters/update,0.900000,0.000000,112000,115000,115000,122000,177000,182000,182000,182000,182000,182000,182000,321,38,86000,78113.76822223405,305.6318396702409,182079.1618078947,225.62305295950156
1786465946,200,,Aggregated,0.900000,0.000000,112000,115000,115000,122000,177000,182000,182000,182000,182000,182000,182000,321,38,86000,78113.76822223405,305.6318396702409,182079.1618078947,225.62305295950156
1786465947,200,POST,/integrations/v2/encounters/update,0.800000,0.000000,110000,115000,115000,122000,177000,182000,182000,182000,182000,182000,182000,322,38,86000,78191.5705753201,305.6318396702409,182079.1618078947,225.66459627329192
1786465947,200,,Aggregated,0.800000,0.000000,110000,115000,115000,122000,177000,182000,182000,182000,182000,182000,182000,322,38,86000,78191.5705753201,305.6318396702409,182079.1618078947,225.66459627329192
1786465948,200,POST,/integrations/v2/encounters/update,1.300000,0.000000,110000,115000,115000,122000,182000,185000,185000,185000,185000,185000,185000,323,38,88000,78522.51170049695,305.6318396702409,185085.5540074408,225.7058823529412
1786465948,200,,Aggregated,1.300000,0.000000,110000,115000,115000,122000,182000,185000,185000,185000,185000,185000,185000,323,38,88000,78522.51170049695,305.6318396702409,185085.5540074408,225.7058823529412
1786465949,200,POST,/integrations/v2/encounters/update,1.300000,0.000000,110000,115000,115000,122000,182000,185000,185000,185000,185000,185000,185000,323,38,88000,78522.51170049695,305.6318396702409,185085.5540074408,225.7058823529412
1786465949,200,,Aggregated,1.300000,0.000000,110000,115000,115000,122000,182000,185000,185000,185000,185000,185000,185000,323,38,88000,78522.51170049695,305.6318396702409,185085.5540074408,225.7058823529412
1786465950,200,POST,/integrations/v2/encounters/update,1.300000,0.000000,110000,115000,122000,122000,182000,185000,185000,185000,185000,185000,185000,323,38,88000,78522.51170049695,305.6318396702409,185085.5540074408,225.7058823529412
1786465950,200,,Aggregated,1.300000,0.000000,110000,115000,122000,122000,182000,185000,185000,185000,185000,185000,185000,323,38,88000,78522.51170049695,305.6318396702409,185085.5540074408,225.7058823529412
1786465951,200,POST,/integrations/v2/encounters/update,1.800000,0.000000,110000,112000,130000,152000,183000,185000,185000,185000,185000,185000,185000,327,38,88000,79063.96912998415,305.6318396702409,185085.5540074408,225.868501529052
1786465951,200,,Aggregated,1.800000,0.000000,110000,112000,130000,152000,183000,185000,185000,185000,185000,185000,185000,327,38,88000,79063.96912998415,305.6318396702409,185085.5540074408,225.868501529052
1786465952,200,POST,/integrations/v2/encounters/update,1.700000,0.000000,103000,110000,130000,152000,183000,185000,185000,185000,185000,185000,185000,329,38,88000,79189.08602477965,305.6318396702409,185085.5540074408,225.9483282674772
1786465952,200,,Aggregated,1.700000,0.000000,103000,110000,130000,152000,183000,185000,185000,185000,185000,185000,185000,329,38,88000,79189.08602477965,305.6318396702409,185085.5540074408,225.9483282674772
1786465953,200,POST,/integrations/v2/encounters/update,1.700000,0.000000,103000,110000,130000,152000,183000,185000,185000,185000,185000,185000,185000,329,38,88000,79189.08602477965,305.6318396702409,185085.5540074408,225.9483282674772
1786465953,200,,Aggregated,1.700000,0.000000,103000,110000,130000,152000,183000,185000,185000,185000,185000,185000,185000,329,38,88000,79189.08602477965,305.6318396702409,185085.5540074408,225.9483282674772
1786465954,200,POST,/integrations/v2/encounters/update,2.000000,0.000000,103000,130000,182000,183000,183000,185000,185000,185000,185000,185000,185000,330,38,88000,79502.80333291457,305.6318396702409,185085.5540074408,225.9878787878788
1786465954,200,,Aggregated,2.000000,0.000000,103000,130000,182000,183000,183000,185000,185000,185000,185000,185000,185000,330,38,88000,79502.80333291457,305.6318396702409,185085.5540074408,225.9878787878788
1786465955,200,POST,/integrations/v2/encounters/update,2.000000,0.000000,103000,130000,183000,183000,185000,185000,185000,185000,185000,185000,185000,330,38,88000,79502.80333291457,305.6318396702409,185085.5540074408,225.9878787878788
1786465955,200,,Aggregated,2.000000,0.000000,103000,130000,183000,183000,185000,185000,185000,185000,185000,185000,185000,330,38,88000,79502.80333291457,305.6318396702409,185085.5540074408,225.9878787878788
1786465956,200,POST,/integrations/v2/encounters/update,1.900000,0.000000,100000,130000,183000,183000,185000,185000,185000,185000,185000,185000,185000,331,38,88000,79543.70176769917,305.6318396702409,185085.5540074408,226.02719033232628
1786465956,200,,Aggregated,1.900000,0.000000,100000,130000,183000,183000,185000,185000,185000,185000,185000,185000,185000,331,38,88000,79543.70176769917,305.6318396702409,185085.5540074408,226.02719033232628
1786465957,200,POST,/integrations/v2/encounters/update,1.900000,0.000000,100000,130000,183000,183000,185000,185000,185000,185000,185000,185000,185000,331,38,88000,79543.70176769917,305.6318396702409,185085.5540074408,226.02719033232628
1786465957,200,,Aggregated,1.900000,0.000000,100000,130000,183000,183000,185000,185000,185000,185000,185000,185000,185000,331,38,88000,79543.70176769917,305.6318396702409,185085.5540074408,226.02719033232628
1786465958,200,POST,/integrations/v2/encounters/update,1.900000,0.000000,100000,130000,183000,183000,183000,183000,183000,183000,183000,183000,183000,331,38,88000,79543.70176769917,305.6318396702409,185085.5540074408,226.02719033232628
1786465958,200,,Aggregated,1.900000,0.000000,100000,130000,183000,183000,183000,183000,183000,183000,183000,183000,183000,331,38,88000,79543.70176769917,305.6318396702409,185085.5540074408,226.02719033232628
1786465959,200,POST,/integrations/v2/encounters/update,1.000000,0.000000,100000,124000,130000,183000,183000,183000,183000,183000,183000,183000,183000,333,38,88000,79718.63542471148,305.6318396702409,185085.5540074408,226.1051051051051
1786465959,200,,Aggregated,1.000000,0.000000,100000,124000,130000,183000,183000,183000,183000,183000,183000,183000,183000,333,38,88000,79718.63542471148,305.6318396702409,185085.5540074408,226.1051051051051
1786465960,200,POST,/integrations/v2/encounters/update,0.800000,0.000000,100000,103000,124000,182000,183000,183000,183000,183000,183000,183000,183000,336,38,88000,80100.68238622209,305.6318396702409,185085.5540074408,226.2202380952381
1786465960,200,,Aggregated,0.800000,0.000000,100000,103000,124000,182000,183000,183000,183000,183000,183000,183000,183000,336,38,88000,80100.68238622209,305.6318396702409,185085.5540074408,226.2202380952381
1786465961,200,POST,/integrations/v2/encounters/update,0.800000,0.000000,100000,103000,124000,182000,183000,183000,183000,183000,183000,183000,183000,337,38,88000,80140.81053771576,305.6318396702409,185085.5540074408,226.25816023738872
1786465961,200,,Aggregated,0.800000,0.000000,100000,103000,124000,182000,183000,183000,183000,183000,183000,183000,183000,337,38,88000,80140.81053771576,305.6318396702409,185085.5540074408,226.25816023738872
1786465962,200,POST,/integrations/v2/encounters/update,1.000000,0.000000,103000,117000,124000,124000,182000,183000,183000,183000,183000,183000,183000,340,38,89000,80354.73685771611,305.6318396702409,185085.5540074408,226.3735294117647
1786465962,200,,Aggregated,1.000000,0.000000,103000,117000,124000,124000,182000,183000,183000,183000,183000,183000,183000,340,38,89000,80354.73685771611,305.6318396702409,185085.5540074408,226.3735294117647
1786465963,200,POST,/integrations/v2/encounters/update,1.200000,0.000000,103000,117000,124000,182000,183000,193000,193000,193000,193000,193000,193000,344,38,89000,80820.12840966304,305.6318396702409,192854.6524150297,226.5203488372093
1786465963,200,,Aggregated,1.200000,0.000000,103000,117000,124000,182000,183000,193000,193000,193000,193000,193000,193000,344,38,89000,80820.12840966304,305.6318396702409,192854.6524150297,226.5203488372093
1786465964,200,POST,/integrations/v2/encounters/update,1.000000,0.000000,94000,117000,120000,124000,193000,200000,200000,200000,200000,200000,200000,349,38,89000,81309.70589340769,305.6318396702409,199703.74570507556,226.69914040114614
1786465964,200,,Aggregated,1.000000,0.000000,94000,117000,120000,124000,193000,200000,200000,200000,200000,200000,200000,349,38,89000,81309.70589340769,305.6318396702409,199703.74570507556,226.69914040114614
1786465965,200,POST,/integrations/v2/encounters/update,1.500000,0.000000,94000,117000,120000,124000,182000,193000,200000,200000,200000,200000,200000,351,38,89000,81420.13681717376,305.6318396702409,199703.74570507556,226.76923076923077
1786465965,200,,Aggregated,1.500000,0.000000,94000,117000,120000,124000,182000,193000,200000,200000,200000,200000,200000,351,38,89000,81420.13681717376,305.6318396702409,199703.74570507556,226.76923076923077
1786465966,200,POST,/integrations/v2/encounters/update,1.500000,0.000000,103000,117000,120000,124000,182000,193000,200000,200000,200000,200000,200000,353,38,89000,81531.1077412946,305.6318396702409,199703.74570507556,226.8385269121813
1786465966,200,,Aggregated,1.500000,0.000000,103000,117000,120000,124000,182000,193000,200000,200000,200000,200000,200000,353,38,89000,81531.1077412946,305.6318396702409,199703.74570507556,226.8385269121813
1786465967,200,POST,/integrations/v2/encounters/update,1.500000,0.000000,103000,117000,120000,124000,182000,193000,200000,200000,200000,200000,200000,353,38,89000,81531.1077412946,305.6318396702409,199703.74570507556,226.8385269121813
1786465967,200,,Aggregated,1.500000,0.000000,103000,117000,120000,124000,182000,193000,200000,200000,200000,200000,200000,353,38,89000,81531.1077412946,305.6318396702409,199703.74570507556,226.8385269121813
1786465968,200,POST,/integrations/v2/encounters/update,2.000000,0.000000,103000,116000,117000,120000,182000,193000,200000,200000,200000,200000,200000,354,38,89000,81627.64322771401,305.6318396702409,199703.74570507556,226.8728813559322
1786465968,200,,Aggregated,2.000000,0.000000,103000,116000,117000,120000,182000,193000,200000,200000,200000,200000,200000,354,38,89000,81627.64322771401,305.6318396702409,199703.74570507556,226.8728813559322
1786465969,200,POST,/integrations/v2/encounters/update,2.200000,0.000000,94000,108000,117000,117000,132000,193000,200000,200000,200000,200000,200000,356,38,89000,81552.29375032928,305.6318396702409,199703.74570507556,226.94101123595505
1786465969,200,,Aggregated,2.200000,0.000000,94000,108000,117000,117000,132000,193000,200000,200000,200000,200000,200000,356,38,89000,81552.29375032928,305.6318396702409,199703.74570507556,226.94101123595505
1786465970,200,POST,/integrations/v2/encounters/update,2.300000,0.000000,89000,108000,117000,117000,132000,193000,200000,200000,200000,200000,200000,359,38,89000,81531.23071397757,305.6318396702409,199703.74570507556,227.04178272980502
1786465970,200,,Aggregated,2.300000,0.000000,89000,108000,117000,117000,132000,193000,200000,200000,200000,200000,200000,359,38,89000,81531.23071397757,305.6318396702409,199703.74570507556,227.04178272980502
1786465971,200,POST,/integrations/v2/encounters/update,2.300000,0.000000,86000,103000,117000,120000,193000,200000,200000,200000,200000,200000,200000,360,38,88000,81539.12694489377,305.6318396702409,199703.74570507556,227.075
1786465971,200,,Aggregated,2.300000,0.000000,86000,103000,117000,120000,193000,200000,200000,200000,200000,200000,200000,360,38,88000,81539.12694489377,305.6318396702409,199703.74570507556,227.075
1786465972,200,POST,/integrations/v2/encounters/update,2.200000,0.000000,86000,96000,103000,116000,126000,132000,200000,200000,200000,200000,200000,365,38,89000,81699.10720238743,305.6318396702409,199703.74570507556,227.23835616438356
1786465972,200,,Aggregated,2.200000,0.000000,86000,96000,103000,116000,126000,132000,200000,200000,200000,200000,200000,365,38,89000,81699.10720238743,305.6318396702409,199703.74570507556,227.23835616438356
1786465973,200,POST,/integrations/v2/encounters/update,2.300000,0.000000,83000,88000,96000,99000,116000,126000,132000,132000,132000,132000,132000,370,38,88000,81651.51399401696,305.6318396702409,199703.74570507556,227.39729729729729
1786465973,200,,Aggregated,2.300000,0.000000,83000,88000,96000,99000,116000,126000,132000,132000,132000,132000,132000,370,38,88000,81651.51399401696,305.6318396702409,199703.74570507556,227.39729729729729
1786465974,200,POST,/integrations/v2/encounters/update,2.300000,0.000000,84000,96000,103000,115000,123000,126000,214000,214000,214000,214000,214000,373,38,88000,82207.0145841623,305.6318396702409,214387.23729364574,227.49061662198392
1786465974,200,,Aggregated,2.300000,0.000000,84000,96000,103000,115000,123000,126000,214000,214000,214000,214000,214000,373,38,88000,82207.0145841623,305.6318396702409,214387.23729364574,227.49061662198392
1786465975,200,POST,/integrations/v2/encounters/update,2.600000,0.000000,85000,99000,110000,115000,123000,126000,214000,214000,214000,214000,214000,376,38,88000,82379.78227142531,305.6318396702409,214387.23729364574,227.58244680851064
1786465975,200,,Aggregated,2.600000,0.000000,85000,99000,110000,115000,123000,126000,214000,214000,214000,214000,214000,376,38,88000,82379.78227142531,305.6318396702409,214387.23729364574,227.58244680851064
1786465976,200,POST,/integrations/v2/encounters/update,2.400000,0.000000,85000,96000,110000,116000,123000,126000,214000,214000,214000,214000,214000,378,38,88000,82440.54577913057,305.6318396702409,214387.23729364574,227.64285714285714
1786465976,200,,Aggregated,2.400000,0.000000,85000,96000,110000,116000,123000,126000,214000,214000,214000,214000,214000,378,38,88000,82440.54577913057,305.6318396702409,214387.23729364574,227.64285714285714
1786465977,200,POST,/integrations/v2/encounters/update,2.400000,0.000000,85000,93000,110000,115000,123000,126000,214000,214000,214000,214000,214000,378,38,88000,82440.54577913057,305.6318396702409,214387.23729364574,227.64285714285714
1786465977,200,,Aggregated,2.400000,0.000000,85000,93000,110000,115000,123000,126000,214000,214000,214000,214000,214000,378,38,88000,82440.54577913057,305.6318396702409,214387.23729364574,227.64285714285714
1786465978,200,POST,/integrations/v2/encounters/update,2.500000,0.000000,86000,93000,110000,115000,123000,126000,214000,214000,214000,214000,214000,379,38,88000,82448.6752549152,305.6318396702409,214387.23729364574,227.67282321899737
1786465978,200,,Aggregated,2.500000,0.000000,86000,93000,110000,115000,123000,126000,214000,214000,214000,214000,214000,379,38,88000,82448.6752549152,305.6318396702409,214387.23729364574,227.67282321899737
1786465979,200,POST,/integrations/v2/encounters/update,2.300000,0.000000,88000,100000,110000,115000,123000,126000,214000,214000,214000,214000,214000,380,38,88000,82496.3732770301,305.6318396702409,214387.23729364574,227.70263157894738
1786465979,200,,Aggregated,2.300000,0.000000,88000,100000,110000,115000,123000,126000,214000,214000,214000,214000,214000,380,38,88000,82496.3732770301,305.6318396702409,214387.23729364574,227.70263157894738
1786465980,200,POST,/integrations/v2/encounters/update,2.300000,0.000000,93000,101000,115000,117000,126000,214000,214000,214000,214000,214000,214000,380,38,88000,82496.3732770301,305.6318396702409,214387.23729364574,227.70263157894738
1786465980,200,,Aggregated,2.300000,0.000000,93000,101000,115000,117000,126000,214000,214000,214000,214000,214000,214000,380,38,88000,82496.3732770301,305.6318396702409,214387.23729364574,227.70263157894738
1786465981,200,POST,/integrations/v2/encounters/update,2.500000,0.000000,88000,101000,115000,115000,123000,214000,214000,214000,214000,214000,214000,381,38,88000,82480.09854378154,305.6318396702409,214387.23729364574,227.73228346456693
1786465981,200,,Aggregated,2.500000,0.000000,88000,101000,115000,115000,123000,214000,214000,214000,214000,214000,214000,381,38,88000,82480.09854378154,305.6318396702409,214387.23729364574,227.73228346456693
1786465982,200,POST,/integrations/v2/encounters/update,2.500000,0.000000,101000,115000,117000,117000,123000,214000,214000,214000,214000,214000,214000,381,38,88000,82480.09854378154,305.6318396702409,214387.23729364574,227.73228346456693
1786465982,200,,Aggregated,2.500000,0.000000,101000,115000,117000,117000,123000,214000,214000,214000,214000,214000,214000,381,38,88000,82480.09854378154,305.6318396702409,214387.23729364574,227.73228346456693
1786465983,200,POST,/integrations/v2/encounters/update,2.500000,0.000000,100000,101000,110000,110000,117000,117000,117000,117000,117000,117000,117000,381,38,88000,82480.09854378154,305.6318396702409,214387.23729364574,227.73228346456693
1786465983,200,,Aggregated,2.500000,0.000000,100000,101000,110000,110000,117000,117000,117000,117000,117000,117000,117000,381,38,88000,82480.09854378154,305.6318396702409,214387.23729364574,227.73228346456693
1786465984,200,POST,/integrations/v2/encounters/update,2.500000,0.000000,87000,87000,100000,100000,101000,101000,101000,101000,101000,101000,101000,381,38,88000,82480.09854378154,305.6318396702409,214387.23729364574,227.73228346456693
1786465984,200,,Aggregated,2.500000,0.000000,87000,87000,100000,100000,101000,101000,101000,101000,101000,101000,101000,381,38,88000,82480.09854378154,305.6318396702409,214387.23729364574,227.73228346456693
1786465985,200,POST,/integrations/v2/encounters/update,1.100000,0.000000,93000,100000,101000,101000,120000,120000,120000,120000,120000,120000,120000,383,38,89000,82605.81402500541,305.6318396702409,214387.23729364574,227.7911227154047
1786465985,200,,Aggregated,1.100000,0.000000,93000,100000,101000,101000,120000,120000,120000,120000,120000,120000,120000,383,38,89000,82605.81402500541,305.6318396702409,214387.23729364574,227.7911227154047
1786465986,200,POST,/integrations/v2/encounters/update,1.100000,0.000000,93000,101000,101000,120000,120000,120000,120000,120000,120000,120000,120000,383,38,89000,82605.81402500541,305.6318396702409,214387.23729364574,227.7911227154047
1786465986,200,,Aggregated,1.100000,0.000000,93000,101000,101000,120000,120000,120000,120000,120000,120000,120000,120000,383,38,89000,82605.81402500541,305.6318396702409,214387.23729364574,227.7911227154047
1786465987,200,POST,/integrations/v2/encounters/update,1.100000,0.000000,101000,101000,120000,120000,120000,120000,120000,120000,120000,120000,120000,383,38,89000,82605.81402500541,305.6318396702409,214387.23729364574,227.7911227154047
1786465987,200,,Aggregated,1.100000,0.000000,101000,101000,120000,120000,120000,120000,120000,120000,120000,120000,120000,383,38,89000,82605.81402500541,305.6318396702409,214387.23729364574,227.7911227154047
1786465988,200,POST,/integrations/v2/encounters/update,0.700000,0.000000,93000,96000,101000,101000,120000,120000,120000,120000,120000,120000,120000,386,38,88000,82641.78782197951,305.6318396702409,214387.23729364574,227.8782383419689
1786465988,200,,Aggregated,0.700000,0.000000,93000,96000,101000,101000,120000,120000,120000,120000,120000,120000,120000,386,38,88000,82641.78782197951,305.6318396702409,214387.23729364574,227.8782383419689
1786465989,200,POST,/integrations/v2/encounters/update,0.500000,0.000000,83000,93000,96000,96000,120000,120000,120000,120000,120000,120000,120000,387,38,88000,82640.35128726256,305.6318396702409,214387.23729364574,227.90697674418604
1786465989,200,,Aggregated,0.500000,0.000000,83000,93000,96000,96000,120000,120000,120000,120000,120000,120000,120000,387,38,88000,82640.35128726256,305.6318396702409,214387.23729364574,227.90697674418604
1786465990,200,POST,/integrations/v2/encounters/update,0.600000,0.000000,84000,93000,96000,96000,120000,120000,120000,120000,120000,120000,120000,388,38,88000,82643.69640868282,305.6318396702409,214387.23729364574,227.93556701030928
1786465990,200,,Aggregated,0.600000,0.000000,84000,93000,96000,96000,120000,120000,120000,120000,120000,120000,120000,388,38,88000,82643.69640868282,305.6318396702409,214387.23729364574,227.93556701030928
1786465991,200,POST,/integrations/v2/encounters/update,0.600000,0.000000,84000,93000,96000,96000,120000,120000,120000,120000,120000,120000,120000,388,38,88000,82643.69640868282,305.6318396702409,214387.23729364574,227.93556701030928
1786465991,200,,Aggregated,0.600000,0.000000,84000,93000,96000,96000,120000,120000,120000,120000,120000,120000,120000,388,38,88000,82643.69640868282,305.6318396702409,214387.23729364574,227.93556701030928
1786465992,200,POST,/integrations/v2/encounters/update,0.600000,0.000000,86000,93000,96000,96000,120000,120000,120000,120000,120000,120000,120000,389,38,88000,82652.71582905021,305.6318396702409,214387.23729364574,227.96401028277634
1786465992,200,,Aggregated,0.600000,0.000000,86000,93000,96000,96000,120000,120000,120000,120000,120000,120000,120000,389,38,88000,82652.71582905021,305.6318396702409,214387.23729364574,227.96401028277634
1786465993,200,POST,/integrations/v2/encounters/update,0.700000,0.000000,85000,93000,96000,96000,120000,179000,179000,179000,179000,179000,179000,392,38,88000,82908.55589007711,305.6318396702409,214387.23729364574,228.0484693877551
1786465993,200,,Aggregated,0.700000,0.000000,85000,93000,96000,96000,120000,179000,179000,179000,179000,179000,179000,392,38,88000,82908.55589007711,305.6318396702409,214387.23729364574,228.0484693877551
1786465994,200,POST,/integrations/v2/encounters/update,0.800000,0.000000,85000,87000,93000,93000,96000,179000,179000,179000,179000,179000,179000,393,38,88000,82918.221061208,305.6318396702409,214387.23729364574,228.0763358778626
1786465994,200,,Aggregated,0.800000,0.000000,85000,87000,93000,93000,96000,179000,179000,179000,179000,179000,179000,393,38,88000,82918.221061208,305.6318396702409,214387.23729364574,228.0763358778626
1786465995,200,POST,/integrations/v2/encounters/update,0.800000,0.000000,85000,87000,87000,93000,96000,179000,179000,179000,179000,179000,179000,395,38,88000,82933.1032816745,305.6318396702409,214387.23729364574,228.13417721518988
1786465995,200,,Aggregated,0.800000,0.000000,85000,87000,87000,93000,96000,179000,179000,179000,179000,179000,179000,395,38,88000,82933.1032816745,305.6318396702409,214387.23729364574,228.13417721518988
1786465996,200,POST,/integrations/v2/encounters/update,0.800000,0.000000,85000,86000,87000,87000,96000,179000,179000,179000,179000,179000,179000,395,38,88000,82933.1032816745,305.6318396702409,214387.23729364574,228.13417721518988
1786465996,200,,Aggregated,0.800000,0.000000,85000,86000,87000,87000,96000,179000,179000,179000,179000,179000,179000,395,38,88000,82933.1032816745,305.6318396702409,214387.23729364574,228.13417721518988
1786465997,200,POST,/integrations/v2/encounters/update,1.100000,0.000000,86000,87000,87000,87000,146000,179000,179000,179000,179000,179000,179000,397,38,88000,83102.1617684016,305.6318396702409,214387.23729364574,228.1889168765743
1786465997,200,,Aggregated,1.100000,0.000000,86000,87000,87000,87000,146000,179000,179000,179000,179000,179000,179000,397,38,88000,83102.1617684016,305.6318396702409,214387.23729364574,228.1889168765743
1786465998,200,POST,/integrations/v2/encounters/update,1.300000,0.000000,87000,87000,87000,87000,146000,179000,179000,179000,179000,179000,179000,398,38,88000,83113.16013104287,305.6318396702409,214387.23729364574,228.21608040201005
1786465998,200,,Aggregated,1.300000,0.000000,87000,87000,87000,87000,146000,179000,179000,179000,179000,179000,179000,398,38,88000,83113.16013104287,305.6318396702409,214387.23729364574,228.21608040201005
1786465999,200,POST,/integrations/v2/encounters/update,1.300000,0.000000,87000,87000,87000,87000,146000,179000,179000,179000,179000,179000,179000,398,38,88000,83113.16013104287,305.6318396702409,214387.23729364574,228.21608040201005
1786465999,200,,Aggregated,1.300000,0.000000,87000,87000,87000,87000,146000,179000,179000,179000,179000,179000,179000,398,38,88000,83113.16013104287,305.6318396702409,214387.23729364574,228.21608040201005
1786466000,200,POST,/integrations/v2/encounters/update,1.300000,0.000000,87000,91000,106000,146000,179000,182000,182000,182000,182000,182000,182000,401,38,88000,83433.69035619982,305.6318396702409,214387.23729364574,228.29675810473816
1786466000,200,,Aggregated,1.300000,0.000000,87000,91000,106000,146000,179000,182000,182000,182000,182000,182000,182000,401,38,88000,83433.69035619982,305.6318396702409,214387.23729364574,228.29675810473816
1786466001,200,POST,/integrations/v2/encounters/update,1.200000,0.000000,87000,106000,120000,146000,179000,182000,182000,182000,182000,182000,182000,402,38,88000,83524.0379577776,305.6318396702409,214387.23729364574,228.3233830845771
1786466001,200,,Aggregated,1.200000,0.000000,87000,106000,120000,146000,179000,182000,182000,182000,182000,182000,182000,402,38,88000,83524.0379577776,305.6318396702409,214387.23729364574,228.3233830845771
1786466002,200,POST,/integrations/v2/encounters/update,1.200000,0.000000,91000,120000,146000,159000,179000,182000,182000,182000,182000,182000,182000,403,38,88000,83710.69393571808,305.6318396702409,214387.23729364574,228.34987593052108
1786466002,200,,Aggregated,1.200000,0.000000,91000,120000,146000,159000,179000,182000,182000,182000,182000,182000,182000,403,38,88000,83710.69393571808,305.6318396702409,214387.23729364574,228.34987593052108
1786466003,200,POST,/integrations/v2/encounters/update,1.300000,0.000000,106000,120000,157000,157000,159000,182000,182000,182000,182000,182000,182000,404,38,88000,83892.66113565986,305.6318396702409,214387.23729364574,228.37623762376236
1786466003,200,,Aggregated,1.300000,0.000000,106000,120000,157000,157000,159000,182000,182000,182000,182000,182000,182000,404,38,88000,83892.66113565986,305.6318396702409,214387.23729364574,228.37623762376236
1786466004,200,POST,/integrations/v2/encounters/update,1.400000,0.000000,106000,117000,146000,157000,159000,182000,182000,182000,182000,182000,182000,407,38,88000,84041.89135438559,305.6318396702409,214387.23729364574,228.45454545454547
1786466004,200,,Aggregated,1.400000,0.000000,106000,117000,146000,157000,159000,182000,182000,182000,182000,182000,182000,407,38,88000,84041.89135438559,305.6318396702409,214387.23729364574,228.45454545454547
1786466005,200,POST,/integrations/v2/encounters/update,1.400000,0.000000,111000,120000,146000,157000,159000,182000,182000,182000,182000,182000,182000,409,38,88000,84114.27845213618,305.6318396702409,214387.23729364574,228.50611246943765
1786466005,200,,Aggregated,1.400000,0.000000,111000,120000,146000,157000,159000,182000,182000,182000,182000,182000,182000,409,38,88000,84114.27845213618,305.6318396702409,214387.23729364574,228.50611246943765
1786466006,200,POST,/integrations/v2/encounters/update,1.400000,0.000000,117000,133000,157000,159000,182000,203000,203000,203000,203000,203000,203000,411,38,89000,84521.77207938729,305.6318396702409,214387.23729364574,228.5571776155718
1786466006,200,,Aggregated,1.400000,0.000000,117000,133000,157000,159000,182000,203000,203000,203000,203000,203000,203000,411,38,89000,84521.77207938729,305.6318396702409,214387.23729364574,228.5571776155718
1786466007,200,POST,/integrations/v2/encounters/update,1.400000,0.000000,111000,120000,157000,159000,182000,203000,203000,203000,203000,203000,203000,412,38,88000,84526.08825511172,305.6318396702409,214387.23729364574,228.58252427184465
1786466007,200,,Aggregated,1.400000,0.000000,111000,120000,157000,159000,182000,203000,203000,203000,203000,203000,203000,412,38,88000,84526.08825511172,305.6318396702409,214387.23729364574,228.58252427184465
1786466008,200,POST,/integrations/v2/encounters/update,1.500000,0.000000,117000,125000,157000,159000,182000,203000,203000,203000,203000,203000,203000,413,38,89000,84623.67406305033,305.6318396702409,214387.23729364574,228.60774818401936
1786466008,200,,Aggregated,1.500000,0.000000,117000,125000,157000,159000,182000,203000,203000,203000,203000,203000,203000,413,38,89000,84623.67406305033,305.6318396702409,214387.23729364574,228.60774818401936
1786466009,200,POST,/integrations/v2/encounters/update,1.500000,0.000000,117000,125000,133000,157000,159000,203000,203000,203000,203000,203000,203000,413,38,89000,84623.67406305033,305.6318396702409,214387.23729364574,228.60774818401936
1786466009,200,,Aggregated,1.500000,0.000000,117000,125000,133000,157000,159000,203000,203000,203000,203000,203000,203000,413,38,89000,84623.67406305033,305.6318396702409,214387.23729364574,228.60774818401936
1786466010,200,POST,/integrations/v2/encounters/update,1.400000,0.000000,125000,133000,157000,159000,184000,203000,203000,203000,203000,203000,203000,415,38,89000,84959.7083113145,305.6318396702409,214387.23729364574,228.6578313253012
1786466010,200,,Aggregated,1.400000,0.000000,125000,133000,157000,159000,184000,203000,203000,203000,203000,203000,203000,415,38,89000,84959.7083113145,305.6318396702409,214387.23729364574,228.6578313253012
1786466011,200,POST,/integrations/v2/encounters/update,1.500000,0.000000,118000,125000,153000,157000,184000,203000,203000,203000,203000,203000,203000,418,38,89000,85272.17607436987,305.6318396702409,214387.23729364574,228.73205741626793
1786466011,200,,Aggregated,1.500000,0.000000,118000,125000,153000,157000,184000,203000,203000,203000,203000,203000,203000,418,38,89000,85272.17607436987,305.6318396702409,214387.23729364574,228.73205741626793
1786466012,200,POST,/integrations/v2/encounters/update,1.400000,0.000000,123000,125000,144000,144000,184000,203000,203000,203000,203000,203000,203000,420,38,89000,85502.36720223246,305.6318396702409,214387.23729364574,228.78095238095239
1786466012,200,,Aggregated,1.400000,0.000000,123000,125000,144000,144000,184000,203000,203000,203000,203000,203000,203000,420,38,89000,85502.36720223246,305.6318396702409,214387.23729364574,228.78095238095239
1786466013,200,POST,/integrations/v2/encounters/update,1.600000,0.000000,125000,133000,153000,153000,184000,203000,203000,203000,203000,203000,203000,422,38,89000,85691.78522369599,305.6318396702409,214387.23729364574,228.82938388625593
1786466013,200,,Aggregated,1.600000,0.000000,125000,133000,153000,153000,184000,203000,203000,203000,203000,203000,203000,422,38,89000,85691.78522369599,305.6318396702409,214387.23729364574,228.82938388625593
1786466014,200,POST,/integrations/v2/encounters/update,1.600000,0.000000,125000,144000,153000,162000,203000,250000,250000,250000,250000,250000,250000,426,38,89000,86156.97305965863,305.6318396702409,250446.6236224398,228.92488262910797
1786466014,200,,Aggregated,1.600000,0.000000,125000,144000,153000,162000,203000,250000,250000,250000,250000,250000,250000,426,38,89000,86156.97305965863,305.6318396702409,250446.6236224398,228.92488262910797
1786466015,200,POST,/integrations/v2/encounters/update,1.700000,0.000000,118000,125000,153000,162000,203000,250000,250000,250000,250000,250000,250000,430,38,89000,86297.61502514269,305.6318396702409,250446.6236224398,229.0186046511628
1786466015,200,,Aggregated,1.700000,0.000000,118000,125000,153000,162000,203000,250000,250000,250000,250000,250000,250000,430,38,89000,86297.61502514269,305.6318396702409,250446.6236224398,229.0186046511628
1786466016,200,POST,/integrations/v2/encounters/update,1.700000,0.000000,117000,125000,144000,153000,184000,203000,250000,250000,250000,250000,250000,431,38,89000,86308.3700541355,305.6318396702409,250446.6236224398,229.04176334106728
1786466016,200,,Aggregated,1.700000,0.000000,117000,125000,144000,153000,184000,203000,250000,250000,250000,250000,250000,431,38,89000,86308.3700541355,305.6318396702409,250446.6236224398,229.04176334106728
1786466017,200,POST,/integrations/v2/encounters/update,2.000000,0.000000,117000,125000,144000,153000,184000,237000,250000,250000,250000,250000,250000,435,38,90000,86871.71881667328,305.6318396702409,250446.6236224398,229.13563218390806
1786466017,200,,Aggregated,2.000000,0.000000,117000,125000,144000,153000,184000,237000,250000,250000,250000,250000,250000,435,38,90000,86871.71881667328,305.6318396702409,250446.6236224398,229.13563218390806
1786466018,200,POST,/integrations/v2/encounters/update,2.100000,0.000000,117000,123000,153000,162000,190000,237000,250000,250000,250000,250000,250000,437,38,90000,87101.7840246817,305.6318396702409,250446.6236224398,229.1807780320366
1786466018,200,,Aggregated,2.100000,0.000000,117000,123000,153000,162000,190000,237000,250000,250000,250000,250000,250000,437,38,90000,87101.7840246817,305.6318396702409,250446.6236224398,229.1807780320366
1786466019,200,POST,/integrations/v2/encounters/update,2.100000,0.000000,117000,123000,125000,153000,190000,237000,250000,250000,250000,250000,250000,439,38,90000,87258.68015323505,305.6318396702409,250446.6236224398,229.2255125284738
1786466019,200,,Aggregated,2.100000,0.000000,117000,123000,125000,153000,190000,237000,250000,250000,250000,250000,250000,439,38,90000,87258.68015323505,305.6318396702409,250446.6236224398,229.2255125284738
1786466020,200,POST,/integrations/v2/encounters/update,2.300000,0.000000,117000,123000,144000,162000,231000,237000,250000,250000,250000,250000,250000,440,38,90000,87586.33943236094,305.6318396702409,250446.6236224398,229.24772727272727
1786466020,200,,Aggregated,2.300000,0.000000,117000,123000,144000,162000,231000,237000,250000,250000,250000,250000,250000,440,38,90000,87586.33943236094,305.6318396702409,250446.6236224398,229.24772727272727
1786466021,200,POST,/integrations/v2/encounters/update,2.600000,0.000000,117000,123000,144000,172000,231000,237000,250000,250000,250000,250000,250000,444,38,90000,87924.2736536397,305.6318396702409,250446.6236224398,229.3355855855856
1786466021,200,,Aggregated,2.600000,0.000000,117000,123000,144000,172000,231000,237000,250000,250000,250000,250000,250000,444,38,90000,87924.2736536397,305.6318396702409,250446.6236224398,229.3355855855856
1786466022,200,POST,/integrations/v2/encounters/update,2.600000,0.000000,117000,123000,162000,172000,231000,237000,250000,250000,250000,250000,250000,445,38,90000,88002.66646935155,305.6318396702409,250446.6236224398,229.35730337078652
1786466022,200,,Aggregated,2.600000,0.000000,117000,123000,162000,172000,231000,237000,250000,250000,250000,250000,250000,445,38,90000,88002.66646935155,305.6318396702409,250446.6236224398,229.35730337078652
1786466023,200,POST,/integrations/v2/encounters/update,2.400000,0.000000,120000,123000,126000,172000,231000,237000,237000,237000,237000,237000,237000,446,38,90000,88075.88495110316,305.6318396702409,250446.6236224398,229.37892376681614
1786466023,200,,Aggregated,2.400000,0.000000,120000,123000,126000,172000,231000,237000,237000,237000,237000,237000,237000,446,38,90000,88075.88495110316,305.6318396702409,250446.6236224398,229.37892376681614
1786466024,200,POST,/integrations/v2/encounters/update,2.500000,0.000000,121000,123000,148000,172000,231000,237000,237000,237000,237000,237000,237000,447,38,90000,88208.9924656409,305.6318396702409,250446.6236224398,229.40044742729307
1786466024,200,,Aggregated,2.500000,0.000000,121000,123000,148000,172000,231000,237000,237000,237000,237000,237000,237000,447,38,90000,88208.9924656409,305.6318396702409,250446.6236224398,229.40044742729307
1786466025,200,POST,/integrations/v2/encounters/update,2.400000,0.000000,123000,148000,172000,190000,237000,258000,258000,258000,258000,258000,258000,448,38,90000,88587.57705547448,305.6318396702409,257814.8887110874,229.421875
1786466025,200,,Aggregated,2.400000,0.000000,123000,148000,172000,190000,237000,258000,258000,258000,258000,258000,258000,448,38,90000,88587.57705547448,305.6318396702409,257814.8887110874,229.421875
1786466026,200,POST,/integrations/v2/encounters/update,2.000000,0.000000,123000,145000,172000,190000,237000,258000,258000,258000,258000,258000,258000,450,38,91000,88804.29351339738,305.6318396702409,257814.8887110874,229.46444444444444
1786466026,200,,Aggregated,2.000000,0.000000,123000,145000,172000,190000,237000,258000,258000,258000,258000,258000,258000,450,38,91000,88804.29351339738,305.6318396702409,257814.8887110874,229.46444444444444
1786466027,200,POST,/integrations/v2/encounters/update,2.000000,0.000000,126000,145000,172000,172000,231000,258000,258000,258000,258000,258000,258000,451,38,91000,88885.31452362238,305.6318396702409,257814.8887110874,229.48558758314857
1786466027,200,,Aggregated,2.000000,0.000000,126000,145000,172000,172000,231000,258000,258000,258000,258000,258000,258000,451,38,91000,88885.31452362238,305.6318396702409,257814.8887110874,229.48558758314857
1786466028,200,POST,/integrations/v2/encounters/update,1.900000,0.000000,126000,145000,148000,172000,231000,258000,258000,258000,258000,258000,258000,452,38,91000,88914.97014841659,305.6318396702409,257814.8887110874,229.5066371681416
1786466028,200,,Aggregated,1.900000,0.000000,126000,145000,148000,172000,231000,258000,258000,258000,258000,258000,258000,452,38,91000,88914.97014841659,305.6318396702409,257814.8887110874,229.5066371681416
1786466029,200,POST,/integrations/v2/encounters/update,1.900000,0.000000,126000,129000,148000,148000,172000,258000,258000,258000,258000,258000,258000,452,38,91000,88914.97014841659,305.6318396702409,257814.8887110874,229.5066371681416
1786466029,200,,Aggregated,1.900000,0.000000,126000,129000,148000,148000,172000,258000,258000,258000,258000,258000,258000,452,38,91000,88914.97014841659,305.6318396702409,257814.8887110874,229.5066371681416
1786466030,200,POST,/integrations/v2/encounters/update,1.700000,0.000000,126000,129000,145000,148000,153000,258000,258000,258000,258000,258000,258000,454,38,91000,89142.15375910953,305.6318396702409,257814.8887110874,229.54845814977975
1786466030,200,,Aggregated,1.700000,0.000000,126000,129000,145000,148000,153000,258000,258000,258000,258000,258000,258000,454,38,91000,89142.15375910953,305.6318396702409,257814.8887110874,229.54845814977975
1786466031,200,POST,/integrations/v2/encounters/update,1.300000,0.000000,128000,129000,148000,148000,153000,258000,258000,258000,258000,258000,258000,456,38,91000,89226.47161693557,305.6318396702409,257814.8887110874,229.58991228070175
1786466031,200,,Aggregated,1.300000,0.000000,128000,129000,148000,148000,153000,258000,258000,258000,258000,258000,258000,456,38,91000,89226.47161693557,305.6318396702409,257814.8887110874,229.58991228070175
1786466032,200,POST,/integrations/v2/encounters/update,1.300000,0.000000,128000,145000,148000,148000,153000,258000,258000,258000,258000,258000,258000,456,38,91000,89226.47161693557,305.6318396702409,257814.8887110874,229.58991228070175
1786466032,200,,Aggregated,1.300000,0.000000,128000,145000,148000,148000,153000,258000,258000,258000,258000,258000,258000,456,38,91000,89226.47161693557,305.6318396702409,257814.8887110874,229.58991228070175
1786466033,200,POST,/integrations/v2/encounters/update,1.300000,0.000000,129000,145000,148000,153000,258000,258000,258000,258000,258000,258000,258000,456,38,91000,89226.47161693557,305.6318396702409,257814.8887110874,229.58991228070175
1786466033,200,,Aggregated,1.300000,0.000000,129000,145000,148000,153000,258000,258000,258000,258000,258000,258000,258000,456,38,91000,89226.47161693557,305.6318396702409,257814.8887110874,229.58991228070175
1786466034,200,POST,/integrations/v2/encounters/update,1.200000,0.000000,125000,129000,145000,145000,153000,258000,258000,258000,258000,258000,258000,458,38,92000,89331.84135511445,305.6318396702409,257814.8887110874,229.63100436681222
1786466034,200,,Aggregated,1.200000,0.000000,125000,129000,145000,145000,153000,258000,258000,258000,258000,258000,258000,458,38,92000,89331.84135511445,305.6318396702409,257814.8887110874,229.63100436681222
1786466035,200,POST,/integrations/v2/encounters/update,1.100000,0.000000,125000,128000,145000,153000,202000,202000,202000,202000,202000,202000,202000,459,38,92000,89578.3428027962,305.6318396702409,257814.8887110874,229.65141612200435
1786466035,200,,Aggregated,1.100000,0.000000,125000,128000,145000,153000,202000,202000,202000,202000,202000,202000,202000,459,38,92000,89578.3428027962,305.6318396702409,257814.8887110874,229.65141612200435
1786466036,200,POST,/integrations/v2/encounters/update,1.100000,0.000000,123000,128000,153000,153000,202000,202000,202000,202000,202000,202000,202000,459,38,92000,89578.3428027962,305.6318396702409,257814.8887110874,229.65141612200435
1786466036,200,,Aggregated,1.100000,0.000000,123000,128000,153000,153000,202000,202000,202000,202000,202000,202000,202000,459,38,92000,89578.3428027962,305.6318396702409,257814.8887110874,229.65141612200435
1786466037,200,POST,/integrations/v2/encounters/update,1.100000,0.000000,123000,128000,153000,153000,202000,202000,202000,202000,202000,202000,202000,459,38,92000,89578.3428027962,305.6318396702409,257814.8887110874,229.65141612200435
1786466037,200,,Aggregated,1.100000,0.000000,123000,128000,153000,153000,202000,202000,202000,202000,202000,202000,202000,459,38,92000,89578.3428027962,305.6318396702409,257814.8887110874,229.65141612200435
1786466038,200,POST,/integrations/v2/encounters/update,1.000000,0.000000,123000,128000,153000,181000,202000,202000,202000,202000,202000,202000,202000,461,38,92000,89824.75487028052,305.6318396702409,257814.8887110874,229.69197396963125
1786466038,200,,Aggregated,1.000000,0.000000,123000,128000,153000,181000,202000,202000,202000,202000,202000,202000,202000,461,38,92000,89824.75487028052,305.6318396702409,257814.8887110874,229.69197396963125
1786466039,200,POST,/integrations/v2/encounters/update,0.800000,0.000000,128000,130000,153000,181000,202000,202000,202000,202000,202000,202000,202000,462,38,92000,89911.10459190201,305.6318396702409,257814.8887110874,229.71212121212122
1786466039,200,,Aggregated,0.800000,0.000000,128000,130000,153000,181000,202000,202000,202000,202000,202000,202000,202000,462,38,92000,89911.10459190201,305.6318396702409,257814.8887110874,229.71212121212122
1786466040,200,POST,/integrations/v2/encounters/update,0.700000,0.000000,123000,130000,133000,181000,202000,202000,202000,202000,202000,202000,202000,463,38,93000,90003.112386542,305.6318396702409,257814.8887110874,229.73218142548595
1786466040,200,,Aggregated,0.700000,0.000000,123000,130000,133000,181000,202000,202000,202000,202000,202000,202000,202000,463,38,93000,90003.112386542,305.6318396702409,257814.8887110874,229.73218142548595
1786466041,200,POST,/integrations/v2/encounters/update,0.700000,0.000000,123000,130000,133000,181000,202000,202000,202000,202000,202000,202000,202000,463,38,93000,90003.112386542,305.6318396702409,257814.8887110874,229.73218142548595
1786466041,200,,Aggregated,0.700000,0.000000,123000,130000,133000,181000,202000,202000,202000,202000,202000,202000,202000,463,38,93000,90003.112386542,305.6318396702409,257814.8887110874,229.73218142548595
1786466042,200,POST,/integrations/v2/encounters/update,0.700000,0.000000,130000,133000,181000,181000,202000,202000,202000,202000,202000,202000,202000,463,38,93000,90003.112386542,305.6318396702409,257814.8887110874,229.73218142548595
1786466042,200,,Aggregated,0.700000,0.000000,130000,133000,181000,181000,202000,202000,202000,202000,202000,202000,202000,463,38,93000,90003.112386542,305.6318396702409,257814.8887110874,229.73218142548595
1786466043,200,POST,/integrations/v2/encounters/update,0.900000,0.000000,181000,188000,202000,202000,212000,212000,212000,212000,212000,212000,212000,465,38,93000,90477.3931644897,305.6318396702409,257814.8887110874,229.7720430107527
1786466043,200,,Aggregated,0.900000,0.000000,181000,188000,202000,202000,212000,212000,212000,212000,212000,212000,212000,465,38,93000,90477.3931644897,305.6318396702409,257814.8887110874,229.7720430107527
1786466044,200,POST,/integrations/v2/encounters/update,0.700000,0.000000,155000,181000,188000,202000,212000,212000,212000,212000,212000,212000,212000,467,38,93000,90740.48349564412,305.6318396702409,257814.8887110874,229.81156316916488
1786466044,200,,Aggregated,0.700000,0.000000,155000,181000,188000,202000,212000,212000,212000,212000,212000,212000,212000,467,38,93000,90740.48349564412,305.6318396702409,257814.8887110874,229.81156316916488
1786466045,200,POST,/integrations/v2/encounters/update,0.700000,0.000000,155000,181000,188000,188000,202000,212000,212000,212000,212000,212000,212000,469,38,93000,90927.80103082501,305.6318396702409,257814.8887110874,229.8507462686567
1786466045,200,,Aggregated,0.700000,0.000000,155000,181000,188000,188000,202000,212000,212000,212000,212000,212000,212000,469,38,93000,90927.80103082501,305.6318396702409,257814.8887110874,229.8507462686567
1786466046,200,POST,/integrations/v2/encounters/update,0.800000,0.000000,149000,155000,181000,181000,188000,212000,212000,212000,212000,212000,212000,471,38,93000,91137.69879524701,305.6318396702409,257814.8887110874,229.8895966029724
1786466046,200,,Aggregated,0.800000,0.000000,149000,155000,181000,181000,188000,212000,212000,212000,212000,212000,212000,471,38,93000,91137.69879524701,305.6318396702409,257814.8887110874,229.8895966029724
1786466047,200,POST,/integrations/v2/encounters/update,0.800000,0.000000,141000,155000,165000,181000,188000,212000,212000,212000,212000,212000,212000,472,38,93000,91164.42459525928,305.6318396702409,257814.8887110874,229.90889830508473
1786466047,200,,Aggregated,0.800000,0.000000,141000,155000,165000,181000,188000,212000,212000,212000,212000,212000,212000,472,38,93000,91164.42459525928,305.6318396702409,257814.8887110874,229.90889830508473
1786466048,200,POST,/integrations/v2/encounters/update,1.100000,0.000000,149000,155000,173000,173000,188000,212000,212000,212000,212000,212000,212000,473,38,93000,91337.87431871523,305.6318396702409,257814.8887110874,229.92811839323468
1786466048,200,,Aggregated,1.100000,0.000000,149000,155000,173000,173000,188000,212000,212000,212000,212000,212000,212000,473,38,93000,91337.87431871523,305.6318396702409,257814.8887110874,229.92811839323468
1786466049,200,POST,/integrations/v2/encounters/update,1.300000,0.000000,149000,155000,165000,173000,188000,212000,212000,212000,212000,212000,212000,475,38,94000,91490.83196985682,305.6318396702409,257814.8887110874,229.9663157894737
1786466049,200,,Aggregated,1.300000,0.000000,149000,155000,165000,173000,188000,212000,212000,212000,212000,212000,212000,475,38,94000,91490.83196985682,305.6318396702409,257814.8887110874,229.9663157894737
1786466050,200,POST,/integrations/v2/encounters/update,1.300000,0.000000,149000,155000,165000,173000,188000,212000,212000,212000,212000,212000,212000,476,38,94000,91592.00675574233,305.6318396702409,257814.8887110874,229.98529411764707
1786466050,200,,Aggregated,1.300000,0.000000,149000,155000,165000,173000,188000,212000,212000,212000,212000,212000,212000,476,38,94000,91592.00675574233,305.6318396702409,257814.8887110874,229.98529411764707
1786466051,200,POST,/integrations/v2/encounters/update,1.300000,0.000000,149000,165000,168000,173000,188000,212000,212000,212000,212000,212000,212000,477,38,94000,91751.42985771935,305.6318396702409,257814.8887110874,230.00419287211741
1786466051,200,,Aggregated,1.300000,0.000000,149000,165000,168000,173000,188000,212000,212000,212000,212000,212000,212000,477,38,94000,91751.42985771935,305.6318396702409,257814.8887110874,230.00419287211741
1786466052,200,POST,/integrations/v2/encounters/update,1.400000,0.000000,152000,155000,168000,168000,188000,212000,212000,212000,212000,212000,212000,479,38,94000,92007.69518337374,305.6318396702409,257814.8887110874,230.0417536534447
1786466052,200,,Aggregated,1.400000,0.000000,152000,155000,168000,168000,188000,212000,212000,212000,212000,212000,212000,479,38,94000,92007.69518337374,305.6318396702409,257814.8887110874,230.0417536534447
1786466053,200,POST,/integrations/v2/encounters/update,1.400000,0.000000,149000,154000,155000,160000,168000,173000,173000,173000,173000,173000,173000,482,38,94000,92353.04272954672,305.6318396702409,257814.8887110874,230.09751037344398
1786466053,200,,Aggregated,1.400000,0.000000,149000,154000,155000,160000,168000,173000,173000,173000,173000,173000,173000,482,38,94000,92353.04272954672,305.6318396702409,257814.8887110874,230.09751037344398
1786466054,200,POST,/integrations/v2/encounters/update,1.400000,0.000000,145000,152000,160000,165000,168000,173000,173000,173000,173000,173000,173000,482,38,94000,92353.04272954672,305.6318396702409,257814.8887110874,230.09751037344398
1786466054,200,,Aggregated,1.400000,0.000000,145000,152000,160000,165000,168000,173000,173000,173000,173000,173000,173000,482,38,94000,92353.04272954672,305.6318396702409,257814.8887110874,230.09751037344398
1786466055,200,POST,/integrations/v2/encounters/update,1.700000,0.000000,145000,152000,154000,160000,168000,173000,173000,173000,173000,173000,173000,483,38,95000,92453.9419538351,305.6318396702409,257814.8887110874,230.1159420289855
1786466055,200,,Aggregated,1.700000,0.000000,145000,152000,154000,160000,168000,173000,173000,173000,173000,173000,173000,483,38,95000,92453.9419538351,305.6318396702409,257814.8887110874,230.1159420289855
1786466056,200,POST,/integrations/v2/encounters/update,1.700000,0.000000,145000,152000,154000,160000,168000,173000,173000,173000,173000,173000,173000,483,38,95000,92453.9419538351,305.6318396702409,257814.8887110874,230.1159420289855
1786466056,200,,Aggregated,1.700000,0.000000,145000,152000,154000,160000,168000,173000,173000,173000,173000,173000,173000,483,38,95000,92453.9419538351,305.6318396702409,257814.8887110874,230.1159420289855
1786466057,200,POST,/integrations/v2/encounters/update,1.700000,0.000000,149000,154000,160000,160000,168000,173000,173000,173000,173000,173000,173000,483,38,95000,92453.9419538351,305.6318396702409,257814.8887110874,230.1159420289855
1786466057,200,,Aggregated,1.700000,0.000000,149000,154000,160000,160000,168000,173000,173000,173000,173000,173000,173000,483,38,95000,92453.9419538351,305.6318396702409,257814.8887110874,230.1159420289855
1786466058,200,POST,/integrations/v2/encounters/update,1.300000,0.000000,145000,154000,160000,160000,168000,183000,183000,183000,183000,183000,183000,485,38,95000,92716.32039106845,305.6318396702409,257814.8887110874,230.15257731958764
1786466058,200,,Aggregated,1.300000,0.000000,145000,154000,160000,160000,168000,183000,183000,183000,183000,183000,183000,485,38,95000,92716.32039106845,305.6318396702409,257814.8887110874,230.15257731958764
1786466060,200,POST,/integrations/v2/encounters/update,1.100000,0.000000,152000,154000,160000,168000,183000,183000,183000,183000,183000,183000,183000,486,38,95000,92811.06015315486,305.6318396702409,257814.8887110874,230.17078189300412
1786466060,200,,Aggregated,1.100000,0.000000,152000,154000,160000,168000,183000,183000,183000,183000,183000,183000,183000,486,38,95000,92811.06015315486,305.6318396702409,257814.8887110874,230.17078189300412
1786466061,200,POST,/integrations/v2/encounters/update,1.100000,0.000000,141000,152000,154000,154000,160000,183000,183000,183000,183000,183000,183000,488,38,96000,92966.3951282149,305.6318396702409,257814.8887110874,230.20696721311475
1786466061,200,,Aggregated,1.100000,0.000000,141000,152000,154000,154000,160000,183000,183000,183000,183000,183000,183000,488,38,96000,92966.3951282149,305.6318396702409,257814.8887110874,230.20696721311475
1786466062,200,POST,/integrations/v2/encounters/update,1.100000,0.000000,139000,141000,160000,160000,183000,183000,183000,183000,183000,183000,183000,488,38,96000,92966.3951282149,305.6318396702409,257814.8887110874,230.20696721311475
1786466062,200,,Aggregated,1.100000,0.000000,139000,141000,160000,160000,183000,183000,183000,183000,183000,183000,183000,488,38,96000,92966.3951282149,305.6318396702409,257814.8887110874,230.20696721311475
1786466063,200,POST,/integrations/v2/encounters/update,1.000000,0.000000,139000,141000,146000,160000,183000,183000,183000,183000,183000,183000,183000,489,38,96000,93075.39764346826,305.6318396702409,257814.8887110874,230.22494887525562
1786466063,200,,Aggregated,1.000000,0.000000,139000,141000,146000,160000,183000,183000,183000,183000,183000,183000,183000,489,38,96000,93075.39764346826,305.6318396702409,257814.8887110874,230.22494887525562
1786466064,200,POST,/integrations/v2/encounters/update,1.100000,0.000000,135000,141000,146000,146000,168000,183000,183000,183000,183000,183000,183000,493,38,96000,93432.7988973526,305.6318396702409,257814.8887110874,230.29614604462475
1786466064,200,,Aggregated,1.100000,0.000000,135000,141000,146000,146000,168000,183000,183000,183000,183000,183000,183000,493,38,96000,93432.7988973526,305.6318396702409,257814.8887110874,230.29614604462475
1786466065,200,POST,/integrations/v2/encounters/update,1.100000,0.000000,135000,141000,146000,146000,168000,183000,183000,183000,183000,183000,183000,493,38,96000,93432.7988973526,305.6318396702409,257814.8887110874,230.29614604462475
1786466065,200,,Aggregated,1.100000,0.000000,135000,141000,146000,146000,168000,183000,183000,183000,183000,183000,183000,493,38,96000,93432.7988973526,305.6318396702409,257814.8887110874,230.29614604462475
1786466066,200,POST,/integrations/v2/encounters/update,0.900000,0.000000,135000,146000,168000,168000,169000,183000,183000,183000,183000,183000,183000,494,38,96000,93586.36309849739,305.6318396702409,257814.8887110874,230.31376518218624
1786466066,200,,Aggregated,0.900000,0.000000,135000,146000,168000,168000,169000,183000,183000,183000,183000,183000,183000,494,38,96000,93586.36309849739,305.6318396702409,257814.8887110874,230.31376518218624
1786466067,200,POST,/integrations/v2/encounters/update,1.100000,0.000000,135000,141000,146000,168000,169000,183000,183000,183000,183000,183000,183000,496,38,96000,93740.90005034175,305.6318396702409,257814.8887110874,230.34879032258064
1786466067,200,,Aggregated,1.100000,0.000000,135000,141000,146000,168000,169000,183000,183000,183000,183000,183000,183000,496,38,96000,93740.90005034175,305.6318396702409,257814.8887110874,230.34879032258064
1786466068,200,POST,/integrations/v2/encounters/update,1.100000,0.000000,135000,141000,146000,146000,168000,169000,169000,169000,169000,169000,169000,496,38,96000,93740.90005034175,305.6318396702409,257814.8887110874,230.34879032258064
1786466068,200,,Aggregated,1.100000,0.000000,135000,141000,146000,146000,168000,169000,169000,169000,169000,169000,169000,496,38,96000,93740.90005034175,305.6318396702409,257814.8887110874,230.34879032258064
1786466069,200,POST,/integrations/v2/encounters/update,1.100000,0.000000,135000,141000,146000,168000,169000,169000,169000,169000,169000,169000,169000,496,38,96000,93740.90005034175,305.6318396702409,257814.8887110874,230.34879032258064
1786466069,200,,Aggregated,1.100000,0.000000,135000,141000,146000,168000,169000,169000,169000,169000,169000,169000,169000,496,38,96000,93740.90005034175,305.6318396702409,257814.8887110874,230.34879032258064
1786466070,200,POST,/integrations/v2/encounters/update,1.200000,0.000000,141000,146000,168000,168000,169000,182000,182000,182000,182000,182000,182000,498,38,97000,94035.57249759867,305.6318396702409,257814.8887110874,230.3835341365462
1786466070,200,,Aggregated,1.200000,0.000000,141000,146000,168000,168000,169000,182000,182000,182000,182000,182000,182000,498,38,97000,94035.57249759867,305.6318396702409,257814.8887110874,230.3835341365462
1786466071,200,POST,/integrations/v2/encounters/update,1.300000,0.000000,141000,152000,168000,168000,169000,182000,182000,182000,182000,182000,182000,499,38,97000,94116.9926105851,305.6318396702409,257814.8887110874,230.40080160320642
1786466071,200,,Aggregated,1.300000,0.000000,141000,152000,168000,168000,169000,182000,182000,182000,182000,182000,182000,499,38,97000,94116.9926105851,305.6318396702409,257814.8887110874,230.40080160320642
1786466072,200,POST,/integrations/v2/encounters/update,1.100000,0.000000,152000,162000,169000,169000,177000,182000,182000,182000,182000,182000,182000,501,38,97000,94417.309832116,305.6318396702409,257814.8887110874,230.43512974051896
1786466072,200,,Aggregated,1.100000,0.000000,152000,162000,169000,169000,177000,182000,182000,182000,182000,182000,182000,501,38,97000,94417.309832116,305.6318396702409,257814.8887110874,230.43512974051896
1786466073,200,POST,/integrations/v2/encounters/update,1.100000,0.000000,141000,162000,168000,169000,177000,182000,182000,182000,182000,182000,182000,505,38,97000,94675.71263114673,305.6318396702409,257814.8887110874,230.5049504950495
1786466073,200,,Aggregated,1.100000,0.000000,141000,162000,168000,169000,177000,182000,182000,182000,182000,182000,182000,505,38,97000,94675.71263114673,305.6318396702409,257814.8887110874,230.5049504950495
1786466074,200,POST,/integrations/v2/encounters/update,1.100000,0.000000,135000,152000,162000,169000,177000,182000,182000,182000,182000,182000,182000,506,38,97000,94740.00982909644,305.6318396702409,257814.8887110874,230.52173913043478
1786466074,200,,Aggregated,1.100000,0.000000,135000,152000,162000,169000,177000,182000,182000,182000,182000,182000,182000,506,38,97000,94740.00982909644,305.6318396702409,257814.8887110874,230.52173913043478
1786466075,200,POST,/integrations/v2/encounters/update,1.300000,0.000000,129000,141000,152000,162000,177000,182000,182000,182000,182000,182000,182000,507,38,97000,94808.41638862764,305.6318396702409,257814.8887110874,230.53846153846155
1786466075,200,,Aggregated,1.300000,0.000000,129000,141000,152000,162000,177000,182000,182000,182000,182000,182000,182000,507,38,97000,94808.41638862764,305.6318396702409,257814.8887110874,230.53846153846155
1786466076,200,POST,/integrations/v2/encounters/update,1.500000,0.000000,135000,162000,163000,171000,177000,182000,182000,182000,182000,182000,182000,509,38,97000,95091.8028387177,305.6318396702409,257814.8887110874,230.57170923379175
1786466076,200,,Aggregated,1.500000,0.000000,135000,162000,163000,171000,177000,182000,182000,182000,182000,182000,182000,509,38,97000,95091.8028387177,305.6318396702409,257814.8887110874,230.57170923379175
1786466077,200,POST,/integrations/v2/encounters/update,1.400000,0.000000,129000,152000,163000,171000,177000,182000,182000,182000,182000,182000,182000,510,38,97000,95150.73542703381,305.6318396702409,257814.8887110874,230.58823529411765
1786466077,200,,Aggregated,1.400000,0.000000,129000,152000,163000,171000,177000,182000,182000,182000,182000,182000,182000,510,38,97000,95150.73542703381,305.6318396702409,257814.8887110874,230.58823529411765
1786466078,200,POST,/integrations/v2/encounters/update,1.400000,0.000000,135000,162000,163000,171000,177000,182000,182000,182000,182000,182000,182000,510,38,97000,95150.73542703381,305.6318396702409,257814.8887110874,230.58823529411765
1786466078,200,,Aggregated,1.400000,0.000000,135000,162000,163000,171000,177000,182000,182000,182000,182000,182000,182000,510,38,97000,95150.73542703381,305.6318396702409,257814.8887110874,230.58823529411765
1786466079,200,POST,/integrations/v2/encounters/update,1.400000,0.000000,129000,135000,163000,163000,171000,177000,177000,177000,177000,177000,177000,510,38,97000,95150.73542703381,305.6318396702409,257814.8887110874,230.58823529411765
1786466079,200,,Aggregated,1.400000,0.000000,129000,135000,163000,163000,171000,177000,177000,177000,177000,177000,177000,510,38,97000,95150.73542703381,305.6318396702409,257814.8887110874,230.58823529411765
1786466080,200,POST,/integrations/v2/encounters/update,1.500000,0.000000,129000,141000,163000,163000,171000,177000,177000,177000,177000,177000,177000,511,38,98000,95239.71982267294,305.6318396702409,257814.8887110874,230.60469667318984
1786466080,200,,Aggregated,1.500000,0.000000,129000,141000,163000,163000,171000,177000,177000,177000,177000,177000,177000,511,38,98000,95239.71982267294,305.6318396702409,257814.8887110874,230.60469667318984
1786466081,200,POST,/integrations/v2/encounters/update,1.400000,0.000000,129000,141000,163000,163000,171000,234000,234000,234000,234000,234000,234000,513,38,98000,95622.78429059344,305.6318396702409,257814.8887110874,230.63742690058479
1786466081,200,,Aggregated,1.400000,0.000000,129000,141000,163000,163000,171000,234000,234000,234000,234000,234000,234000,513,38,98000,95622.78429059344,305.6318396702409,257814.8887110874,230.63742690058479
1786466082,200,POST,/integrations/v2/encounters/update,1.400000,0.000000,153000,155000,163000,171000,234000,234000,234000,234000,234000,234000,234000,514,38,98000,95739.07326892424,305.6318396702409,257814.8887110874,230.65369649805447
1786466082,200,,Aggregated,1.400000,0.000000,153000,155000,163000,171000,234000,234000,234000,234000,234000,234000,234000,514,38,98000,95739.07326892424,305.6318396702409,257814.8887110874,230.65369649805447
1786466083,200,POST,/integrations/v2/encounters/update,1.300000,0.000000,153000,163000,171000,171000,183000,234000,234000,234000,234000,234000,234000,517,38,99000,96065.63260378694,305.6318396702409,257814.8887110874,230.70212765957447
1786466083,200,,Aggregated,1.300000,0.000000,153000,163000,171000,171000,183000,234000,234000,234000,234000,234000,234000,517,38,99000,96065.63260378694,305.6318396702409,257814.8887110874,230.70212765957447
1786466084,200,POST,/integrations/v2/encounters/update,1.300000,0.000000,155000,163000,171000,183000,234000,234000,234000,234000,234000,234000,234000,517,38,99000,96065.63260378694,305.6318396702409,257814.8887110874,230.70212765957447
1786466084,200,,Aggregated,1.300000,0.000000,155000,163000,171000,183000,234000,234000,234000,234000,234000,234000,234000,517,38,99000,96065.63260378694,305.6318396702409,257814.8887110874,230.70212765957447
1786466085,200,POST,/integrations/v2/encounters/update,1.300000,0.000000,153000,155000,183000,183000,234000,234000,234000,234000,234000,234000,234000,517,38,99000,96065.63260378694,305.6318396702409,257814.8887110874,230.70212765957447
1786466085,200,,Aggregated,1.300000,0.000000,153000,155000,183000,183000,234000,234000,234000,234000,234000,234000,234000,517,38,99000,96065.63260378694,305.6318396702409,257814.8887110874,230.70212765957447
1786466086,200,POST,/integrations/v2/encounters/update,1.100000,0.000000,153000,155000,183000,183000,205000,234000,234000,234000,234000,234000,234000,520,38,99000,96443.06742780878,305.6318396702409,257814.8887110874,230.75
1786466086,200,,Aggregated,1.100000,0.000000,153000,155000,183000,183000,205000,234000,234000,234000,234000,234000,234000,520,38,99000,96443.06742780878,305.6318396702409,257814.8887110874,230.75
1786466087,200,POST,/integrations/v2/encounters/update,1.000000,0.000000,153000,155000,183000,183000,205000,234000,234000,234000,234000,234000,234000,522,38,99000,96641.57414215464,305.6318396702409,257814.8887110874,230.7816091954023
1786466087,200,,Aggregated,1.000000,0.000000,153000,155000,183000,183000,205000,234000,234000,234000,234000,234000,234000,522,38,99000,96641.57414215464,305.6318396702409,257814.8887110874,230.7816091954023
1786466088,200,POST,/integrations/v2/encounters/update,1.000000,0.000000,153000,155000,172000,183000,205000,234000,234000,234000,234000,234000,234000,524,38,99000,96769.52502269916,305.6318396702409,257814.8887110874,230.81297709923663
1786466088,200,,Aggregated,1.000000,0.000000,153000,155000,172000,183000,205000,234000,234000,234000,234000,234000,234000,524,38,99000,96769.52502269916,305.6318396702409,257814.8887110874,230.81297709923663
1786466089,200,POST,/integrations/v2/encounters/update,1.100000,0.000000,137000,153000,172000,183000,205000,234000,234000,234000,234000,234000,234000,526,38,99000,96899.4471741302,305.6318396702409,257814.8887110874,230.84410646387832
1786466089,200,,Aggregated,1.100000,0.000000,137000,153000,172000,183000,205000,234000,234000,234000,234000,234000,234000,526,38,99000,96899.4471741302,305.6318396702409,257814.8887110874,230.84410646387832
1786466090,200,POST,/integrations/v2/encounters/update,1.100000,0.000000,137000,153000,155000,172000,183000,205000,205000,205000,205000,205000,205000,527,38,99000,96955.943900392,305.6318396702409,257814.8887110874,230.8595825426945
1786466090,200,,Aggregated,1.100000,0.000000,137000,153000,155000,172000,183000,205000,205000,205000,205000,205000,205000,527,38,99000,96955.943900392,305.6318396702409,257814.8887110874,230.8595825426945
1786466091,200,POST,/integrations/v2/encounters/update,1.400000,0.000000,137000,137000,153000,172000,183000,205000,205000,205000,205000,205000,205000,528,38,99000,97013.23325000527,305.6318396702409,257814.8887110874,230.875
1786466091,200,,Aggregated,1.400000,0.000000,137000,137000,153000,172000,183000,205000,205000,205000,205000,205000,205000,528,38,99000,97013.23325000527,305.6318396702409,257814.8887110874,230.875
1786466092,200,POST,/integrations/v2/encounters/update,1.600000,0.000000,137000,137000,153000,172000,183000,205000,205000,205000,205000,205000,205000,529,38,99000,97108.16904791369,305.6318396702409,257814.8887110874,230.89035916824196
1786466092,200,,Aggregated,1.600000,0.000000,137000,137000,153000,172000,183000,205000,205000,205000,205000,205000,205000,529,38,99000,97108.16904791369,305.6318396702409,257814.8887110874,230.89035916824196
1786466093,200,POST,/integrations/v2/encounters/update,1.600000,0.000000,137000,137000,153000,153000,172000,205000,205000,205000,205000,205000,205000,529,38,99000,97108.16904791369,305.6318396702409,257814.8887110874,230.89035916824196
1786466093,200,,Aggregated,1.600000,0.000000,137000,137000,153000,153000,172000,205000,205000,205000,205000,205000,205000,529,38,99000,97108.16904791369,305.6318396702409,257814.8887110874,230.89035916824196
1786466094,200,POST,/integrations/v2/encounters/update,1.600000,0.000000,137000,137000,153000,153000,172000,205000,205000,205000,205000,205000,205000,529,38,99000,97108.16904791369,305.6318396702409,257814.8887110874,230.89035916824196
1786466094,200,,Aggregated,1.600000,0.000000,137000,137000,153000,153000,172000,205000,205000,205000,205000,205000,205000,529,38,99000,97108.16904791369,305.6318396702409,257814.8887110874,230.89035916824196
1786466095,200,POST,/integrations/v2/encounters/update,1.200000,0.000000,127000,137000,137000,137000,147000,172000,172000,172000,172000,172000,172000,530,38,99000,97169.3684905785,305.6318396702409,257814.8887110874,230.9056603773585
1786466095,200,,Aggregated,1.200000,0.000000,127000,137000,137000,137000,147000,172000,172000,172000,172000,172000,172000,530,38,99000,97169.3684905785,305.6318396702409,257814.8887110874,230.9056603773585
1786466096,200,POST,/integrations/v2/encounters/update,1.200000,0.000000,130000,137000,137000,147000,172000,172000,172000,172000,172000,172000,172000,531,38,99000,97231.43888710211,305.6318396702409,257814.8887110874,230.92090395480227
1786466096,200,,Aggregated,1.200000,0.000000,130000,137000,137000,147000,172000,172000,172000,172000,172000,172000,172000,531,38,99000,97231.43888710211,305.6318396702409,257814.8887110874,230.92090395480227
1786466097,200,POST,/integrations/v2/encounters/update,1.200000,0.000000,130000,137000,146000,146000,147000,147000,147000,147000,147000,147000,147000,532,38,99000,97323.49627898635,305.6318396702409,257814.8887110874,230.9360902255639
1786466097,200,,Aggregated,1.200000,0.000000,130000,137000,146000,146000,147000,147000,147000,147000,147000,147000,147000,532,38,99000,97323.49627898635,305.6318396702409,257814.8887110874,230.9360902255639
1786466098,200,POST,/integrations/v2/encounters/update,1.200000,0.000000,130000,130000,146000,146000,147000,147000,147000,147000,147000,147000,147000,532,38,99000,97323.49627898635,305.6318396702409,257814.8887110874,230.9360902255639
1786466098,200,,Aggregated,1.200000,0.000000,130000,130000,146000,146000,147000,147000,147000,147000,147000,147000,147000,532,38,99000,97323.49627898635,305.6318396702409,257814.8887110874,230.9360902255639
1786466099,200,POST,/integrations/v2/encounters/update,1.100000,0.000000,146000,146000,147000,147000,153000,153000,153000,153000,153000,153000,153000,533,38,100000,97428.43856091313,305.6318396702409,257814.8887110874,230.9512195121951
1786466099,200,,Aggregated,1.100000,0.000000,146000,146000,147000,147000,153000,153000,153000,153000,153000,153000,153000,533,38,100000,97428.43856091313,305.6318396702409,257814.8887110874,230.9512195121951
1786466100,200,POST,/integrations/v2/encounters/update,1.100000,0.000000,146000,146000,147000,147000,153000,153000,153000,153000,153000,153000,153000,533,38,100000,97428.43856091313,305.6318396702409,257814.8887110874,230.9512195121951
1786466100,200,,Aggregated,1.100000,0.000000,146000,146000,147000,147000,153000,153000,153000,153000,153000,153000,153000,533,38,100000,97428.43856091313,305.6318396702409,257814.8887110874,230.9512195121951
1786466101,200,POST,/integrations/v2/encounters/update,1.100000,0.000000,146000,147000,147000,153000,153000,153000,153000,153000,153000,153000,153000,533,38,100000,97428.43856091313,305.6318396702409,257814.8887110874,230.9512195121951
1786466101,200,,Aggregated,1.100000,0.000000,146000,147000,147000,153000,153000,153000,153000,153000,153000,153000,153000,533,38,100000,97428.43856091313,305.6318396702409,257814.8887110874,230.9512195121951
1786466102,200,POST,/integrations/v2/encounters/update,0.800000,0.000000,146000,146000,147000,147000,153000,153000,153000,153000,153000,153000,153000,534,38,100000,97488.3293236121,305.6318396702409,257814.8887110874,230.96629213483146
1786466102,200,,Aggregated,0.800000,0.000000,146000,146000,147000,147000,153000,153000,153000,153000,153000,153000,153000,534,38,100000,97488.3293236121,305.6318396702409,257814.8887110874,230.96629213483146
1786466103,200,POST,/integrations/v2/encounters/update,0.500000,0.000000,130000,131000,146000,146000,153000,153000,153000,153000,153000,153000,153000,536,38,100000,97608.56693725054,305.6318396702409,257814.8887110874,230.9962686567164
1786466103,200,,Aggregated,0.500000,0.000000,130000,131000,146000,146000,153000,153000,153000,153000,153000,153000,153000,536,38,100000,97608.56693725054,305.6318396702409,257814.8887110874,230.9962686567164
1786466104,200,POST,/integrations/v2/encounters/update,0.500000,0.000000,130000,131000,146000,146000,153000,153000,153000,153000,153000,153000,153000,536,38,100000,97608.56693725054,305.6318396702409,257814.8887110874,230.9962686567164
1786466104,200,,Aggregated,0.500000,0.000000,130000,131000,146000,146000,153000,153000,153000,153000,153000,153000,153000,536,38,100000,97608.56693725054,305.6318396702409,257814.8887110874,230.9962686567164
1786466105,200,POST,/integrations/v2/encounters/update,0.500000,0.000000,131000,131000,146000,146000,153000,153000,153000,153000,153000,153000,153000,536,38,100000,97608.56693725054,305.6318396702409,257814.8887110874,230.9962686567164
1786466105,200,,Aggregated,0.500000,0.000000,131000,131000,146000,146000,153000,153000,153000,153000,153000,153000,153000,536,38,100000,97608.56693725054,305.6318396702409,257814.8887110874,230.9962686567164
1786466106,200,POST,/integrations/v2/encounters/update,0.700000,0.000000,131000,135000,146000,146000,153000,153000,153000,153000,153000,153000,153000,537,38,100000,97677.72977192517,305.6318396702409,257814.8887110874,231.01117318435755
1786466106,200,,Aggregated,0.700000,0.000000,131000,135000,146000,146000,153000,153000,153000,153000,153000,153000,153000,537,38,100000,97677.72977192517,305.6318396702409,257814.8887110874,231.01117318435755
1786466107,200,POST,/integrations/v2/encounters/update,0.700000,0.000000,131000,135000,135000,153000,153000,153000,153000,153000,153000,153000,153000,537,38,100000,97677.72977192517,305.6318396702409,257814.8887110874,231.01117318435755
1786466107,200,,Aggregated,0.700000,0.000000,131000,135000,135000,153000,153000,153000,153000,153000,153000,153000,153000,537,38,100000,97677.72977192517,305.6318396702409,257814.8887110874,231.01117318435755
1786466108,200,POST,/integrations/v2/encounters/update,0.700000,0.000000,131000,135000,153000,153000,160000,160000,160000,160000,160000,160000,160000,539,38,100000,97853.23964241988,305.6318396702409,257814.8887110874,231.0408163265306
1786466108,200,,Aggregated,0.700000,0.000000,131000,135000,153000,153000,160000,160000,160000,160000,160000,160000,160000,539,38,100000,97853.23964241988,305.6318396702409,257814.8887110874,231.0408163265306
1786466109,200,POST,/integrations/v2/encounters/update,0.700000,0.000000,131000,131000,135000,135000,160000,160000,160000,160000,160000,160000,160000,539,38,100000,97853.23964241988,305.6318396702409,257814.8887110874,231.0408163265306
1786466109,200,,Aggregated,0.700000,0.000000,131000,131000,135000,135000,160000,160000,160000,160000,160000,160000,160000,539,38,100000,97853.23964241988,305.6318396702409,257814.8887110874,231.0408163265306
1786466110,200,POST,/integrations/v2/encounters/update,0.700000,0.000000,131000,131000,135000,135000,160000,160000,160000,160000,160000,160000,160000,539,38,100000,97853.23964241988,305.6318396702409,257814.8887110874,231.0408163265306
1786466110,200,,Aggregated,0.700000,0.000000,131000,131000,135000,135000,160000,160000,160000,160000,160000,160000,160000,539,38,100000,97853.23964241988,305.6318396702409,257814.8887110874,231.0408163265306
1786466111,200,POST,/integrations/v2/encounters/update,0.600000,0.000000,135000,135000,159000,159000,160000,160000,160000,160000,160000,160000,160000,540,38,100000,97967.29352840016,305.6318396702409,257814.8887110874,231.05555555555554
1786466111,200,,Aggregated,0.600000,0.000000,135000,135000,159000,159000,160000,160000,160000,160000,160000,160000,160000,540,38,100000,97967.29352840016,305.6318396702409,257814.8887110874,231.05555555555554
1786466112,200,POST,/integrations/v2/encounters/update,0.600000,0.000000,156000,156000,159000,159000,160000,160000,160000,160000,160000,160000,160000,541,38,100000,98074.23486010742,305.6318396702409,257814.8887110874,231.07024029574862
1786466112,200,,Aggregated,0.600000,0.000000,156000,156000,159000,159000,160000,160000,160000,160000,160000,160000,160000,541,38,100000,98074.23486010742,305.6318396702409,257814.8887110874,231.07024029574862
1786466113,200,POST,/integrations/v2/encounters/update,0.600000,0.000000,138000,156000,159000,159000,160000,160000,160000,160000,160000,160000,160000,543,38,100000,98202.62094652091,305.6318396702409,257814.8887110874,231.09944751381215
1786466113,200,,Aggregated,0.600000,0.000000,138000,156000,159000,159000,160000,160000,160000,160000,160000,160000,160000,543,38,100000,98202.62094652091,305.6318396702409,257814.8887110874,231.09944751381215
1786466114,200,POST,/integrations/v2/encounters/update,0.700000,0.000000,139000,156000,159000,160000,188000,188000,188000,188000,188000,188000,188000,545,38,100000,98442.73276181567,305.6318396702409,257814.8887110874,231.12844036697248
1786466114,200,,Aggregated,0.700000,0.000000,139000,156000,159000,160000,188000,188000,188000,188000,188000,188000,188000,545,38,100000,98442.73276181567,305.6318396702409,257814.8887110874,231.12844036697248
1786466115,200,POST,/integrations/v2/encounters/update,0.700000,0.000000,156000,159000,160000,160000,162000,188000,188000,188000,188000,188000,188000,547,38,100000,98664.7072724889,305.6318396702409,257814.8887110874,231.15722120658134
1786466115,200,,Aggregated,0.700000,0.000000,156000,159000,160000,160000,162000,188000,188000,188000,188000,188000,188000,547,38,100000,98664.7072724889,305.6318396702409,257814.8887110874,231.15722120658134
1786466116,200,POST,/integrations/v2/encounters/update,0.700000,0.000000,157000,157000,160000,160000,162000,188000,188000,188000,188000,188000,188000,549,38,100000,98874.33101803587,305.6318396702409,257814.8887110874,231.18579234972677
1786466116,200,,Aggregated,0.700000,0.000000,157000,157000,160000,160000,162000,188000,188000,188000,188000,188000,188000,549,38,100000,98874.33101803587,305.6318396702409,257814.8887110874,231.18579234972677
1786466117,200,POST,/integrations/v2/encounters/update,0.800000,0.000000,156000,157000,159000,160000,162000,188000,188000,188000,188000,188000,188000,551,38,101000,98958.94157427267,305.6318396702409,257814.8887110874,231.2141560798548
1786466117,200,,Aggregated,0.800000,0.000000,156000,157000,159000,160000,162000,188000,188000,188000,188000,188000,188000,551,38,101000,98958.94157427267,305.6318396702409,257814.8887110874,231.2141560798548
1786466118,200,POST,/integrations/v2/encounters/update,1.300000,0.000000,156000,157000,159000,160000,162000,188000,188000,188000,188000,188000,188000,552,38,101000,99040.0375985925,305.6318396702409,257814.8887110874,231.22826086956522
1786466118,200,,Aggregated,1.300000,0.000000,156000,157000,159000,160000,162000,188000,188000,188000,188000,188000,188000,552,38,101000,99040.0375985925,305.6318396702409,257814.8887110874,231.22826086956522
1786466119,200,POST,/integrations/v2/encounters/update,1.400000,0.000000,156000,157000,158000,159000,162000,188000,188000,188000,188000,188000,188000,554,38,101000,99183.311235358,305.6318396702409,257814.8887110874,231.25631768953068
1786466119,200,,Aggregated,1.400000,0.000000,156000,157000,158000,159000,162000,188000,188000,188000,188000,188000,188000,554,38,101000,99183.311235358,305.6318396702409,257814.8887110874,231.25631768953068
1786466120,200,POST,/integrations/v2/encounters/update,1.200000,0.000000,156000,157000,158000,159000,169000,188000,188000,188000,188000,188000,188000,556,38,101000,99412.2668906708,305.6318396702409,257814.8887110874,231.2841726618705
1786466120,200,,Aggregated,1.200000,0.000000,156000,157000,158000,159000,169000,188000,188000,188000,188000,188000,188000,556,38,101000,99412.2668906708,305.6318396702409,257814.8887110874,231.2841726618705
1786466121,200,POST,/integrations/v2/encounters/update,1.400000,0.000000,157000,157000,158000,159000,169000,188000,188000,188000,188000,188000,188000,560,38,102000,99761.53341657981,305.6318396702409,257814.8887110874,231.33928571428572
1786466121,200,,Aggregated,1.400000,0.000000,157000,157000,158000,159000,169000,188000,188000,188000,188000,188000,188000,560,38,102000,99761.53341657981,305.6318396702409,257814.8887110874,231.33928571428572
1786466122,200,POST,/integrations/v2/encounters/update,1.400000,0.000000,157000,158000,159000,159000,169000,188000,188000,188000,188000,188000,188000,562,38,102000,99898.48134642653,305.6318396702409,257814.8887110874,231.36654804270464
1786466122,200,,Aggregated,1.400000,0.000000,157000,158000,159000,159000,169000,188000,188000,188000,188000,188000,188000,562,38,102000,99898.48134642653,305.6318396702409,257814.8887110874,231.36654804270464
1786466123,200,POST,/integrations/v2/encounters/update,1.900000,0.000000,157000,158000,159000,159000,169000,188000,188000,188000,188000,188000,188000,564,38,102000,100083.31491244983,305.6318396702409,257814.8887110874,231.39361702127658
1786466123,200,,Aggregated,1.900000,0.000000,157000,158000,159000,159000,169000,188000,188000,188000,188000,188000,188000,564,38,102000,100083.31491244983,305.6318396702409,257814.8887110874,231.39361702127658
1786466124,200,POST,/integrations/v2/encounters/update,2.100000,0.000000,157000,157000,158000,158000,159000,169000,169000,169000,169000,169000,169000,566,38,102000,100155.08215281744,305.6318396702409,257814.8887110874,231.42049469964664
1786466124,200,,Aggregated,2.100000,0.000000,157000,157000,158000,158000,159000,169000,169000,169000,169000,169000,169000,566,38,102000,100155.08215281744,305.6318396702409,257814.8887110874,231.42049469964664
1786466125,200,POST,/integrations/v2/encounters/update,2.100000,0.000000,146000,158000,158000,159000,165000,169000,169000,169000,169000,169000,169000,568,38,102000,100301.04228503785,305.6318396702409,257814.8887110874,231.44718309859155
1786466125,200,,Aggregated,2.100000,0.000000,146000,158000,158000,159000,165000,169000,169000,169000,169000,169000,169000,568,38,102000,100301.04228503785,305.6318396702409,257814.8887110874,231.44718309859155
1786466126,200,POST,/integrations/v2/encounters/update,2.100000,0.000000,146000,158000,158000,159000,165000,169000,169000,169000,169000,169000,169000,568,38,102000,100301.04228503785,305.6318396702409,257814.8887110874,231.44718309859155
1786466126,200,,Aggregated,2.100000,0.000000,146000,158000,158000,159000,165000,169000,169000,169000,169000,169000,169000,568,38,102000,100301.04228503785,305.6318396702409,257814.8887110874,231.44718309859155
1786466127,200,POST,/integrations/v2/encounters/update,2.100000,0.000000,157000,158000,158000,159000,165000,169000,169000,169000,169000,169000,169000,568,38,102000,100301.04228503785,305.6318396702409,257814.8887110874,231.44718309859155
1786466127,200,,Aggregated,2.100000,0.000000,157000,158000,158000,159000,165000,169000,169000,169000,169000,169000,169000,568,38,102000,100301.04228503785,305.6318396702409,257814.8887110874,231.44718309859155
1786466128,200,POST,/integrations/v2/encounters/update,2.100000,0.000000,157000,158000,159000,159000,165000,169000,169000,169000,169000,169000,169000,568,38,102000,100301.04228503785,305.6318396702409,257814.8887110874,231.44718309859155
1786466128,200,,Aggregated,2.100000,0.000000,157000,158000,159000,159000,165000,169000,169000,169000,169000,169000,169000,568,38,102000,100301.04228503785,305.6318396702409,257814.8887110874,231.44718309859155
1786466129,200,POST,/integrations/v2/encounters/update,2.100000,0.000000,157000,158000,159000,159000,165000,169000,169000,169000,169000,169000,169000,568,38,102000,100301.04228503785,305.6318396702409,257814.8887110874,231.44718309859155
1786466129,200,,Aggregated,2.100000,0.000000,157000,158000,159000,159000,165000,169000,169000,169000,169000,169000,169000,568,38,102000,100301.04228503785,305.6318396702409,257814.8887110874,231.44718309859155
1786466130,200,POST,/integrations/v2/encounters/update,2.100000,0.000000,146000,158000,159000,159000,165000,165000,165000,165000,165000,165000,165000,568,38,102000,100301.04228503785,305.6318396702409,257814.8887110874,231.44718309859155
1786466130,200,,Aggregated,2.100000,0.000000,146000,158000,159000,159000,165000,165000,165000,165000,165000,165000,165000,568,38,102000,100301.04228503785,305.6318396702409,257814.8887110874,231.44718309859155
1786466131,200,POST,/integrations/v2/encounters/update,1.700000,0.000000,146000,155000,158000,158000,165000,165000,165000,165000,165000,165000,165000,569,38,102000,100397.45169454573,305.6318396702409,257814.8887110874,231.4604569420035
1786466131,200,,Aggregated,1.700000,0.000000,146000,155000,158000,158000,165000,165000,165000,165000,165000,165000,165000,569,38,102000,100397.45169454573,305.6318396702409,257814.8887110874,231.4604569420035
1786466132,200,POST,/integrations/v2/encounters/update,1.500000,0.000000,127000,146000,155000,155000,165000,165000,165000,165000,165000,165000,165000,570,38,102000,100435.89851827802,305.6318396702409,257814.8887110874,231.47368421052633
1786466132,200,,Aggregated,1.500000,0.000000,127000,146000,155000,155000,165000,165000,165000,165000,165000,165000,165000,570,38,102000,100435.89851827802,305.6318396702409,257814.8887110874,231.47368421052633
1786466133,200,POST,/integrations/v2/encounters/update,1.400000,0.000000,155000,155000,165000,165000,169000,169000,169000,169000,169000,169000,169000,571,38,102000,100556.58932636131,305.6318396702409,257814.8887110874,231.48686514886165
1786466133,200,,Aggregated,1.400000,0.000000,155000,155000,165000,165000,169000,169000,169000,169000,169000,169000,169000,571,38,102000,100556.58932636131,305.6318396702409,257814.8887110874,231.48686514886165
1786466134,200,POST,/integrations/v2/encounters/update,1.400000,0.000000,165000,165000,169000,169000,169000,169000,169000,169000,169000,169000,169000,571,38,102000,100556.58932636131,305.6318396702409,257814.8887110874,231.48686514886165
1786466134,200,,Aggregated,1.400000,0.000000,165000,165000,169000,169000,169000,169000,169000,169000,169000,169000,169000,571,38,102000,100556.58932636131,305.6318396702409,257814.8887110874,231.48686514886165
1786466135,200,POST,/integrations/v2/encounters/update,1.400000,0.000000,165000,165000,169000,169000,169000,169000,169000,169000,169000,169000,169000,571,38,102000,100556.58932636131,305.6318396702409,257814.8887110874,231.48686514886165
1786466135,200,,Aggregated,1.400000,0.000000,165000,165000,169000,169000,169000,169000,169000,169000,169000,169000,169000,571,38,102000,100556.58932636131,305.6318396702409,257814.8887110874,231.48686514886165
1786466136,200,POST,/integrations/v2/encounters/update,0.800000,0.000000,155000,165000,165000,169000,169000,169000,169000,169000,169000,169000,169000,572,38,102000,100637.76362042587,305.6318396702409,257814.8887110874,231.5
1786466136,200,,Aggregated,0.800000,0.000000,155000,165000,165000,169000,169000,169000,169000,169000,169000,169000,169000,572,38,102000,100637.76362042587,305.6318396702409,257814.8887110874,231.5
1786466137,200,POST,/integrations/v2/encounters/update,0.600000,0.000000,155000,155000,169000,169000,175000,175000,175000,175000,175000,175000,175000,574,38,103000,100805.61449008633,305.6318396702409,257814.8887110874,231.5261324041812
1786466137,200,,Aggregated,0.600000,0.000000,155000,155000,169000,169000,175000,175000,175000,175000,175000,175000,175000,574,38,103000,100805.61449008633,305.6318396702409,257814.8887110874,231.5261324041812
1786466138,200,POST,/integrations/v2/encounters/update,0.400000,0.000000,155000,169000,171000,171000,175000,175000,175000,175000,175000,175000,175000,576,38,103000,100967.45316663227,305.6318396702409,257814.8887110874,231.55208333333334
1786466138,200,,Aggregated,0.400000,0.000000,155000,169000,171000,171000,175000,175000,175000,175000,175000,175000,175000,576,38,103000,100967.45316663227,305.6318396702409,257814.8887110874,231.55208333333334
1786466139,200,POST,/integrations/v2/encounters/update,0.600000,0.000000,155000,169000,170000,171000,175000,175000,175000,175000,175000,175000,175000,577,38,103000,101087.03299381316,305.6318396702409,257814.8887110874,231.56499133448872
1786466139,200,,Aggregated,0.600000,0.000000,155000,169000,170000,171000,175000,175000,175000,175000,175000,175000,175000,577,38,103000,101087.03299381316,305.6318396702409,257814.8887110874,231.56499133448872
1786466140,200,POST,/integrations/v2/encounters/update,0.600000,0.000000,169000,170000,170000,170000,171000,175000,175000,175000,175000,175000,175000,580,38,103000,101372.19151125354,305.6318396702409,257814.8887110874,231.60344827586206
1786466140,200,,Aggregated,0.600000,0.000000,169000,170000,170000,170000,171000,175000,175000,175000,175000,175000,175000,580,38,103000,101372.19151125354,305.6318396702409,257814.8887110874,231.60344827586206
1786466141,200,POST,/integrations/v2/encounters/update,0.800000,0.000000,170000,170000,171000,171000,171000,175000,175000,175000,175000,175000,175000,581,38,103000,101491.29256300256,305.6318396702409,257814.8887110874,231.61617900172118
1786466141,200,,Aggregated,0.800000,0.000000,170000,170000,171000,171000,171000,175000,175000,175000,175000,175000,175000,581,38,103000,101491.29256300256,305.6318396702409,257814.8887110874,231.61617900172118
1786466142,200,POST,/integrations/v2/encounters/update,1.000000,0.000000,170000,171000,171000,171000,172000,175000,175000,175000,175000,175000,175000,584,38,103000,101846.57303545918,305.6318396702409,257814.8887110874,231.65582191780823
1786466142,200,,Aggregated,1.000000,0.000000,170000,171000,171000,171000,172000,175000,175000,175000,175000,175000,175000,584,38,103000,101846.57303545918,305.6318396702409,257814.8887110874,231.65582191780823
1786466143,200,POST,/integrations/v2/encounters/update,1.100000,0.000000,170000,171000,171000,171000,172000,175000,175000,175000,175000,175000,175000,585,38,104000,101926.21897347113,305.6318396702409,257814.8887110874,231.66837606837606
1786466143,200,,Aggregated,1.100000,0.000000,170000,171000,171000,171000,172000,175000,175000,175000,175000,175000,175000,585,38,104000,101926.21897347113,305.6318396702409,257814.8887110874,231.66837606837606
1786466144,200,POST,/integrations/v2/encounters/update,1.100000,0.000000,170000,170000,171000,171000,172000,175000,175000,175000,175000,175000,175000,586,38,104000,101968.81898151831,305.6318396702409,257814.8887110874,231.68088737201364
1786466144,200,,Aggregated,1.100000,0.000000,170000,170000,171000,171000,172000,175000,175000,175000,175000,175000,175000,586,38,104000,101968.81898151831,305.6318396702409,257814.8887110874,231.68088737201364
1786466145,200,POST,/integrations/v2/encounters/update,1.300000,0.000000,170000,171000,171000,172000,175000,179000,179000,179000,179000,179000,179000,590,38,104000,102304.01473780778,305.6318396702409,257814.8887110874,231.73050847457628
1786466145,200,,Aggregated,1.300000,0.000000,170000,171000,171000,172000,175000,179000,179000,179000,179000,179000,179000,590,38,104000,102304.01473780778,305.6318396702409,257814.8887110874,231.73050847457628
1786466146,200,POST,/integrations/v2/encounters/update,1.300000,0.000000,170000,171000,172000,173000,175000,179000,179000,179000,179000,179000,179000,592,38,104000,102469.98966656582,305.6318396702409,257814.8887110874,231.75506756756758
1786466146,200,,Aggregated,1.300000,0.000000,170000,171000,172000,173000,175000,179000,179000,179000,179000,179000,179000,592,38,104000,102469.98966656582,305.6318396702409,257814.8887110874,231.75506756756758
1786466147,200,POST,/integrations/v2/encounters/update,1.700000,0.000000,170000,171000,171000,172000,174000,179000,179000,179000,179000,179000,179000,593,38,105000,102585.93434231548,305.6318396702409,257814.8887110874,231.7672849915683
1786466147,200,,Aggregated,1.700000,0.000000,170000,171000,171000,172000,174000,179000,179000,179000,179000,179000,179000,593,38,105000,102585.93434231548,305.6318396702409,257814.8887110874,231.7672849915683
1786466148,200,POST,/integrations/v2/encounters/update,2.000000,0.000000,170000,171000,171000,172000,174000,179000,179000,179000,179000,179000,179000,594,38,105000,102695.53402250614,305.6318396702409,257814.8887110874,231.7794612794613
1786466148,200,,Aggregated,2.000000,0.000000,170000,171000,171000,172000,174000,179000,179000,179000,179000,179000,179000,594,38,105000,102695.53402250614,305.6318396702409,257814.8887110874,231.7794612794613
1786466149,200,POST,/integrations/v2/encounters/update,1.800000,0.000000,170000,171000,172000,173000,176000,179000,179000,179000,179000,179000,179000,597,38,105000,102937.21323477969,305.6318396702409,257814.8887110874,231.81574539363484
1786466149,200,,Aggregated,1.800000,0.000000,170000,171000,172000,173000,176000,179000,179000,179000,179000,179000,179000,597,38,105000,102937.21323477969,305.6318396702409,257814.8887110874,231.81574539363484
1786466150,200,POST,/integrations/v2/encounters/update,1.900000,0.000000,169000,171000,173000,174000,179000,181000,181000,181000,181000,181000,181000,599,38,106000,103108.1329024986,305.6318396702409,257814.8887110874,231.8397328881469
1786466150,200,,Aggregated,1.900000,0.000000,169000,171000,173000,174000,179000,181000,181000,181000,181000,181000,181000,599,38,106000,103108.1329024986,305.6318396702409,257814.8887110874,231.8397328881469
1786466151,200,POST,/integrations/v2/encounters/update,1.900000,0.000000,168000,171000,173000,174000,179000,181000,181000,181000,181000,181000,181000,600,38,106000,103174.81035901855,305.6318396702409,257814.8887110874,231.85166666666666
1786466151,200,,Aggregated,1.900000,0.000000,168000,171000,173000,174000,179000,181000,181000,181000,181000,181000,181000,600,38,106000,103174.81035901855,305.6318396702409,257814.8887110874,231.85166666666666
1786466152,200,POST,/integrations/v2/encounters/update,2.000000,0.000000,148000,168000,173000,174000,179000,181000,181000,181000,181000,181000,181000,603,38,106000,103421.53466672669,305.6318396702409,257814.8887110874,231.8872305140962
1786466152,200,,Aggregated,2.000000,0.000000,148000,168000,173000,174000,179000,181000,181000,181000,181000,181000,181000,603,38,106000,103421.53466672669,305.6318396702409,257814.8887110874,231.8872305140962
1786466153,200,POST,/integrations/v2/encounters/update,1.900000,0.000000,163000,168000,173000,174000,179000,181000,181000,181000,181000,181000,181000,604,38,106000,103519.35041921571,305.6318396702409,257814.8887110874,231.89900662251657
1786466153,200,,Aggregated,1.900000,0.000000,163000,168000,173000,174000,179000,181000,181000,181000,181000,181000,181000,604,38,106000,103519.35041921571,305.6318396702409,257814.8887110874,231.89900662251657
1786466154,200,POST,/integrations/v2/encounters/update,2.000000,0.000000,163000,168000,171000,173000,176000,181000,181000,181000,181000,181000,181000,605,38,106000,103559.96822754983,305.6318396702409,257814.8887110874,231.9107438016529
1786466154,200,,Aggregated,2.000000,0.000000,163000,168000,171000,173000,176000,181000,181000,181000,181000,181000,181000,605,38,106000,103559.96822754983,305.6318396702409,257814.8887110874,231.9107438016529
1786466155,200,POST,/integrations/v2/encounters/update,2.000000,0.000000,163000,168000,171000,173000,176000,181000,181000,181000,181000,181000,181000,605,38,106000,103559.96822754983,305.6318396702409,257814.8887110874,231.9107438016529
1786466155,200,,Aggregated,2.000000,0.000000,163000,168000,171000,173000,176000,181000,181000,181000,181000,181000,181000,605,38,106000,103559.96822754983,305.6318396702409,257814.8887110874,231.9107438016529
1786466156,200,POST,/integrations/v2/encounters/update,1.900000,0.000000,165000,168000,171000,171000,181000,184000,184000,184000,184000,184000,184000,608,38,107000,103860.78158225772,305.6318396702409,257814.8887110874,231.94572368421052
1786466156,200,,Aggregated,1.900000,0.000000,165000,168000,171000,171000,181000,184000,184000,184000,184000,184000,184000,608,38,107000,103860.78158225772,305.6318396702409,257814.8887110874,231.94572368421052
1786466157,200,POST,/integrations/v2/encounters/update,1.700000,0.000000,163000,167000,168000,168000,181000,184000,184000,184000,184000,184000,184000,610,38,107000,104001.42036179142,305.6318396702409,257814.8887110874,231.9688524590164
1786466157,200,,Aggregated,1.700000,0.000000,163000,167000,168000,168000,181000,184000,184000,184000,184000,184000,184000,610,38,107000,104001.42036179142,305.6318396702409,257814.8887110874,231.9688524590164
1786466158,200,POST,/integrations/v2/encounters/update,1.700000,0.000000,148000,163000,167000,168000,181000,184000,184000,184000,184000,184000,184000,610,38,107000,104001.42036179142,305.6318396702409,257814.8887110874,231.9688524590164
1786466158,200,,Aggregated,1.700000,0.000000,148000,163000,167000,168000,181000,184000,184000,184000,184000,184000,184000,610,38,107000,104001.42036179142,305.6318396702409,257814.8887110874,231.9688524590164
1786466159,200,POST,/integrations/v2/encounters/update,1.300000,0.000000,163000,167000,168000,181000,184000,184000,184000,184000,184000,184000,184000,612,38,107000,104192.10052849677,305.6318396702409,257814.8887110874,231.99183006535947
1786466159,200,,Aggregated,1.300000,0.000000,163000,167000,168000,181000,184000,184000,184000,184000,184000,184000,184000,612,38,107000,104192.10052849677,305.6318396702409,257814.8887110874,231.99183006535947
1786466160,200,POST,/integrations/v2/encounters/update,1.700000,0.000000,163000,167000,168000,181000,184000,184000,184000,184000,184000,184000,184000,613,38,107000,104317.48769837349,305.6318396702409,257814.8887110874,232.00326264274062
1786466160,200,,Aggregated,1.700000,0.000000,163000,167000,168000,181000,184000,184000,184000,184000,184000,184000,184000,613,38,107000,104317.48769837349,305.6318396702409,257814.8887110874,232.00326264274062
1786466161,200,POST,/integrations/v2/encounters/update,1.700000,0.000000,164000,167000,168000,181000,184000,184000,184000,184000,184000,184000,184000,615,38,107000,104510.78438430237,305.6318396702409,257814.8887110874,232.0260162601626
1786466161,200,,Aggregated,1.700000,0.000000,164000,167000,168000,181000,184000,184000,184000,184000,184000,184000,184000,615,38,107000,104510.78438430237,305.6318396702409,257814.8887110874,232.0260162601626
1786466162,200,POST,/integrations/v2/encounters/update,1.500000,0.000000,164000,168000,173000,181000,184000,184000,184000,184000,184000,184000,184000,618,38,108000,104793.93304569171,305.6318396702409,257814.8887110874,232.0598705501618
1786466162,200,,Aggregated,1.500000,0.000000,164000,168000,173000,181000,184000,184000,184000,184000,184000,184000,184000,618,38,108000,104793.93304569171,305.6318396702409,257814.8887110874,232.0598705501618
1786466163,200,POST,/integrations/v2/encounters/update,1.500000,0.000000,163000,164000,168000,173000,184000,184000,184000,184000,184000,184000,184000,622,38,108000,105078.84534130208,305.6318396702409,257814.8887110874,232.10450160771705
1786466163,200,,Aggregated,1.500000,0.000000,163000,164000,168000,173000,184000,184000,184000,184000,184000,184000,184000,622,38,108000,105078.84534130208,305.6318396702409,257814.8887110874,232.10450160771705
1786466164,200,POST,/integrations/v2/encounters/update,1.500000,0.000000,160000,164000,168000,173000,184000,184000,191000,191000,191000,191000,191000,629,38,109000,105458.67781402671,305.6318396702409,257814.8887110874,232.18282988871223
1786466164,200,,Aggregated,1.500000,0.000000,160000,164000,168000,173000,184000,184000,191000,191000,191000,191000,191000,629,38,109000,105458.67781402671,305.6318396702409,257814.8887110874,232.18282988871223
1786466165,200,POST,/integrations/v2/encounters/update,1.600000,0.000000,160000,164000,168000,168000,184000,184000,191000,191000,191000,191000,191000,631,38,109000,105575.28061204976,305.6318396702409,257814.8887110874,232.20443740095087
1786466165,200,,Aggregated,1.600000,0.000000,160000,164000,168000,168000,184000,184000,191000,191000,191000,191000,191000,631,38,109000,105575.28061204976,305.6318396702409,257814.8887110874,232.20443740095087
1786466166,200,POST,/integrations/v2/encounters/update,1.900000,0.000000,160000,163000,164000,168000,181000,184000,191000,191000,191000,191000,191000,633,38,109000,105748.37676966989,305.6318396702409,257814.8887110874,232.2259083728278
1786466166,200,,Aggregated,1.900000,0.000000,160000,163000,164000,168000,181000,184000,191000,191000,191000,191000,191000,633,38,109000,105748.37676966989,305.6318396702409,257814.8887110874,232.2259083728278
1786466167,200,POST,/integrations/v2/encounters/update,1.900000,0.000000,160000,163000,164000,168000,181000,184000,191000,191000,191000,191000,191000,634,38,109000,105766.20591340486,305.6318396702409,257814.8887110874,232.23659305993692
1786466167,200,,Aggregated,1.900000,0.000000,160000,163000,164000,168000,181000,184000,191000,191000,191000,191000,191000,634,38,109000,105766.20591340486,305.6318396702409,257814.8887110874,232.23659305993692
1786466168,200,POST,/integrations/v2/encounters/update,2.700000,0.000000,160000,160000,164000,164000,173000,181000,191000,191000,191000,191000,191000,636,38,109000,105805.85381794142,305.6318396702409,257814.8887110874,232.25786163522014
1786466168,200,,Aggregated,2.700000,0.000000,160000,160000,164000,164000,173000,181000,191000,191000,191000,191000,191000,636,38,109000,105805.85381794142,305.6318396702409,257814.8887110874,232.25786163522014
1786466169,200,POST,/integrations/v2/encounters/update,2.500000,0.000000,148000,160000,164000,164000,168000,173000,191000,191000,191000,191000,191000,637,38,109000,105817.3270202293,305.6318396702409,257814.8887110874,232.2684458398744
1786466169,200,,Aggregated,2.500000,0.000000,148000,160000,164000,164000,168000,173000,191000,191000,191000,191000,191000,637,38,109000,105817.3270202293,305.6318396702409,257814.8887110874,232.2684458398744
1786466170,200,POST,/integrations/v2/encounters/update,2.500000,0.000000,142000,160000,163000,164000,168000,173000,191000,191000,191000,191000,191000,638,38,109000,105826.22541870551,305.6318396702409,257814.8887110874,232.27899686520377
1786466170,200,,Aggregated,2.500000,0.000000,142000,160000,163000,164000,168000,173000,191000,191000,191000,191000,191000,638,38,109000,105826.22541870551,305.6318396702409,257814.8887110874,232.27899686520377
1786466171,200,POST,/integrations/v2/encounters/update,2.500000,0.000000,132000,160000,160000,163000,164000,173000,191000,191000,191000,191000,191000,639,38,110000,105917.01259930126,305.6318396702409,257814.8887110874,232.28951486697966
1786466171,200,,Aggregated,2.500000,0.000000,132000,160000,160000,163000,164000,173000,191000,191000,191000,191000,191000,639,38,110000,105917.01259930126,305.6318396702409,257814.8887110874,232.28951486697966
1786466172,200,POST,/integrations/v2/encounters/update,2.400000,0.000000,142000,160000,160000,163000,164000,170000,191000,191000,191000,191000,191000,641,38,110000,106088.08832999771,305.6318396702409,257814.8887110874,232.31045241809673
1786466172,200,,Aggregated,2.400000,0.000000,142000,160000,160000,163000,164000,170000,191000,191000,191000,191000,191000,641,38,110000,106088.08832999771,305.6318396702409,257814.8887110874,232.31045241809673
1786466173,200,POST,/integrations/v2/encounters/update,2.500000,0.000000,128000,160000,163000,164000,170000,191000,191000,191000,191000,191000,191000,643,38,110000,106199.85453281585,305.6318396702409,257814.8887110874,232.3312597200622
1786466173,200,,Aggregated,2.500000,0.000000,128000,160000,163000,164000,170000,191000,191000,191000,191000,191000,191000,643,38,110000,106199.85453281585,305.6318396702409,257814.8887110874,232.3312597200622
1786466174,200,POST,/integrations/v2/encounters/update,2.300000,0.000000,152000,160000,163000,163000,164000,170000,170000,170000,170000,170000,170000,645,38,110000,106309.41399552452,305.6318396702409,257814.8887110874,232.35193798449612
1786466174,200,,Aggregated,2.300000,0.000000,152000,160000,163000,163000,164000,170000,170000,170000,170000,170000,170000,645,38,110000,106309.41399552452,305.6318396702409,257814.8887110874,232.35193798449612
1786466175,200,POST,/integrations/v2/encounters/update,2.300000,0.000000,122000,160000,163000,163000,164000,170000,170000,170000,170000,170000,170000,645,38,110000,106309.41399552452,305.6318396702409,257814.8887110874,232.35193798449612
1786466175,200,,Aggregated,2.300000,0.000000,122000,160000,163000,163000,164000,170000,170000,170000,170000,170000,170000,645,38,110000,106309.41399552452,305.6318396702409,257814.8887110874,232.35193798449612
1786466176,200,POST,/integrations/v2/encounters/update,2.100000,0.000000,122000,163000,163000,164000,170000,184000,184000,184000,184000,184000,184000,647,38,110000,106446.28427913232,305.6318396702409,257814.8887110874,232.3724884080371
1786466176,200,,Aggregated,2.100000,0.000000,122000,163000,163000,164000,170000,184000,184000,184000,184000,184000,184000,647,38,110000,106446.28427913232,305.6318396702409,257814.8887110874,232.3724884080371
1786466177,200,POST,/integrations/v2/encounters/update,1.600000,0.000000,163000,164000,164000,164000,170000,184000,184000,184000,184000,184000,184000,649,38,110000,106624.5614236095,305.6318396702409,257814.8887110874,232.3944530046225
1786466177,200,,Aggregated,1.600000,0.000000,163000,164000,164000,164000,170000,184000,184000,184000,184000,184000,184000,649,38,110000,106624.5614236095,305.6318396702409,257814.8887110874,232.3944530046225
1786466178,200,POST,/integrations/v2/encounters/update,1.300000,0.000000,163000,164000,164000,164000,170000,184000,184000,184000,184000,184000,184000,652,38,111000,106774.47250483427,305.6318396702409,257814.8887110874,232.42484662576686
1786466178,200,,Aggregated,1.300000,0.000000,163000,164000,164000,164000,170000,184000,184000,184000,184000,184000,184000,652,38,111000,106774.47250483427,305.6318396702409,257814.8887110874,232.42484662576686
1786466179,200,POST,/integrations/v2/encounters/update,1.400000,0.000000,163000,164000,164000,164000,175000,184000,184000,184000,184000,184000,184000,654,38,111000,106967.39897364186,305.6318396702409,257814.8887110874,232.44495412844037
1786466179,200,,Aggregated,1.400000,0.000000,163000,164000,164000,164000,175000,184000,184000,184000,184000,184000,184000,654,38,111000,106967.39897364186,305.6318396702409,257814.8887110874,232.44495412844037
1786466180,200,POST,/integrations/v2/encounters/update,1.500000,0.000000,164000,164000,164000,164000,175000,184000,184000,184000,184000,184000,184000,657,38,111000,107160.89819904415,305.6318396702409,257814.8887110874,232.47488584474885
1786466180,200,,Aggregated,1.500000,0.000000,164000,164000,164000,164000,175000,184000,184000,184000,184000,184000,184000,657,38,111000,107160.89819904415,305.6318396702409,257814.8887110874,232.47488584474885
1786466181,200,POST,/integrations/v2/encounters/update,1.600000,0.000000,163000,164000,164000,164000,175000,184000,184000,184000,184000,184000,184000,658,38,111000,107242.40978418267,305.6318396702409,257814.8887110874,232.48480243161094
1786466181,200,,Aggregated,1.600000,0.000000,163000,164000,164000,164000,175000,184000,184000,184000,184000,184000,184000,658,38,111000,107242.40978418267,305.6318396702409,257814.8887110874,232.48480243161094
1786466182,200,POST,/integrations/v2/encounters/update,1.700000,0.000000,164000,164000,164000,164000,175000,184000,184000,184000,184000,184000,184000,660,38,111000,107419.96607045847,305.6318396702409,257814.8887110874,232.50454545454545
1786466182,200,,Aggregated,1.700000,0.000000,164000,164000,164000,164000,175000,184000,184000,184000,184000,184000,184000,660,38,111000,107419.96607045847,305.6318396702409,257814.8887110874,232.50454545454545
1786466183,200,POST,/integrations/v2/encounters/update,1.800000,0.000000,163000,164000,164000,164000,175000,184000,184000,184000,184000,184000,184000,663,38,111000,107484.13126324877,305.6318396702409,257814.8887110874,232.5339366515837
1786466183,200,,Aggregated,1.800000,0.000000,163000,164000,164000,164000,175000,184000,184000,184000,184000,184000,184000,663,38,111000,107484.13126324877,305.6318396702409,257814.8887110874,232.5339366515837
1786466184,200,POST,/integrations/v2/encounters/update,1.900000,0.000000,163000,164000,164000,164000,175000,184000,193000,193000,193000,193000,193000,665,38,112000,107631.98091032312,305.6318396702409,257814.8887110874,232.5533834586466
1786466184,200,,Aggregated,1.900000,0.000000,163000,164000,164000,164000,175000,184000,193000,193000,193000,193000,193000,665,38,112000,107631.98091032312,305.6318396702409,257814.8887110874,232.5533834586466
1786466186,200,POST,/integrations/v2/encounters/update,1.800000,0.000000,163000,164000,164000,167000,175000,193000,193000,193000,193000,193000,193000,668,38,112000,107739.27691623627,305.6318396702409,257814.8887110874,232.5823353293413
1786466186,200,,Aggregated,1.800000,0.000000,163000,164000,164000,167000,175000,193000,193000,193000,193000,193000,193000,668,38,112000,107739.27691623627,305.6318396702409,257814.8887110874,232.5823353293413
1786466187,200,POST,/integrations/v2/encounters/update,1.900000,0.000000,163000,164000,165000,167000,175000,175000,193000,193000,193000,193000,193000,672,38,112000,108055.74457363754,305.6318396702409,257814.8887110874,232.62053571428572
1786466187,200,,Aggregated,1.900000,0.000000,163000,164000,165000,167000,175000,175000,193000,193000,193000,193000,193000,672,38,112000,108055.74457363754,305.6318396702409,257814.8887110874,232.62053571428572
1786466188,200,POST,/integrations/v2/encounters/update,2.000000,0.000000,162000,164000,165000,167000,175000,175000,193000,193000,193000,193000,193000,676,38,112000,108187.80260653097,305.6318396702409,257814.8887110874,232.65828402366864
1786466188,200,,Aggregated,2.000000,0.000000,162000,164000,165000,167000,175000,175000,193000,193000,193000,193000,193000,676,38,112000,108187.80260653097,305.6318396702409,257814.8887110874,232.65828402366864
1786466189,200,POST,/integrations/v2/encounters/update,2.300000,0.000000,141000,164000,164000,165000,169000,175000,193000,193000,193000,193000,193000,677,38,112000,108211.155640674,305.6318396702409,257814.8887110874,232.66765140324964
1786466189,200,,Aggregated,2.300000,0.000000,141000,164000,164000,165000,169000,175000,193000,193000,193000,193000,193000,677,38,112000,108211.155640674,305.6318396702409,257814.8887110874,232.66765140324964
1786466190,200,POST,/integrations/v2/encounters/update,2.400000,0.000000,141000,162000,164000,165000,169000,175000,193000,193000,193000,193000,193000,678,38,112000,108288.82044732333,305.6318396702409,257814.8887110874,232.6769911504425
1786466190,200,,Aggregated,2.400000,0.000000,141000,162000,164000,165000,169000,175000,193000,193000,193000,193000,193000,678,38,112000,108288.82044732333,305.6318396702409,257814.8887110874,232.6769911504425
1786466191,200,POST,/integrations/v2/encounters/update,2.600000,0.000000,135000,162000,164000,165000,169000,175000,193000,193000,193000,193000,193000,679,38,112000,108291.5341904338,305.6318396702409,257814.8887110874,232.6863033873343
1786466191,200,,Aggregated,2.600000,0.000000,135000,162000,164000,165000,169000,175000,193000,193000,193000,193000,193000,679,38,112000,108291.5341904338,305.6318396702409,257814.8887110874,232.6863033873343
1786466192,200,POST,/integrations/v2/encounters/update,2.500000,0.000000,135000,161000,164000,165000,175000,178000,193000,193000,193000,193000,193000,681,38,112000,108427.59184367419,305.6318396702409,257814.8887110874,232.70484581497797
1786466192,200,,Aggregated,2.500000,0.000000,135000,161000,164000,165000,175000,178000,193000,193000,193000,193000,193000,681,38,112000,108427.59184367419,305.6318396702409,257814.8887110874,232.70484581497797
1786466193,200,POST,/integrations/v2/encounters/update,2.400000,0.000000,135000,162000,165000,167000,178000,193000,193000,193000,193000,193000,193000,682,38,112000,108429.07429889364,305.6318396702409,257814.8887110874,232.71407624633432
1786466193,200,,Aggregated,2.400000,0.000000,135000,162000,165000,167000,178000,193000,193000,193000,193000,193000,193000,682,38,112000,108429.07429889364,305.6318396702409,257814.8887110874,232.71407624633432
1786466194,200,POST,/integrations/v2/encounters/update,2.200000,0.000000,141000,162000,165000,167000,177000,178000,178000,178000,178000,178000,178000,683,38,112000,108529.90762250555,305.6318396702409,257814.8887110874,232.72327964860906
1786466194,200,,Aggregated,2.200000,0.000000,141000,162000,165000,167000,177000,178000,178000,178000,178000,178000,178000,683,38,112000,108529.90762250555,305.6318396702409,257814.8887110874,232.72327964860906
1786466195,200,POST,/integrations/v2/encounters/update,2.300000,0.000000,160000,161000,164000,165000,177000,178000,178000,178000,178000,178000,178000,686,38,112000,108683.08134303696,305.6318396702409,257814.8887110874,232.75072886297377
1786466195,200,,Aggregated,2.300000,0.000000,160000,161000,164000,165000,177000,178000,178000,178000,178000,178000,178000,686,38,112000,108683.08134303696,305.6318396702409,257814.8887110874,232.75072886297377
1786466196,200,POST,/integrations/v2/encounters/update,2.200000,0.000000,135000,160000,164000,164000,177000,178000,178000,178000,178000,178000,178000,688,38,112000,108764.85082062324,305.6318396702409,257814.8887110874,232.7703488372093
1786466196,200,,Aggregated,2.200000,0.000000,135000,160000,164000,164000,177000,178000,178000,178000,178000,178000,178000,688,38,112000,108764.85082062324,305.6318396702409,257814.8887110874,232.7703488372093
1786466197,200,POST,/integrations/v2/encounters/update,2.000000,0.000000,158000,160000,161000,165000,177000,178000,178000,178000,178000,178000,178000,690,38,112000,108836.70196222496,305.6318396702409,257814.8887110874,232.78840579710146
1786466197,200,,Aggregated,2.000000,0.000000,158000,160000,161000,165000,177000,178000,178000,178000,178000,178000,178000,690,38,112000,108836.70196222496,305.6318396702409,257814.8887110874,232.78840579710146
1786466198,200,POST,/integrations/v2/encounters/update,2.000000,0.000000,158000,160000,161000,165000,177000,178000,178000,178000,178000,178000,178000,690,38,112000,108836.70196222496,305.6318396702409,257814.8887110874,232.78840579710146
1786466198,200,,Aggregated,2.000000,0.000000,158000,160000,161000,165000,177000,178000,178000,178000,178000,178000,178000,690,38,112000,108836.70196222496,305.6318396702409,257814.8887110874,232.78840579710146
1786466199,200,POST,/integrations/v2/encounters/update,2.000000,0.000000,158000,160000,160000,165000,177000,178000,178000,178000,178000,178000,178000,691,38,113000,108910.044744627,305.6318396702409,257814.8887110874,232.7973950795948
1786466199,200,,Aggregated,2.000000,0.000000,158000,160000,160000,165000,177000,178000,178000,178000,178000,178000,178000,691,38,113000,108910.044744627,305.6318396702409,257814.8887110874,232.7973950795948
1786466200,200,POST,/integrations/v2/encounters/update,1.800000,0.000000,158000,160000,160000,165000,177000,178000,178000,178000,178000,178000,178000,692,38,113000,108973.16216333568,305.6318396702409,257814.8887110874,232.8063583815029
1786466200,200,,Aggregated,1.800000,0.000000,158000,160000,160000,165000,177000,178000,178000,178000,178000,178000,178000,692,38,113000,108973.16216333568,305.6318396702409,257814.8887110874,232.8063583815029
1786466201,200,POST,/integrations/v2/encounters/update,1.400000,0.000000,158000,160000,160000,160000,165000,177000,177000,177000,177000,177000,177000,693,38,113000,109040.49708855759,305.6318396702409,257814.8887110874,232.81529581529583
1786466201,200,,Aggregated,1.400000,0.000000,158000,160000,160000,160000,165000,177000,177000,177000,177000,177000,177000,693,38,113000,109040.49708855759,305.6318396702409,257814.8887110874,232.81529581529583
1786466202,200,POST,/integrations/v2/encounters/update,1.400000,0.000000,158000,160000,160000,160000,165000,177000,177000,177000,177000,177000,177000,693,38,113000,109040.49708855759,305.6318396702409,257814.8887110874,232.81529581529583
1786466202,200,,Aggregated,1.400000,0.000000,158000,160000,160000,160000,165000,177000,177000,177000,177000,177000,177000,693,38,113000,109040.49708855759,305.6318396702409,257814.8887110874,232.81529581529583
1786466203,200,POST,/integrations/v2/encounters/update,1.400000,0.000000,158000,159000,160000,160000,160000,165000,165000,165000,165000,165000,165000,695,38,113000,109120.6974090553,305.6318396702409,257814.8887110874,232.83309352517986
1786466203,200,,Aggregated,1.400000,0.000000,158000,159000,160000,160000,160000,165000,165000,165000,165000,165000,165000,695,38,113000,109120.6974090553,305.6318396702409,257814.8887110874,232.83309352517986
1786466204,200,POST,/integrations/v2/encounters/update,1.200000,0.000000,156000,158000,159000,160000,165000,165000,165000,165000,165000,165000,165000,696,38,113000,109133.00917545153,305.6318396702409,257814.8887110874,232.84195402298852
1786466204,200,,Aggregated,1.200000,0.000000,156000,158000,159000,160000,165000,165000,165000,165000,165000,165000,165000,696,38,113000,109133.00917545153,305.6318396702409,257814.8887110874,232.84195402298852
1786466205,200,POST,/integrations/v2/encounters/update,1.200000,0.000000,156000,158000,158000,159000,160000,160000,160000,160000,160000,160000,160000,697,38,113000,109202.97446142392,305.6318396702409,257814.8887110874,232.85078909612625
1786466205,200,,Aggregated,1.200000,0.000000,156000,158000,158000,159000,160000,160000,160000,160000,160000,160000,160000,697,38,113000,109202.97446142392,305.6318396702409,257814.8887110874,232.85078909612625
1786466206,200,POST,/integrations/v2/encounters/update,1.200000,0.000000,156000,158000,158000,159000,160000,160000,160000,160000,160000,160000,160000,697,38,113000,109202.97446142392,305.6318396702409,257814.8887110874,232.85078909612625
1786466206,200,,Aggregated,1.200000,0.000000,156000,158000,158000,159000,160000,160000,160000,160000,160000,160000,160000,697,38,113000,109202.97446142392,305.6318396702409,257814.8887110874,232.85078909612625
1786466207,200,POST,/integrations/v2/encounters/update,1.200000,0.000000,156000,158000,159000,159000,160000,160000,160000,160000,160000,160000,160000,697,38,113000,109202.97446142392,305.6318396702409,257814.8887110874,232.85078909612625
1786466207,200,,Aggregated,1.200000,0.000000,156000,158000,159000,159000,160000,160000,160000,160000,160000,160000,160000,697,38,113000,109202.97446142392,305.6318396702409,257814.8887110874,232.85078909612625
1786466208,200,POST,/integrations/v2/encounters/update,0.900000,0.000000,153000,156000,158000,158000,159000,159000,159000,159000,159000,159000,159000,698,38,113000,109253.30165893714,305.6318396702409,257814.8887110874,232.8595988538682
1786466208,200,,Aggregated,0.900000,0.000000,153000,156000,158000,158000,159000,159000,159000,159000,159000,159000,159000,698,38,113000,109253.30165893714,305.6318396702409,257814.8887110874,232.8595988538682
1786466209,200,POST,/integrations/v2/encounters/update,0.900000,0.000000,156000,158000,159000,159000,177000,177000,177000,177000,177000,177000,177000,699,38,114000,109349.65737547475,305.6318396702409,257814.8887110874,232.8683834048641
1786466209,200,,Aggregated,0.900000,0.000000,156000,158000,159000,159000,177000,177000,177000,177000,177000,177000,177000,699,38,114000,109349.65737547475,305.6318396702409,257814.8887110874,232.8683834048641
1786466210,200,POST,/integrations/v2/encounters/update,0.700000,0.000000,156000,158000,159000,159000,177000,177000,177000,177000,177000,177000,177000,700,38,114000,109364.2350636223,305.6318396702409,257814.8887110874,232.87714285714284
1786466210,200,,Aggregated,0.700000,0.000000,156000,158000,159000,159000,177000,177000,177000,177000,177000,177000,177000,700,38,114000,109364.2350636223,305.6318396702409,257814.8887110874,232.87714285714284
1786466211,200,POST,/integrations/v2/encounters/update,0.700000,0.000000,144000,158000,159000,159000,177000,177000,177000,177000,177000,177000,177000,700,38,114000,109364.2350636223,305.6318396702409,257814.8887110874,232.87714285714284
1786466211,200,,Aggregated,0.700000,0.000000,144000,158000,159000,159000,177000,177000,177000,177000,177000,177000,177000,700,38,114000,109364.2350636223,305.6318396702409,257814.8887110874,232.87714285714284
1786466212,200,POST,/integrations/v2/encounters/update,0.700000,0.000000,144000,158000,159000,159000,177000,177000,177000,177000,177000,177000,177000,700,38,114000,109364.2350636223,305.6318396702409,257814.8887110874,232.87714285714284
1786466212,200,,Aggregated,0.700000,0.000000,144000,158000,159000,159000,177000,177000,177000,177000,177000,177000,177000,700,38,114000,109364.2350636223,305.6318396702409,257814.8887110874,232.87714285714284
1786466213,200,POST,/integrations/v2/encounters/update,0.800000,0.000000,144000,144000,158000,158000,177000,177000,177000,177000,177000,177000,177000,701,38,114000,109384.32588264313,305.6318396702409,257814.8887110874,232.88587731811697
1786466213,200,,Aggregated,0.800000,0.000000,144000,144000,158000,158000,177000,177000,177000,177000,177000,177000,177000,701,38,114000,109384.32588264313,305.6318396702409,257814.8887110874,232.88587731811697
1786466214,200,POST,/integrations/v2/encounters/update,0.800000,0.000000,144000,144000,158000,158000,177000,177000,177000,177000,177000,177000,177000,701,38,114000,109384.32588264313,305.6318396702409,257814.8887110874,232.88587731811697
1786466214,200,,Aggregated,0.800000,0.000000,144000,144000,158000,158000,177000,177000,177000,177000,177000,177000,177000,701,38,114000,109384.32588264313,305.6318396702409,257814.8887110874,232.88587731811697
1786466215,200,POST,/integrations/v2/encounters/update,0.700000,0.000000,158000,163000,177000,177000,187000,187000,187000,187000,187000,187000,187000,703,38,114000,109570.15298330388,305.6318396702409,257814.8887110874,232.90327169274536
1786466215,200,,Aggregated,0.700000,0.000000,158000,163000,177000,177000,187000,187000,187000,187000,187000,187000,187000,703,38,114000,109570.15298330388,305.6318396702409,257814.8887110874,232.90327169274536
1786466216,200,POST,/integrations/v2/encounters/update,0.600000,0.000000,152000,163000,177000,177000,187000,187000,187000,187000,187000,187000,187000,704,38,114000,109630.25669729206,305.6318396702409,257814.8887110874,232.9119318181818
1786466216,200,,Aggregated,0.600000,0.000000,152000,163000,177000,177000,187000,187000,187000,187000,187000,187000,187000,704,38,114000,109630.25669729206,305.6318396702409,257814.8887110874,232.9119318181818
1786466217,200,POST,/integrations/v2/encounters/update,0.600000,0.000000,152000,163000,177000,177000,187000,187000,187000,187000,187000,187000,187000,704,38,114000,109630.25669729206,305.6318396702409,257814.8887110874,232.9119318181818
1786466217,200,,Aggregated,0.600000,0.000000,152000,163000,177000,177000,187000,187000,187000,187000,187000,187000,187000,704,38,114000,109630.25669729206,305.6318396702409,257814.8887110874,232.9119318181818
1786466218,200,POST,/integrations/v2/encounters/update,0.600000,0.000000,152000,152000,163000,163000,187000,187000,187000,187000,187000,187000,187000,705,38,114000,109642.5827606693,305.6318396702409,257814.8887110874,232.92056737588652
1786466218,200,,Aggregated,0.600000,0.000000,152000,152000,163000,163000,187000,187000,187000,187000,187000,187000,187000,705,38,114000,109642.5827606693,305.6318396702409,257814.8887110874,232.92056737588652
1786466219,200,POST,/integrations/v2/encounters/update,0.700000,0.000000,152000,163000,170000,170000,187000,187000,187000,187000,187000,187000,187000,706,38,114000,109727.38143524926,305.6318396702409,257814.8887110874,232.92917847025495
1786466219,200,,Aggregated,0.700000,0.000000,152000,163000,170000,170000,187000,187000,187000,187000,187000,187000,187000,706,38,114000,109727.38143524926,305.6318396702409,257814.8887110874,232.92917847025495
1786466220,200,POST,/integrations/v2/encounters/update,0.700000,0.000000,152000,163000,170000,170000,187000,187000,187000,187000,187000,187000,187000,707,38,114000,109738.78887747416,305.6318396702409,257814.8887110874,232.93776520509195
1786466220,200,,Aggregated,0.700000,0.000000,152000,163000,170000,170000,187000,187000,187000,187000,187000,187000,187000,707,38,114000,109738.78887747416,305.6318396702409,257814.8887110874,232.93776520509195
1786466221,200,POST,/integrations/v2/encounters/update,0.800000,0.000000,153000,163000,170000,170000,187000,187000,187000,187000,187000,187000,187000,708,38,114000,109800.27548569818,305.6318396702409,257814.8887110874,232.9463276836158
1786466221,200,,Aggregated,0.800000,0.000000,153000,163000,170000,170000,187000,187000,187000,187000,187000,187000,187000,708,38,114000,109800.27548569818,305.6318396702409,257814.8887110874,232.9463276836158
1786466222,200,POST,/integrations/v2/encounters/update,0.700000,0.000000,152000,153000,163000,170000,187000,187000,187000,187000,187000,187000,187000,710,38,115000,109871.0184299885,305.6318396702409,257814.8887110874,232.96338028169015
1786466222,200,,Aggregated,0.700000,0.000000,152000,153000,163000,170000,187000,187000,187000,187000,187000,187000,187000,710,38,115000,109871.0184299885,305.6318396702409,257814.8887110874,232.96338028169015
1786466223,200,POST,/integrations/v2/encounters/update,0.700000,0.000000,152000,153000,163000,170000,187000,187000,187000,187000,187000,187000,187000,710,38,115000,109871.0184299885,305.6318396702409,257814.8887110874,232.96338028169015
1786466223,200,,Aggregated,0.700000,0.000000,152000,153000,163000,170000,187000,187000,187000,187000,187000,187000,187000,710,38,115000,109871.0184299885,305.6318396702409,257814.8887110874,232.96338028169015
1786466224,200,POST,/integrations/v2/encounters/update,0.800000,0.000000,152000,152000,153000,153000,170000,170000,170000,170000,170000,170000,170000,711,38,115000,109929.68362109644,305.6318396702409,257814.8887110874,232.971870604782
1786466224,200,,Aggregated,0.800000,0.000000,152000,152000,153000,153000,170000,170000,170000,170000,170000,170000,170000,711,38,115000,109929.68362109644,305.6318396702409,257814.8887110874,232.971870604782
1786466225,200,POST,/integrations/v2/encounters/update,0.900000,0.000000,151000,152000,152000,153000,170000,170000,170000,170000,170000,170000,170000,712,38,115000,109941.66963279314,305.6318396702409,257814.8887110874,232.98033707865167
1786466225,200,,Aggregated,0.900000,0.000000,151000,152000,152000,153000,170000,170000,170000,170000,170000,170000,170000,712,38,115000,109941.66963279314,305.6318396702409,257814.8887110874,232.98033707865167
1786466226,200,POST,/integrations/v2/encounters/update,0.900000,0.000000,151000,152000,153000,153000,170000,170000,170000,170000,170000,170000,170000,712,38,115000,109941.66963279314,305.6318396702409,257814.8887110874,232.98033707865167
1786466226,200,,Aggregated,0.900000,0.000000,151000,152000,153000,153000,170000,170000,170000,170000,170000,170000,170000,712,38,115000,109941.66963279314,305.6318396702409,257814.8887110874,232.98033707865167
1786466227,200,POST,/integrations/v2/encounters/update,0.900000,0.000000,151000,152000,153000,153000,170000,170000,170000,170000,170000,170000,170000,712,38,115000,109941.66963279314,305.6318396702409,257814.8887110874,232.98033707865167
1786466227,200,,Aggregated,0.900000,0.000000,151000,152000,153000,153000,170000,170000,170000,170000,170000,170000,170000,712,38,115000,109941.66963279314,305.6318396702409,257814.8887110874,232.98033707865167
1786466228,200,POST,/integrations/v2/encounters/update,0.900000,0.000000,151000,151000,152000,152000,153000,153000,153000,153000,153000,153000,153000,712,38,115000,109941.66963279314,305.6318396702409,257814.8887110874,232.98033707865167
1786466228,200,,Aggregated,0.900000,0.000000,151000,151000,152000,152000,153000,153000,153000,153000,153000,153000,153000,712,38,115000,109941.66963279314,305.6318396702409,257814.8887110874,232.98033707865167
1786466229,200,POST,/integrations/v2/encounters/update,0.800000,0.000000,152000,152000,153000,153000,176000,176000,176000,176000,176000,176000,176000,713,38,115000,110033.69041971417,305.6318396702409,257814.8887110874,232.98877980364657
1786466229,200,,Aggregated,0.800000,0.000000,152000,152000,153000,153000,176000,176000,176000,176000,176000,176000,176000,713,38,115000,110033.69041971417,305.6318396702409,257814.8887110874,232.98877980364657
1786466230,200,POST,/integrations/v2/encounters/update,0.800000,0.000000,151000,152000,152000,176000,176000,176000,176000,176000,176000,176000,176000,713,38,115000,110033.69041971417,305.6318396702409,257814.8887110874,232.98877980364657
1786466230,200,,Aggregated,0.800000,0.000000,151000,152000,152000,176000,176000,176000,176000,176000,176000,176000,176000,713,38,115000,110033.69041971417,305.6318396702409,257814.8887110874,232.98877980364657
1786466231,200,POST,/integrations/v2/encounters/update,0.700000,0.000000,151000,152000,158000,158000,176000,176000,176000,176000,176000,176000,176000,717,38,115000,110215.07259774713,305.6318396702409,257814.8887110874,233.0223152022315
1786466231,200,,Aggregated,0.700000,0.000000,151000,152000,158000,158000,176000,176000,176000,176000,176000,176000,176000,717,38,115000,110215.07259774713,305.6318396702409,257814.8887110874,233.0223152022315
1786466232,200,POST,/integrations/v2/encounters/update,0.600000,0.000000,152000,158000,158000,158000,176000,176000,176000,176000,176000,176000,176000,718,38,115000,110227.39112010598,305.6318396702409,257814.8887110874,233.0306406685237
1786466232,200,,Aggregated,0.600000,0.000000,152000,158000,158000,158000,176000,176000,176000,176000,176000,176000,176000,718,38,115000,110227.39112010598,305.6318396702409,257814.8887110874,233.0306406685237
1786466233,200,POST,/integrations/v2/encounters/update,0.700000,0.000000,140000,158000,158000,158000,176000,183000,183000,183000,183000,183000,183000,721,38,115000,110345.92286444906,305.6318396702409,257814.8887110874,233.05547850208043
1786466233,200,,Aggregated,0.700000,0.000000,140000,158000,158000,158000,176000,183000,183000,183000,183000,183000,183000,721,38,115000,110345.92286444906,305.6318396702409,257814.8887110874,233.05547850208043
1786466234,200,POST,/integrations/v2/encounters/update,0.700000,0.000000,140000,158000,159000,159000,176000,183000,183000,183000,183000,183000,183000,722,38,115000,110413.27703442586,305.6318396702409,257814.8887110874,233.06371191135733
1786466234,200,,Aggregated,0.700000,0.000000,140000,158000,159000,159000,176000,183000,183000,183000,183000,183000,183000,722,38,115000,110413.27703442586,305.6318396702409,257814.8887110874,233.06371191135733
1786466235,200,POST,/integrations/v2/encounters/update,1.000000,0.000000,140000,158000,159000,169000,176000,183000,183000,183000,183000,183000,183000,724,38,115000,110501.99199386337,305.6318396702409,257814.8887110874,233.08011049723757
1786466235,200,,Aggregated,1.000000,0.000000,140000,158000,159000,169000,176000,183000,183000,183000,183000,183000,183000,724,38,115000,110501.99199386337,305.6318396702409,257814.8887110874,233.08011049723757
1786466236,200,POST,/integrations/v2/encounters/update,1.000000,0.000000,158000,159000,160000,169000,176000,183000,183000,183000,183000,183000,183000,726,38,115000,110574.36325067787,305.6318396702409,257814.8887110874,233.09641873278238
1786466236,200,,Aggregated,1.000000,0.000000,158000,159000,160000,169000,176000,183000,183000,183000,183000,183000,183000,726,38,115000,110574.36325067787,305.6318396702409,257814.8887110874,233.09641873278238
1786466237,200,POST,/integrations/v2/encounters/update,1.000000,0.000000,158000,159000,160000,169000,176000,183000,183000,183000,183000,183000,183000,726,38,115000,110574.36325067787,305.6318396702409,257814.8887110874,233.09641873278238
1786466237,200,,Aggregated,1.000000,0.000000,158000,159000,160000,169000,176000,183000,183000,183000,183000,183000,183000,726,38,115000,110574.36325067787,305.6318396702409,257814.8887110874,233.09641873278238
1786466238,200,POST,/integrations/v2/encounters/update,1.200000,0.000000,140000,159000,160000,164000,176000,183000,183000,183000,183000,183000,183000,729,38,115000,110684.77314453955,305.6318396702409,257814.8887110874,233.1207133058985
1786466238,200,,Aggregated,1.200000,0.000000,140000,159000,160000,164000,176000,183000,183000,183000,183000,183000,183000,729,38,115000,110684.77314453955,305.6318396702409,257814.8887110874,233.1207133058985
1786466239,200,POST,/integrations/v2/encounters/update,1.400000,0.000000,134000,158000,159000,160000,169000,183000,183000,183000,183000,183000,183000,731,38,115000,110697.5428561938,305.6318396702409,257814.8887110874,233.13679890560874
1786466239,200,,Aggregated,1.400000,0.000000,134000,158000,159000,160000,169000,183000,183000,183000,183000,183000,183000,731,38,115000,110697.5428561938,305.6318396702409,257814.8887110874,233.13679890560874
1786466240,200,POST,/integrations/v2/encounters/update,1.400000,0.000000,119000,134000,159000,160000,169000,183000,183000,183000,183000,183000,183000,733,38,115000,110702.6406472655,305.6318396702409,257814.8887110874,233.15416098226467
1786466240,200,,Aggregated,1.400000,0.000000,119000,134000,159000,160000,169000,183000,183000,183000,183000,183000,183000,733,38,115000,110702.6406472655,305.6318396702409,257814.8887110874,233.15416098226467
1786466241,200,POST,/integrations/v2/encounters/update,1.400000,0.000000,119000,134000,160000,160000,169000,183000,183000,183000,183000,183000,183000,733,38,115000,110702.6406472655,305.6318396702409,257814.8887110874,233.15416098226467
1786466241,200,,Aggregated,1.400000,0.000000,119000,134000,160000,160000,169000,183000,183000,183000,183000,183000,183000,733,38,115000,110702.6406472655,305.6318396702409,257814.8887110874,233.15416098226467
1786466242,200,POST,/integrations/v2/encounters/update,1.700000,0.000000,128000,160000,161000,164000,179000,183000,183000,183000,183000,183000,183000,737,38,115000,110895.39783957864,305.6318396702409,257814.8887110874,233.18588873812755
1786466242,200,,Aggregated,1.700000,0.000000,128000,160000,161000,164000,179000,183000,183000,183000,183000,183000,183000,737,38,115000,110895.39783957864,305.6318396702409,257814.8887110874,233.18588873812755
1786466243,200,POST,/integrations/v2/encounters/update,1.800000,0.000000,128000,160000,161000,164000,169000,179000,179000,179000,179000,179000,179000,740,38,115000,111034.88461559608,305.6318396702409,257814.8887110874,233.20945945945945
1786466243,200,,Aggregated,1.800000,0.000000,128000,160000,161000,164000,169000,179000,179000,179000,179000,179000,179000,740,38,115000,111034.88461559608,305.6318396702409,257814.8887110874,233.20945945945945
1786466244,200,POST,/integrations/v2/encounters/update,2.000000,0.000000,128000,160000,162000,164000,169000,179000,179000,179000,179000,179000,179000,742,38,115000,111125.36457251513,305.6318396702409,257814.8887110874,233.22506738544473
1786466244,200,,Aggregated,2.000000,0.000000,128000,160000,162000,164000,169000,179000,179000,179000,179000,179000,179000,742,38,115000,111125.36457251513,305.6318396702409,257814.8887110874,233.22506738544473
1786466245,200,POST,/integrations/v2/encounters/update,2.000000,0.000000,128000,160000,162000,164000,169000,179000,179000,179000,179000,179000,179000,743,38,115000,111129.18673892795,305.6318396702409,257814.8887110874,233.2328398384926
1786466245,200,,Aggregated,2.000000,0.000000,128000,160000,162000,164000,169000,179000,179000,179000,179000,179000,179000,743,38,115000,111129.18673892795,305.6318396702409,257814.8887110874,233.2328398384926
1786466246,200,POST,/integrations/v2/encounters/update,1.900000,0.000000,127000,134000,161000,162000,169000,179000,179000,179000,179000,179000,179000,744,38,115000,111116.28028424829,305.6318396702409,257814.8887110874,233.24059139784947
1786466246,200,,Aggregated,1.900000,0.000000,127000,134000,161000,162000,169000,179000,179000,179000,179000,179000,179000,744,38,115000,111116.28028424829,305.6318396702409,257814.8887110874,233.24059139784947
1786466247,200,POST,/integrations/v2/encounters/update,1.900000,0.000000,117000,128000,161000,162000,169000,179000,179000,179000,179000,179000,179000,744,38,115000,111116.28028424829,305.6318396702409,257814.8887110874,233.24059139784947
1786466247,200,,Aggregated,1.900000,0.000000,117000,128000,161000,162000,169000,179000,179000,179000,179000,179000,179000,744,38,115000,111116.28028424829,305.6318396702409,257814.8887110874,233.24059139784947
1786466248,200,POST,/integrations/v2/encounters/update,2.000000,0.000000,127000,160000,162000,169000,175000,179000,179000,179000,179000,179000,179000,745,38,115000,111202.39671588493,305.6318396702409,257814.8887110874,233.248322147651
1786466248,200,,Aggregated,2.000000,0.000000,127000,160000,162000,169000,175000,179000,179000,179000,179000,179000,179000,745,38,115000,111202.39671588493,305.6318396702409,257814.8887110874,233.248322147651
1786466249,200,POST,/integrations/v2/encounters/update,2.000000,0.000000,127000,160000,162000,169000,175000,179000,179000,179000,179000,179000,179000,745,38,115000,111202.39671588493,305.6318396702409,257814.8887110874,233.248322147651
1786466249,200,,Aggregated,2.000000,0.000000,127000,160000,162000,169000,175000,179000,179000,179000,179000,179000,179000,745,38,115000,111202.39671588493,305.6318396702409,257814.8887110874,233.248322147651
1786466250,200,POST,/integrations/v2/encounters/update,2.000000,0.000000,160000,161000,169000,169000,175000,179000,179000,179000,179000,179000,179000,745,38,115000,111202.39671588493,305.6318396702409,257814.8887110874,233.248322147651
1786466250,200,,Aggregated,2.000000,0.000000,160000,161000,169000,169000,175000,179000,179000,179000,179000,179000,179000,745,38,115000,111202.39671588493,305.6318396702409,257814.8887110874,233.248322147651
1786466251,200,POST,/integrations/v2/encounters/update,2.000000,0.000000,160000,162000,169000,169000,175000,175000,175000,175000,175000,175000,175000,745,38,115000,111202.39671588493,305.6318396702409,257814.8887110874,233.248322147651
1786466251,200,,Aggregated,2.000000,0.000000,160000,162000,169000,169000,175000,175000,175000,175000,175000,175000,175000,745,38,115000,111202.39671588493,305.6318396702409,257814.8887110874,233.248322147651
1786466252,200,POST,/integrations/v2/encounters/update,1.500000,0.000000,127000,160000,162000,162000,175000,175000,175000,175000,175000,175000,175000,746,38,115000,111196.36882337848,305.6318396702409,257814.8887110874,233.25603217158178
1786466252,200,,Aggregated,1.500000,0.000000,127000,160000,162000,162000,175000,175000,175000,175000,175000,175000,175000,746,38,115000,111196.36882337848,305.6318396702409,257814.8887110874,233.25603217158178
1786466253,200,POST,/integrations/v2/encounters/update,1.500000,0.000000,114000,162000,162000,175000,175000,175000,175000,175000,175000,175000,175000,746,38,115000,111196.36882337848,305.6318396702409,257814.8887110874,233.25603217158178
1786466253,200,,Aggregated,1.500000,0.000000,114000,162000,162000,175000,175000,175000,175000,175000,175000,175000,175000,746,38,115000,111196.36882337848,305.6318396702409,257814.8887110874,233.25603217158178
1786466254,200,POST,/integrations/v2/encounters/update,1.200000,0.000000,172000,172000,175000,175000,175000,175000,175000,175000,175000,175000,175000,747,38,115000,111278.05876549847,305.6318396702409,257814.8887110874,233.26372155287817
1786466254,200,,Aggregated,1.200000,0.000000,172000,172000,175000,175000,175000,175000,175000,175000,175000,175000,175000,747,38,115000,111278.05876549847,305.6318396702409,257814.8887110874,233.26372155287817
1786466255,200,POST,/integrations/v2/encounters/update,0.700000,0.000000,147000,167000,172000,172000,175000,175000,175000,175000,175000,175000,175000,750,38,115000,111396.67427671206,305.6318396702409,257814.8887110874,233.28666666666666
1786466255,200,,Aggregated,0.700000,0.000000,147000,167000,172000,172000,175000,175000,175000,175000,175000,175000,175000,750,38,115000,111396.67427671206,305.6318396702409,257814.8887110874,233.28666666666666
1786466256,200,POST,/integrations/v2/encounters/update,0.700000,0.000000,167000,167000,172000,172000,175000,175000,175000,175000,175000,175000,175000,750,38,115000,111396.67427671206,305.6318396702409,257814.8887110874,233.28666666666666
1786466256,200,,Aggregated,0.700000,0.000000,167000,167000,172000,172000,175000,175000,175000,175000,175000,175000,175000,750,38,115000,111396.67427671206,305.6318396702409,257814.8887110874,233.28666666666666
1786466257,200,POST,/integrations/v2/encounters/update,0.500000,0.000000,147000,167000,172000,172000,175000,175000,175000,175000,175000,175000,175000,751,38,116000,111426.80335076239,305.6318396702409,257814.8887110874,233.2942743009321
1786466257,200,,Aggregated,0.500000,0.000000,147000,167000,172000,172000,175000,175000,175000,175000,175000,175000,175000,751,38,116000,111426.80335076239,305.6318396702409,257814.8887110874,233.2942743009321
1786466258,200,POST,/integrations/v2/encounters/update,0.600000,0.000000,166000,167000,172000,172000,175000,175000,175000,175000,175000,175000,175000,752,38,116000,111499.12089305471,305.6318396702409,257814.8887110874,233.30186170212767
1786466258,200,,Aggregated,0.600000,0.000000,166000,167000,172000,172000,175000,175000,175000,175000,175000,175000,175000,752,38,116000,111499.12089305471,305.6318396702409,257814.8887110874,233.30186170212767
1786466259,200,POST,/integrations/v2/encounters/update,0.600000,0.000000,162000,166000,167000,167000,172000,172000,172000,172000,172000,172000,172000,753,38,116000,111566.72814248843,305.6318396702409,257814.8887110874,233.3094289508632
1786466259,200,,Aggregated,0.600000,0.000000,162000,166000,167000,167000,172000,172000,172000,172000,172000,172000,172000,753,38,116000,111566.72814248843,305.6318396702409,257814.8887110874,233.3094289508632
1786466260,200,POST,/integrations/v2/encounters/update,0.600000,0.000000,147000,162000,166000,167000,172000,172000,172000,172000,172000,172000,172000,755,38,116000,111581.09113457953,305.6318396702409,257814.8887110874,233.32450331125827
1786466260,200,,Aggregated,0.600000,0.000000,147000,162000,166000,167000,172000,172000,172000,172000,172000,172000,172000,755,38,116000,111581.09113457953,305.6318396702409,257814.8887110874,233.32450331125827
1786466261,200,POST,/integrations/v2/encounters/update,0.600000,0.000000,134000,162000,166000,166000,167000,172000,172000,172000,172000,172000,172000,756,38,116000,111579.72549308813,305.6318396702409,257814.8887110874,233.33201058201058
1786466261,200,,Aggregated,0.600000,0.000000,134000,162000,166000,166000,167000,172000,172000,172000,172000,172000,172000,756,38,116000,111579.72549308813,305.6318396702409,257814.8887110874,233.33201058201058
1786466262,200,POST,/integrations/v2/encounters/update,0.900000,0.000000,147000,162000,166000,166000,167000,172000,172000,172000,172000,172000,172000,758,38,116000,111656.1674564367,305.6318396702409,257814.8887110874,233.34696569920845
1786466262,200,,Aggregated,0.900000,0.000000,147000,162000,166000,166000,167000,172000,172000,172000,172000,172000,172000,758,38,116000,111656.1674564367,305.6318396702409,257814.8887110874,233.34696569920845
1786466263,200,POST,/integrations/v2/encounters/update,0.900000,0.000000,134000,147000,165000,165000,166000,167000,167000,167000,167000,167000,167000,759,38,116000,111657.13611933404,305.6318396702409,257814.8887110874,233.35441370223978
1786466263,200,,Aggregated,0.900000,0.000000,134000,147000,165000,165000,166000,167000,167000,167000,167000,167000,167000,759,38,116000,111657.13611933404,305.6318396702409,257814.8887110874,233.35441370223978
1786466264,200,POST,/integrations/v2/encounters/update,1.000000,0.000000,123000,162000,165000,166000,167000,176000,176000,176000,176000,176000,176000,761,38,116000,111742.2392705037,305.6318396702409,257814.8887110874,233.36925098554534
1786466264,200,,Aggregated,1.000000,0.000000,123000,162000,165000,166000,167000,176000,176000,176000,176000,176000,176000,761,38,116000,111742.2392705037,305.6318396702409,257814.8887110874,233.36925098554534
1786466265,200,POST,/integrations/v2/encounters/update,1.300000,0.000000,123000,157000,165000,166000,176000,179000,179000,179000,179000,179000,179000,767,38,116000,111894.27057141015,305.6318396702409,257814.8887110874,233.41329856584093
1786466265,200,,Aggregated,1.300000,0.000000,123000,157000,165000,166000,176000,179000,179000,179000,179000,179000,179000,767,38,116000,111894.27057141015,305.6318396702409,257814.8887110874,233.41329856584093
1786466266,200,POST,/integrations/v2/encounters/update,1.300000,0.000000,125000,151000,157000,162000,166000,176000,179000,179000,179000,179000,179000,772,38,116000,112049.64466902088,305.6318396702409,257814.8887110874,233.44948186528498
1786466266,200,,Aggregated,1.300000,0.000000,125000,151000,157000,162000,166000,176000,179000,179000,179000,179000,179000,772,38,116000,112049.64466902088,305.6318396702409,257814.8887110874,233.44948186528498
1786466267,200,POST,/integrations/v2/encounters/update,1.500000,0.000000,123000,151000,157000,162000,166000,176000,179000,179000,179000,179000,179000,775,38,116000,112075.87964992854,305.6318396702409,257814.8887110874,233.47096774193548
1786466267,200,,Aggregated,1.500000,0.000000,123000,151000,157000,162000,166000,176000,179000,179000,179000,179000,179000,775,38,116000,112075.87964992854,305.6318396702409,257814.8887110874,233.47096774193548
1786466268,200,POST,/integrations/v2/encounters/update,1.500000,0.000000,122000,151000,152000,153000,165000,176000,179000,179000,179000,179000,179000,776,38,116000,112126.9089461643,305.6318396702409,257814.8887110874,233.47809278350516
1786466268,200,,Aggregated,1.500000,0.000000,122000,151000,152000,153000,165000,176000,179000,179000,179000,179000,179000,776,38,116000,112126.9089461643,305.6318396702409,257814.8887110874,233.47809278350516
1786466269,200,POST,/integrations/v2/encounters/update,1.500000,0.000000,122000,151000,152000,153000,165000,176000,179000,179000,179000,179000,179000,776,38,116000,112126.9089461643,305.6318396702409,257814.8887110874,233.47809278350516
1786466269,200,,Aggregated,1.500000,0.000000,122000,151000,152000,153000,165000,176000,179000,179000,179000,179000,179000,776,38,116000,112126.9089461643,305.6318396702409,257814.8887110874,233.47809278350516
1786466270,200,POST,/integrations/v2/encounters/update,2.500000,0.000000,125000,151000,152000,157000,174000,176000,179000,179000,179000,179000,179000,779,38,117000,112280.43195952826,305.6318396702409,257814.8887110874,233.49935815147626
1786466270,200,,Aggregated,2.500000,0.000000,125000,151000,152000,157000,174000,176000,179000,179000,179000,179000,179000,779,38,117000,112280.43195952826,305.6318396702409,257814.8887110874,233.49935815147626
1786466271,200,POST,/integrations/v2/encounters/update,2.300000,0.000000,132000,151000,152000,153000,174000,176000,179000,179000,179000,179000,179000,782,38,116000,112316.90361938872,305.6318396702409,257814.8887110874,233.52046035805625
1786466271,200,,Aggregated,2.300000,0.000000,132000,151000,152000,153000,174000,176000,179000,179000,179000,179000,179000,782,38,116000,112316.90361938872,305.6318396702409,257814.8887110874,233.52046035805625
1786466272,200,POST,/integrations/v2/encounters/update,2.200000,0.000000,132000,151000,152000,153000,174000,176000,179000,179000,179000,179000,179000,786,38,116000,112406.21425296867,305.6318396702409,257814.8887110874,233.54834605597964
1786466272,200,,Aggregated,2.200000,0.000000,132000,151000,152000,153000,174000,176000,179000,179000,179000,179000,179000,786,38,116000,112406.21425296867,305.6318396702409,257814.8887110874,233.54834605597964
1786466273,200,POST,/integrations/v2/encounters/update,2.200000,0.000000,132000,151000,152000,153000,174000,176000,179000,179000,179000,179000,179000,787,38,116000,112402.03388783794,305.6318396702409,257814.8887110874,233.55527318932656
1786466273,200,,Aggregated,2.200000,0.000000,132000,151000,152000,153000,174000,176000,179000,179000,179000,179000,179000,787,38,116000,112402.03388783794,305.6318396702409,257814.8887110874,233.55527318932656
1786466274,200,POST,/integrations/v2/encounters/update,2.800000,0.000000,150000,151000,152000,153000,174000,179000,185000,185000,185000,185000,185000,789,38,116000,112481.71098840974,305.6318396702409,257814.8887110874,233.56907477820025
1786466274,200,,Aggregated,2.800000,0.000000,150000,151000,152000,153000,174000,179000,185000,185000,185000,185000,185000,789,38,116000,112481.71098840974,305.6318396702409,257814.8887110874,233.56907477820025
1786466275,200,POST,/integrations/v2/encounters/update,2.800000,0.000000,132000,151000,151000,152000,174000,185000,185000,185000,185000,185000,185000,789,38,116000,112481.71098840974,305.6318396702409,257814.8887110874,233.56907477820025
1786466275,200,,Aggregated,2.800000,0.000000,132000,151000,151000,152000,174000,185000,185000,185000,185000,185000,185000,789,38,116000,112481.71098840974,305.6318396702409,257814.8887110874,233.56907477820025
1786466276,200,POST,/integrations/v2/encounters/update,2.800000,0.000000,132000,151000,152000,157000,174000,185000,185000,185000,185000,185000,185000,791,38,116000,112529.96926914493,305.6318396702409,257814.8887110874,233.58280657395701
1786466276,200,,Aggregated,2.800000,0.000000,132000,151000,152000,157000,174000,185000,185000,185000,185000,185000,185000,791,38,116000,112529.96926914493,305.6318396702409,257814.8887110874,233.58280657395701
1786466277,200,POST,/integrations/v2/encounters/update,2.600000,0.000000,132000,151000,154000,157000,174000,185000,185000,185000,185000,185000,185000,793,38,116000,112572.19171350122,305.6318396702409,257814.8887110874,233.59646910466583
1786466277,200,,Aggregated,2.600000,0.000000,132000,151000,154000,157000,174000,185000,185000,185000,185000,185000,185000,793,38,116000,112572.19171350122,305.6318396702409,257814.8887110874,233.59646910466583
1786466278,200,POST,/integrations/v2/encounters/update,2.600000,0.000000,132000,151000,154000,157000,174000,185000,185000,185000,185000,185000,185000,793,38,116000,112572.19171350122,305.6318396702409,257814.8887110874,233.59646910466583
1786466278,200,,Aggregated,2.600000,0.000000,132000,151000,154000,157000,174000,185000,185000,185000,185000,185000,185000,793,38,116000,112572.19171350122,305.6318396702409,257814.8887110874,233.59646910466583
1786466279,200,POST,/integrations/v2/encounters/update,2.600000,0.000000,132000,151000,154000,157000,174000,185000,185000,185000,185000,185000,185000,793,38,116000,112572.19171350122,305.6318396702409,257814.8887110874,233.59646910466583
1786466279,200,,Aggregated,2.600000,0.000000,132000,151000,154000,157000,174000,185000,185000,185000,185000,185000,185000,793,38,116000,112572.19171350122,305.6318396702409,257814.8887110874,233.59646910466583
1786466280,200,POST,/integrations/v2/encounters/update,1.800000,0.000000,112000,150000,154000,157000,157000,185000,185000,185000,185000,185000,185000,795,38,116000,112582.16247308374,305.6318396702409,257814.8887110874,233.61006289308176
1786466280,200,,Aggregated,1.800000,0.000000,112000,150000,154000,157000,157000,185000,185000,185000,185000,185000,185000,795,38,116000,112582.16247308374,305.6318396702409,257814.8887110874,233.61006289308176
1786466281,200,POST,/integrations/v2/encounters/update,1.700000,0.000000,117000,148000,154000,157000,158000,185000,185000,185000,185000,185000,185000,799,38,117000,112677.53802185702,305.6318396702409,257814.8887110874,233.63704630788484
1786466281,200,,Aggregated,1.700000,0.000000,117000,148000,154000,157000,158000,185000,185000,185000,185000,185000,185000,799,38,117000,112677.53802185702,305.6318396702409,257814.8887110874,233.63704630788484
1786466282,200,POST,/integrations/v2/encounters/update,1.700000,0.000000,128000,148000,157000,157000,158000,185000,185000,185000,185000,185000,185000,799,38,117000,112677.53802185702,305.6318396702409,257814.8887110874,233.63704630788484
1786466282,200,,Aggregated,1.700000,0.000000,128000,148000,157000,157000,158000,185000,185000,185000,185000,185000,185000,799,38,117000,112677.53802185702,305.6318396702409,257814.8887110874,233.63704630788484
1786466283,200,POST,/integrations/v2/encounters/update,1.600000,0.000000,138000,154000,157000,158000,171000,185000,185000,185000,185000,185000,185000,801,38,117000,112782.2963786911,305.6318396702409,257814.8887110874,233.65043695380774
1786466283,200,,Aggregated,1.600000,0.000000,138000,154000,157000,158000,171000,185000,185000,185000,185000,185000,185000,801,38,117000,112782.2963786911,305.6318396702409,257814.8887110874,233.65043695380774
1786466284,200,POST,/integrations/v2/encounters/update,1.500000,0.000000,128000,144000,154000,157000,163000,171000,171000,171000,171000,171000,171000,808,38,117000,112872.79429903497,305.6318396702409,257814.8887110874,233.69678217821783
1786466284,200,,Aggregated,1.500000,0.000000,128000,144000,154000,157000,163000,171000,171000,171000,171000,171000,171000,808,38,117000,112872.79429903497,305.6318396702409,257814.8887110874,233.69678217821783
1786466285,200,POST,/integrations/v2/encounters/update,1.300000,0.000000,138000,144000,148000,154000,158000,163000,171000,171000,171000,171000,171000,811,38,117000,112935.1627883099,305.6318396702409,257814.8887110874,233.71639950678176
1786466285,200,,Aggregated,1.300000,0.000000,138000,144000,148000,154000,158000,163000,171000,171000,171000,171000,171000,811,38,117000,112935.1627883099,305.6318396702409,257814.8887110874,233.71639950678176
1786466286,200,POST,/integrations/v2/encounters/update,1.700000,0.000000,138000,143000,145000,147000,158000,163000,171000,171000,171000,171000,171000,816,38,117000,113020.46898235207,305.6318396702409,257814.8887110874,233.74877450980392
1786466286,200,,Aggregated,1.700000,0.000000,138000,143000,145000,147000,158000,163000,171000,171000,171000,171000,171000,816,38,117000,113020.46898235207,305.6318396702409,257814.8887110874,233.74877450980392
1786466287,200,POST,/integrations/v2/encounters/update,2.100000,0.000000,128000,143000,144000,145000,158000,163000,171000,171000,171000,171000,171000,818,38,117000,112992.76861153128,305.6318396702409,257814.8887110874,233.76161369193153
1786466287,200,,Aggregated,2.100000,0.000000,128000,143000,144000,145000,158000,163000,171000,171000,171000,171000,171000,818,38,117000,112992.76861153128,305.6318396702409,257814.8887110874,233.76161369193153
1786466288,200,POST,/integrations/v2/encounters/update,2.100000,0.000000,138000,143000,145000,145000,158000,163000,171000,171000,171000,171000,171000,819,38,117000,113032.32318449028,305.6318396702409,257814.8887110874,233.76800976800976
1786466288,200,,Aggregated,2.100000,0.000000,138000,143000,145000,145000,158000,163000,171000,171000,171000,171000,171000,819,38,117000,113032.32318449028,305.6318396702409,257814.8887110874,233.76800976800976
1786466289,200,POST,/integrations/v2/encounters/update,2.500000,0.000000,138000,143000,145000,147000,158000,163000,171000,171000,171000,171000,171000,820,38,117000,113047.16883245404,305.6318396702409,257814.8887110874,233.77439024390245
1786466289,200,,Aggregated,2.500000,0.000000,138000,143000,145000,147000,158000,163000,171000,171000,171000,171000,171000,820,38,117000,113047.16883245404,305.6318396702409,257814.8887110874,233.77439024390245
1786466290,200,POST,/integrations/v2/encounters/update,2.600000,0.000000,141000,143000,145000,145000,158000,163000,171000,171000,171000,171000,171000,822,38,117000,113092.5864552379,305.6318396702409,257814.8887110874,233.78710462287106
1786466290,200,,Aggregated,2.600000,0.000000,141000,143000,145000,145000,158000,163000,171000,171000,171000,171000,171000,822,38,117000,113092.5864552379,305.6318396702409,257814.8887110874,233.78710462287106
1786466291,200,POST,/integrations/v2/encounters/update,2.600000,0.000000,138000,143000,144000,145000,163000,166000,171000,171000,171000,171000,171000,824,38,117000,113144.410980862,305.6318396702409,257814.8887110874,233.7997572815534
1786466291,200,,Aggregated,2.600000,0.000000,138000,143000,144000,145000,163000,166000,171000,171000,171000,171000,171000,824,38,117000,113144.410980862,305.6318396702409,257814.8887110874,233.7997572815534
1786466292,200,POST,/integrations/v2/encounters/update,2.600000,0.000000,138000,143000,144000,145000,147000,163000,166000,166000,166000,166000,166000,824,38,117000,113144.410980862,305.6318396702409,257814.8887110874,233.7997572815534
1786466292,200,,Aggregated,2.600000,0.000000,138000,143000,144000,145000,147000,163000,166000,166000,166000,166000,166000,824,38,117000,113144.410980862,305.6318396702409,257814.8887110874,233.7997572815534
1786466293,200,POST,/integrations/v2/encounters/update,2.600000,0.000000,141000,143000,143000,145000,147000,155000,166000,166000,166000,166000,166000,827,38,117000,113223.86492605909,305.6318396702409,257814.8887110874,233.8186215235792
1786466293,200,,Aggregated,2.600000,0.000000,141000,143000,143000,145000,147000,155000,166000,166000,166000,166000,166000,827,38,117000,113223.86492605909,305.6318396702409,257814.8887110874,233.8186215235792
1786466294,200,POST,/integrations/v2/encounters/update,2.600000,0.000000,141000,143000,143000,145000,155000,166000,166000,166000,166000,166000,166000,827,38,117000,113223.86492605909,305.6318396702409,257814.8887110874,233.8186215235792
1786466294,200,,Aggregated,2.600000,0.000000,141000,143000,143000,145000,155000,166000,166000,166000,166000,166000,166000,827,38,117000,113223.86492605909,305.6318396702409,257814.8887110874,233.8186215235792
1786466295,200,POST,/integrations/v2/encounters/update,2.500000,0.000000,141000,142000,142000,145000,155000,166000,166000,166000,166000,166000,166000,828,38,117000,113259.20088196758,305.6318396702409,257814.8887110874,233.82487922705315
1786466295,200,,Aggregated,2.500000,0.000000,141000,142000,142000,145000,155000,166000,166000,166000,166000,166000,166000,828,38,117000,113259.20088196758,305.6318396702409,257814.8887110874,233.82487922705315
1786466296,200,POST,/integrations/v2/encounters/update,2.500000,0.000000,142000,142000,145000,145000,155000,166000,166000,166000,166000,166000,166000,828,38,117000,113259.20088196758,305.6318396702409,257814.8887110874,233.82487922705315
1786466296,200,,Aggregated,2.500000,0.000000,142000,142000,145000,145000,155000,166000,166000,166000,166000,166000,166000,828,38,117000,113259.20088196758,305.6318396702409,257814.8887110874,233.82487922705315
1786466297,200,POST,/integrations/v2/encounters/update,1.800000,0.000000,142000,142000,148000,148000,155000,166000,166000,166000,166000,166000,166000,829,38,117000,113301.12606653357,305.6318396702409,257814.8887110874,233.83112183353438
1786466297,200,,Aggregated,1.800000,0.000000,142000,142000,148000,148000,155000,166000,166000,166000,166000,166000,166000,829,38,117000,113301.12606653357,305.6318396702409,257814.8887110874,233.83112183353438
1786466298,200,POST,/integrations/v2/encounters/update,1.800000,0.000000,142000,145000,148000,148000,155000,166000,166000,166000,166000,166000,166000,830,38,117000,113339.5530313568,305.6318396702409,257814.8887110874,233.83734939759037
1786466298,200,,Aggregated,1.800000,0.000000,142000,145000,148000,148000,155000,166000,166000,166000,166000,166000,166000,830,38,117000,113339.5530313568,305.6318396702409,257814.8887110874,233.83734939759037
1786466299,200,POST,/integrations/v2/encounters/update,1.100000,0.000000,142000,145000,148000,148000,155000,166000,166000,166000,166000,166000,166000,832,38,117000,113364.73831931097,305.6318396702409,257814.8887110874,233.8497596153846
1786466299,200,,Aggregated,1.100000,0.000000,142000,145000,148000,148000,155000,166000,166000,166000,166000,166000,166000,832,38,117000,113364.73831931097,305.6318396702409,257814.8887110874,233.8497596153846
1786466300,200,POST,/integrations/v2/encounters/update,1.100000,0.000000,142000,145000,148000,155000,159000,166000,166000,166000,166000,166000,166000,836,38,117000,113487.82692194039,305.6318396702409,257814.8887110874,233.8744019138756
1786466300,200,,Aggregated,1.100000,0.000000,142000,145000,148000,155000,159000,166000,166000,166000,166000,166000,166000,836,38,117000,113487.82692194039,305.6318396702409,257814.8887110874,233.8744019138756
1786466301,200,POST,/integrations/v2/encounters/update,1.100000,0.000000,142000,144000,145000,148000,155000,159000,159000,159000,159000,159000,159000,838,38,117000,113522.00277854953,305.6318396702409,257814.8887110874,233.88663484486872
1786466301,200,,Aggregated,1.100000,0.000000,142000,144000,145000,148000,155000,159000,159000,159000,159000,159000,159000,838,38,117000,113522.00277854953,305.6318396702409,257814.8887110874,233.88663484486872
1786466302,200,POST,/integrations/v2/encounters/update,1.100000,0.000000,142000,143000,145000,145000,148000,159000,159000,159000,159000,159000,159000,838,38,117000,113522.00277854953,305.6318396702409,257814.8887110874,233.88663484486872
1786466302,200,,Aggregated,1.100000,0.000000,142000,143000,145000,145000,148000,159000,159000,159000,159000,159000,159000,838,38,117000,113522.00277854953,305.6318396702409,257814.8887110874,233.88663484486872
1786466303,200,POST,/integrations/v2/encounters/update,1.600000,0.000000,142000,144000,145000,148000,155000,159000,159000,159000,159000,159000,159000,840,38,117000,113570.10180140141,305.6318396702409,257814.8887110874,233.89880952380952
1786466303,200,,Aggregated,1.600000,0.000000,142000,144000,145000,148000,155000,159000,159000,159000,159000,159000,159000,840,38,117000,113570.10180140141,305.6318396702409,257814.8887110874,233.89880952380952
1786466304,200,POST,/integrations/v2/encounters/update,1.400000,0.000000,142000,143000,145000,148000,155000,159000,159000,159000,159000,159000,159000,842,38,117000,113636.74815438666,305.6318396702409,257814.8887110874,233.91211401425178
1786466304,200,,Aggregated,1.400000,0.000000,142000,143000,145000,148000,155000,159000,159000,159000,159000,159000,159000,842,38,117000,113636.74815438666,305.6318396702409,257814.8887110874,233.91211401425178
1786466305,200,POST,/integrations/v2/encounters/update,1.400000,0.000000,142000,144000,145000,148000,155000,159000,159000,159000,159000,159000,159000,842,38,117000,113636.74815438666,305.6318396702409,257814.8887110874,233.91211401425178
1786466305,200,,Aggregated,1.400000,0.000000,142000,144000,145000,148000,155000,159000,159000,159000,159000,159000,159000,842,38,117000,113636.74815438666,305.6318396702409,257814.8887110874,233.91211401425178
1786466306,200,POST,/integrations/v2/encounters/update,1.300000,0.000000,142000,143000,145000,148000,155000,159000,159000,159000,159000,159000,159000,843,38,117000,113672.10054440674,305.6318396702409,257814.8887110874,233.91814946619218
1786466306,200,,Aggregated,1.300000,0.000000,142000,143000,145000,148000,155000,159000,159000,159000,159000,159000,159000,843,38,117000,113672.10054440674,305.6318396702409,257814.8887110874,233.91814946619218
1786466307,200,POST,/integrations/v2/encounters/update,1.400000,0.000000,141000,143000,144000,154000,155000,159000,159000,159000,159000,159000,159000,845,38,117000,113744.86991462563,305.6318396702409,257814.8887110874,233.9301775147929
1786466307,200,,Aggregated,1.400000,0.000000,141000,143000,144000,154000,155000,159000,159000,159000,159000,159000,159000,845,38,117000,113744.86991462563,305.6318396702409,257814.8887110874,233.9301775147929
1786466308,200,POST,/integrations/v2/encounters/update,1.400000,0.000000,142000,143000,144000,154000,155000,159000,159000,159000,159000,159000,159000,845,38,117000,113744.86991462563,305.6318396702409,257814.8887110874,233.9301775147929
1786466308,200,,Aggregated,1.400000,0.000000,142000,143000,144000,154000,155000,159000,159000,159000,159000,159000,159000,845,38,117000,113744.86991462563,305.6318396702409,257814.8887110874,233.9301775147929
1786466309,200,POST,/integrations/v2/encounters/update,1.500000,0.000000,142000,143000,144000,154000,155000,163000,163000,163000,163000,163000,163000,846,38,117000,113803.57256555941,305.6318396702409,257814.8887110874,233.93617021276594
1786466309,200,,Aggregated,1.500000,0.000000,142000,143000,144000,154000,155000,163000,163000,163000,163000,163000,163000,846,38,117000,113803.57256555941,305.6318396702409,257814.8887110874,233.93617021276594
1786466310,200,POST,/integrations/v2/encounters/update,1.500000,0.000000,142000,143000,144000,154000,155000,163000,163000,163000,163000,163000,163000,847,38,117000,113824.16796547707,305.6318396702409,257814.8887110874,233.94214876033058
1786466310,200,,Aggregated,1.500000,0.000000,142000,143000,144000,154000,155000,163000,163000,163000,163000,163000,163000,847,38,117000,113824.16796547707,305.6318396702409,257814.8887110874,233.94214876033058
1786466311,200,POST,/integrations/v2/encounters/update,1.400000,0.000000,142000,143000,154000,155000,163000,163000,163000,163000,163000,163000,163000,848,38,117000,113830.78168903569,305.6318396702409,257814.8887110874,233.94811320754718
1786466311,200,,Aggregated,1.400000,0.000000,142000,143000,154000,155000,163000,163000,163000,163000,163000,163000,163000,848,38,117000,113830.78168903569,305.6318396702409,257814.8887110874,233.94811320754718
1786466312,200,POST,/integrations/v2/encounters/update,1.300000,0.000000,143000,151000,154000,155000,163000,163000,163000,163000,163000,163000,163000,849,38,117000,113874.7065026452,305.6318396702409,257814.8887110874,233.95406360424028
1786466312,200,,Aggregated,1.300000,0.000000,143000,151000,154000,155000,163000,163000,163000,163000,163000,163000,163000,849,38,117000,113874.7065026452,305.6318396702409,257814.8887110874,233.95406360424028
1786466313,200,POST,/integrations/v2/encounters/update,0.900000,0.000000,143000,148000,151000,151000,154000,163000,163000,163000,163000,163000,163000,852,38,117000,113962.80121374904,305.6318396702409,257814.8887110874,233.9718309859155
1786466313,200,,Aggregated,0.900000,0.000000,143000,148000,151000,151000,154000,163000,163000,163000,163000,163000,163000,852,38,117000,113962.80121374904,305.6318396702409,257814.8887110874,233.9718309859155
1786466314,200,POST,/integrations/v2/encounters/update,1.000000,0.000000,147000,148000,151000,151000,154000,163000,163000,163000,163000,163000,163000,854,38,117000,114008.39811548668,305.6318396702409,257814.8887110874,233.98360655737704
1786466314,200,,Aggregated,1.000000,0.000000,147000,148000,151000,151000,154000,163000,163000,163000,163000,163000,163000,854,38,117000,114008.39811548668,305.6318396702409,257814.8887110874,233.98360655737704
1786466315,200,POST,/integrations/v2/encounters/update,1.200000,0.000000,148000,149000,151000,152000,154000,163000,163000,163000,163000,163000,163000,856,38,117000,114093.77690526735,305.6318396702409,257814.8887110874,233.99532710280374
1786466315,200,,Aggregated,1.200000,0.000000,148000,149000,151000,152000,154000,163000,163000,163000,163000,163000,163000,856,38,117000,114093.77690526735,305.6318396702409,257814.8887110874,233.99532710280374
1786466316,200,POST,/integrations/v2/encounters/update,1.300000,0.000000,148000,149000,152000,154000,160000,163000,163000,163000,163000,163000,163000,858,38,117000,114154.52397849402,305.6318396702409,257814.8887110874,234.006993006993
1786466316,200,,Aggregated,1.300000,0.000000,148000,149000,152000,154000,160000,163000,163000,163000,163000,163000,163000,858,38,117000,114154.52397849402,305.6318396702409,257814.8887110874,234.006993006993
1786466317,200,POST,/integrations/v2/encounters/update,1.300000,0.000000,148000,149000,152000,154000,160000,163000,163000,163000,163000,163000,163000,858,38,117000,114154.52397849402,305.6318396702409,257814.8887110874,234.006993006993
1786466317,200,,Aggregated,1.300000,0.000000,148000,149000,152000,154000,160000,163000,163000,163000,163000,163000,163000,858,38,117000,114154.52397849402,305.6318396702409,257814.8887110874,234.006993006993
1786466318,200,POST,/integrations/v2/encounters/update,1.300000,0.000000,147000,148000,151000,151000,160000,163000,163000,163000,163000,163000,163000,861,38,117000,114211.52651754436,305.6318396702409,257814.8887110874,234.02439024390245
1786466318,200,,Aggregated,1.300000,0.000000,147000,148000,151000,151000,160000,163000,163000,163000,163000,163000,163000,861,38,117000,114211.52651754436,305.6318396702409,257814.8887110874,234.02439024390245
1786466319,200,POST,/integrations/v2/encounters/update,1.500000,0.000000,146000,148000,149000,149000,152000,160000,160000,160000,160000,160000,160000,862,38,117000,114233.80355920063,305.6318396702409,257814.8887110874,234.03016241299304
1786466319,200,,Aggregated,1.500000,0.000000,146000,148000,149000,149000,152000,160000,160000,160000,160000,160000,160000,862,38,117000,114233.80355920063,305.6318396702409,257814.8887110874,234.03016241299304
1786466320,200,POST,/integrations/v2/encounters/update,1.500000,0.000000,146000,148000,149000,151000,152000,160000,160000,160000,160000,160000,160000,862,38,117000,114233.80355920063,305.6318396702409,257814.8887110874,234.03016241299304
1786466320,200,,Aggregated,1.500000,0.000000,146000,148000,149000,151000,152000,160000,160000,160000,160000,160000,160000,862,38,117000,114233.80355920063,305.6318396702409,257814.8887110874,234.03016241299304
1786466321,200,POST,/integrations/v2/encounters/update,1.600000,0.000000,146000,148000,149000,149000,152000,160000,160000,160000,160000,160000,160000,864,38,117000,114228.22735521356,305.6318396702409,257814.8887110874,234.04166666666666
1786466321,200,,Aggregated,1.600000,0.000000,146000,148000,149000,149000,152000,160000,160000,160000,160000,160000,160000,864,38,117000,114228.22735521356,305.6318396702409,257814.8887110874,234.04166666666666
1786466322,200,POST,/integrations/v2/encounters/update,1.600000,0.000000,146000,148000,149000,152000,160000,161000,161000,161000,161000,161000,161000,866,38,117000,114322.76668874062,305.6318396702409,257814.8887110874,234.05311778290994
1786466322,200,,Aggregated,1.600000,0.000000,146000,148000,149000,152000,160000,161000,161000,161000,161000,161000,161000,866,38,117000,114322.76668874062,305.6318396702409,257814.8887110874,234.05311778290994
1786466323,200,POST,/integrations/v2/encounters/update,1.600000,0.000000,133000,149000,149000,152000,160000,161000,161000,161000,161000,161000,161000,866,38,117000,114322.76668874062,305.6318396702409,257814.8887110874,234.05311778290994
1786466323,200,,Aggregated,1.600000,0.000000,133000,149000,149000,152000,160000,161000,161000,161000,161000,161000,161000,866,38,117000,114322.76668874062,305.6318396702409,257814.8887110874,234.05311778290994
1786466324,200,POST,/integrations/v2/encounters/update,1.600000,0.000000,133000,149000,152000,152000,160000,161000,161000,161000,161000,161000,161000,866,38,117000,114322.76668874062,305.6318396702409,257814.8887110874,234.05311778290994
1786466324,200,,Aggregated,1.600000,0.000000,133000,149000,152000,152000,160000,161000,161000,161000,161000,161000,161000,866,38,117000,114322.76668874062,305.6318396702409,257814.8887110874,234.05311778290994
1786466325,200,POST,/integrations/v2/encounters/update,1.700000,0.000000,133000,149000,160000,160000,160000,161000,161000,161000,161000,161000,161000,867,38,117000,114375.26611259459,305.6318396702409,257814.8887110874,234.05882352941177
1786466325,200,,Aggregated,1.700000,0.000000,133000,149000,160000,160000,160000,161000,161000,161000,161000,161000,161000,867,38,117000,114375.26611259459,305.6318396702409,257814.8887110874,234.05882352941177
1786466326,200,POST,/integrations/v2/encounters/update,1.300000,0.000000,133000,149000,160000,160000,161000,161000,161000,161000,161000,161000,161000,869,38,118000,114437.36997811869,305.6318396702409,257814.8887110874,234.07019562715766
1786466326,200,,Aggregated,1.300000,0.000000,133000,149000,160000,160000,161000,161000,161000,161000,161000,161000,161000,869,38,118000,114437.36997811869,305.6318396702409,257814.8887110874,234.07019562715766
1786466327,200,POST,/integrations/v2/encounters/update,1.200000,0.000000,148000,150000,150000,160000,161000,161000,161000,161000,161000,161000,161000,872,38,118000,114557.55599828152,305.6318396702409,257814.8887110874,234.08715596330276
1786466327,200,,Aggregated,1.200000,0.000000,148000,150000,150000,160000,161000,161000,161000,161000,161000,161000,161000,872,38,118000,114557.55599828152,305.6318396702409,257814.8887110874,234.08715596330276
1786466328,200,POST,/integrations/v2/encounters/update,1.200000,0.000000,149000,150000,160000,160000,161000,161000,161000,161000,161000,161000,161000,872,38,118000,114557.55599828152,305.6318396702409,257814.8887110874,234.08715596330276
1786466328,200,,Aggregated,1.200000,0.000000,149000,150000,160000,160000,161000,161000,161000,161000,161000,161000,161000,872,38,118000,114557.55599828152,305.6318396702409,257814.8887110874,234.08715596330276
1786466329,200,POST,/integrations/v2/encounters/update,1.200000,0.000000,149000,150000,160000,160000,161000,161000,161000,161000,161000,161000,161000,874,38,118000,114592.51726876837,305.6318396702409,257814.8887110874,234.09839816933638
1786466329,200,,Aggregated,1.200000,0.000000,149000,150000,160000,160000,161000,161000,161000,161000,161000,161000,161000,874,38,118000,114592.51726876837,305.6318396702409,257814.8887110874,234.09839816933638
1786466330,200,POST,/integrations/v2/encounters/update,1.400000,0.000000,149000,150000,160000,160000,161000,161000,161000,161000,161000,161000,161000,875,38,118000,114587.52527737414,305.6318396702409,257814.8887110874,234.104
1786466330,200,,Aggregated,1.400000,0.000000,149000,150000,160000,160000,161000,161000,161000,161000,161000,161000,161000,875,38,118000,114587.52527737414,305.6318396702409,257814.8887110874,234.104
1786466331,200,POST,/integrations/v2/encounters/update,1.200000,0.000000,148000,150000,150000,160000,161000,167000,167000,167000,167000,167000,167000,878,38,118000,114631.54761664628,305.6318396702409,257814.8887110874,234.12072892938497
1786466331,200,,Aggregated,1.200000,0.000000,148000,150000,150000,160000,161000,167000,167000,167000,167000,167000,167000,878,38,118000,114631.54761664628,305.6318396702409,257814.8887110874,234.12072892938497
1786466332,200,POST,/integrations/v2/encounters/update,1.200000,0.000000,149000,150000,156000,156000,161000,167000,167000,167000,167000,167000,167000,881,38,118000,114700.68867784315,305.6318396702409,257814.8887110874,234.13847900113507
1786466332,200,,Aggregated,1.200000,0.000000,149000,150000,156000,156000,161000,167000,167000,167000,167000,167000,167000,881,38,118000,114700.68867784315,305.6318396702409,257814.8887110874,234.13847900113507
1786466333,200,POST,/integrations/v2/encounters/update,1.200000,0.000000,148000,150000,152000,156000,161000,167000,167000,167000,167000,167000,167000,884,38,118000,114814.68738262376,305.6318396702409,257814.8887110874,234.15610859728505
1786466333,200,,Aggregated,1.200000,0.000000,148000,150000,152000,156000,161000,167000,167000,167000,167000,167000,167000,884,38,118000,114814.68738262376,305.6318396702409,257814.8887110874,234.15610859728505
1786466334,200,POST,/integrations/v2/encounters/update,1.400000,0.000000,148000,150000,152000,156000,161000,167000,167000,167000,167000,167000,167000,886,38,118000,114785.24692524568,305.6318396702409,257814.8887110874,234.16704288939053
1786466334,200,,Aggregated,1.400000,0.000000,148000,150000,152000,156000,161000,167000,167000,167000,167000,167000,167000,886,38,118000,114785.24692524568,305.6318396702409,257814.8887110874,234.16704288939053
1786466335,200,POST,/integrations/v2/encounters/update,1.500000,0.000000,148000,150000,152000,156000,161000,161000,167000,167000,167000,167000,167000,889,38,118000,114868.21094114777,305.6318396702409,257814.8887110874,234.18335208098986
1786466335,200,,Aggregated,1.500000,0.000000,148000,150000,152000,156000,161000,161000,167000,167000,167000,167000,167000,889,38,118000,114868.21094114777,305.6318396702409,257814.8887110874,234.18335208098986
1786466336,200,POST,/integrations/v2/encounters/update,1.900000,0.000000,147000,150000,152000,156000,161000,167000,167000,167000,167000,167000,167000,890,38,118000,114877.96584335844,305.6318396702409,257814.8887110874,234.1887640449438
1786466336,200,,Aggregated,1.900000,0.000000,147000,150000,152000,156000,161000,167000,167000,167000,167000,167000,167000,890,38,118000,114877.96584335844,305.6318396702409,257814.8887110874,234.1887640449438
1786466337,200,POST,/integrations/v2/encounters/update,1.900000,0.000000,146000,148000,152000,156000,161000,167000,167000,167000,167000,167000,167000,890,38,118000,114877.96584335844,305.6318396702409,257814.8887110874,234.1887640449438
1786466337,200,,Aggregated,1.900000,0.000000,146000,148000,152000,156000,161000,167000,167000,167000,167000,167000,167000,890,38,118000,114877.96584335844,305.6318396702409,257814.8887110874,234.1887640449438
1786466338,200,POST,/integrations/v2/encounters/update,2.200000,0.000000,124000,147000,152000,156000,161000,167000,167000,167000,167000,167000,167000,892,38,118000,114893.56112664974,305.6318396702409,257814.8887110874,234.19955156950672
1786466338,200,,Aggregated,2.200000,0.000000,124000,147000,152000,156000,161000,167000,167000,167000,167000,167000,167000,892,38,118000,114893.56112664974,305.6318396702409,257814.8887110874,234.19955156950672
1786466339,200,POST,/integrations/v2/encounters/update,2.000000,0.000000,124000,147000,152000,156000,158000,161000,167000,167000,167000,167000,167000,895,38,118000,114909.85348131204,305.6318396702409,257814.8887110874,234.21564245810055
1786466339,200,,Aggregated,2.000000,0.000000,124000,147000,152000,156000,158000,161000,167000,167000,167000,167000,167000,895,38,118000,114909.85348131204,305.6318396702409,257814.8887110874,234.21564245810055
1786466340,200,POST,/integrations/v2/encounters/update,1.900000,0.000000,124000,147000,152000,156000,158000,161000,167000,167000,167000,167000,167000,896,38,118000,114893.20659181153,305.6318396702409,257814.8887110874,234.22098214285714
1786466340,200,,Aggregated,1.900000,0.000000,124000,147000,152000,156000,158000,161000,167000,167000,167000,167000,167000,896,38,118000,114893.20659181153,305.6318396702409,257814.8887110874,234.22098214285714
1786466341,200,POST,/integrations/v2/encounters/update,1.900000,0.000000,141000,151000,152000,156000,158000,161000,161000,161000,161000,161000,161000,896,38,118000,114893.20659181153,305.6318396702409,257814.8887110874,234.22098214285714
1786466341,200,,Aggregated,1.900000,0.000000,141000,151000,152000,156000,158000,161000,161000,161000,161000,161000,161000,896,38,118000,114893.20659181153,305.6318396702409,257814.8887110874,234.22098214285714
1786466342,200,POST,/integrations/v2/encounters/update,1.900000,0.000000,124000,146000,152000,156000,158000,161000,161000,161000,161000,161000,161000,896,38,118000,114893.20659181153,305.6318396702409,257814.8887110874,234.22098214285714
1786466342,200,,Aggregated,1.900000,0.000000,124000,146000,152000,156000,158000,161000,161000,161000,161000,161000,161000,896,38,118000,114893.20659181153,305.6318396702409,257814.8887110874,234.22098214285714
1786466343,200,POST,/integrations/v2/encounters/update,1.900000,0.000000,103000,141000,156000,156000,158000,161000,161000,161000,161000,161000,161000,896,38,118000,114893.20659181153,305.6318396702409,257814.8887110874,234.22098214285714
1786466343,200,,Aggregated,1.900000,0.000000,103000,141000,156000,156000,158000,161000,161000,161000,161000,161000,161000,896,38,118000,114893.20659181153,305.6318396702409,257814.8887110874,234.22098214285714
1786466344,200,POST,/integrations/v2/encounters/update,1.900000,0.000000,124000,141000,156000,156000,158000,158000,158000,158000,158000,158000,158000,896,38,118000,114893.20659181153,305.6318396702409,257814.8887110874,234.22098214285714
1786466344,200,,Aggregated,1.900000,0.000000,124000,141000,156000,156000,158000,158000,158000,158000,158000,158000,158000,896,38,118000,114893.20659181153,305.6318396702409,257814.8887110874,234.22098214285714
1786466345,200,POST,/integrations/v2/encounters/update,1.500000,0.000000,105000,124000,141000,141000,158000,158000,158000,158000,158000,158000,158000,897,38,118000,114882.30140448776,305.6318396702409,257814.8887110874,234.2263099219621
1786466345,200,,Aggregated,1.500000,0.000000,105000,124000,141000,141000,158000,158000,158000,158000,158000,158000,158000,897,38,118000,114882.30140448776,305.6318396702409,257814.8887110874,234.2263099219621
1786466346,200,POST,/integrations/v2/encounters/update,1.100000,0.000000,105000,141000,158000,158000,176000,176000,176000,176000,176000,176000,176000,898,38,118000,114949.83027679108,305.6318396702409,257814.8887110874,234.2316258351893
1786466346,200,,Aggregated,1.100000,0.000000,105000,141000,158000,158000,176000,176000,176000,176000,176000,176000,176000,898,38,118000,114949.83027679108,305.6318396702409,257814.8887110874,234.2316258351893
1786466347,200,POST,/integrations/v2/encounters/update,1.100000,0.000000,103000,105000,158000,158000,176000,176000,176000,176000,176000,176000,176000,898,38,118000,114949.83027679108,305.6318396702409,257814.8887110874,234.2316258351893
1786466347,200,,Aggregated,1.100000,0.000000,103000,105000,158000,158000,176000,176000,176000,176000,176000,176000,176000,898,38,118000,114949.83027679108,305.6318396702409,257814.8887110874,234.2316258351893
1786466348,200,POST,/integrations/v2/encounters/update,1.100000,0.000000,105000,158000,158000,176000,176000,176000,176000,176000,176000,176000,176000,898,38,118000,114949.83027679108,305.6318396702409,257814.8887110874,234.2316258351893
1786466348,200,,Aggregated,1.100000,0.000000,105000,158000,158000,176000,176000,176000,176000,176000,176000,176000,176000,898,38,118000,114949.83027679108,305.6318396702409,257814.8887110874,234.2316258351893
1786466349,200,POST,/integrations/v2/encounters/update,1.100000,0.000000,105000,105000,176000,176000,176000,176000,176000,176000,176000,176000,176000,898,38,118000,114949.83027679108,305.6318396702409,257814.8887110874,234.2316258351893
1786466349,200,,Aggregated,1.100000,0.000000,105000,105000,176000,176000,176000,176000,176000,176000,176000,176000,176000,898,38,118000,114949.83027679108,305.6318396702409,257814.8887110874,234.2316258351893
1786466351,200,POST,/integrations/v2/encounters/update,0.700000,0.000000,109000,163000,163000,176000,176000,176000,176000,176000,176000,176000,176000,900,38,118000,114996.60341877291,305.6318396702409,257814.8887110874,234.2422222222222
1786466351,200,,Aggregated,0.700000,0.000000,109000,163000,163000,176000,176000,176000,176000,176000,176000,176000,176000,900,38,118000,114996.60341877291,305.6318396702409,257814.8887110874,234.2422222222222
1786466352,200,POST,/integrations/v2/encounters/update,0.500000,0.000000,157000,163000,163000,176000,176000,176000,176000,176000,176000,176000,176000,901,38,118000,115043.20448870622,305.6318396702409,257814.8887110874,234.2475027746948
1786466352,200,,Aggregated,0.500000,0.000000,157000,163000,163000,176000,176000,176000,176000,176000,176000,176000,176000,901,38,118000,115043.20448870622,305.6318396702409,257814.8887110874,234.2475027746948
1786466353,200,POST,/integrations/v2/encounters/update,0.500000,0.000000,157000,163000,163000,176000,176000,176000,176000,176000,176000,176000,176000,901,38,118000,115043.20448870622,305.6318396702409,257814.8887110874,234.2475027746948
1786466353,200,,Aggregated,0.500000,0.000000,157000,163000,163000,176000,176000,176000,176000,176000,176000,176000,176000,901,38,118000,115043.20448870622,305.6318396702409,257814.8887110874,234.2475027746948
1786466354,200,POST,/integrations/v2/encounters/update,0.500000,0.000000,157000,163000,163000,176000,176000,176000,176000,176000,176000,176000,176000,901,38,118000,115043.20448870622,305.6318396702409,257814.8887110874,234.2475027746948
1786466354,200,,Aggregated,0.500000,0.000000,157000,163000,163000,176000,176000,176000,176000,176000,176000,176000,176000,901,38,118000,115043.20448870622,305.6318396702409,257814.8887110874,234.2475027746948
1786466355,200,POST,/integrations/v2/encounters/update,0.500000,0.000000,161000,163000,170000,170000,176000,176000,176000,176000,176000,176000,176000,905,38,118000,115208.2256116509,305.6318396702409,257814.8887110874,234.2685082872928
1786466355,200,,Aggregated,0.500000,0.000000,161000,163000,170000,170000,176000,176000,176000,176000,176000,176000,176000,905,38,118000,115208.2256116509,305.6318396702409,257814.8887110874,234.2685082872928
1786466356,200,POST,/integrations/v2/encounters/update,0.500000,0.000000,159000,161000,163000,170000,176000,176000,176000,176000,176000,176000,176000,907,38,118000,115249.59108845648,305.6318396702409,257814.8887110874,234.2789415656009
1786466356,200,,Aggregated,0.500000,0.000000,159000,161000,163000,170000,176000,176000,176000,176000,176000,176000,176000,907,38,118000,115249.59108845648,305.6318396702409,257814.8887110874,234.2789415656009
1786466357,200,POST,/integrations/v2/encounters/update,0.500000,0.000000,159000,161000,163000,170000,176000,176000,176000,176000,176000,176000,176000,907,38,118000,115249.59108845648,305.6318396702409,257814.8887110874,234.2789415656009
1786466357,200,,Aggregated,0.500000,0.000000,159000,161000,163000,170000,176000,176000,176000,176000,176000,176000,176000,907,38,118000,115249.59108845648,305.6318396702409,257814.8887110874,234.2789415656009
1786466358,200,POST,/integrations/v2/encounters/update,0.500000,0.000000,157000,159000,161000,163000,170000,170000,170000,170000,170000,170000,170000,907,38,118000,115249.59108845648,305.6318396702409,257814.8887110874,234.2789415656009
1786466358,200,,Aggregated,0.500000,0.000000,157000,159000,161000,163000,170000,170000,170000,170000,170000,170000,170000,907,38,118000,115249.59108845648,305.6318396702409,257814.8887110874,234.2789415656009
1786466359,200,POST,/integrations/v2/encounters/update,0.500000,0.000000,157000,159000,161000,163000,170000,170000,170000,170000,170000,170000,170000,907,38,118000,115249.59108845648,305.6318396702409,257814.8887110874,234.2789415656009
1786466359,200,,Aggregated,0.500000,0.000000,157000,159000,161000,163000,170000,170000,170000,170000,170000,170000,170000,907,38,118000,115249.59108845648,305.6318396702409,257814.8887110874,234.2789415656009
1786466360,200,POST,/integrations/v2/encounters/update,0.500000,0.000000,157000,159000,161000,161000,170000,170000,170000,170000,170000,170000,170000,907,38,118000,115249.59108845648,305.6318396702409,257814.8887110874,234.2789415656009
1786466360,200,,Aggregated,0.500000,0.000000,157000,159000,161000,161000,170000,170000,170000,170000,170000,170000,170000,907,38,118000,115249.59108845648,305.6318396702409,257814.8887110874,234.2789415656009
1786466361,200,POST,/integrations/v2/encounters/update,0.900000,0.000000,157000,159000,161000,161000,170000,170000,170000,170000,170000,170000,170000,908,38,118000,115256.42422340113,305.6318396702409,257814.8887110874,234.284140969163
1786466361,200,,Aggregated,0.900000,0.000000,157000,159000,161000,161000,170000,170000,170000,170000,170000,170000,170000,908,38,118000,115256.42422340113,305.6318396702409,257814.8887110874,234.284140969163
1786466362,200,POST,/integrations/v2/encounters/update,0.900000,0.000000,157000,159000,161000,161000,170000,170000,170000,170000,170000,170000,170000,908,38,118000,115256.42422340113,305.6318396702409,257814.8887110874,234.284140969163
1786466362,200,,Aggregated,0.900000,0.000000,157000,159000,161000,161000,170000,170000,170000,170000,170000,170000,170000,908,38,118000,115256.42422340113,305.6318396702409,257814.8887110874,234.284140969163
1786466363,200,POST,/integrations/v2/encounters/update,0.900000,0.000000,157000,159000,161000,161000,170000,170000,170000,170000,170000,170000,170000,908,38,118000,115256.42422340113,305.6318396702409,257814.8887110874,234.284140969163
1786466363,200,,Aggregated,0.900000,0.000000,157000,159000,161000,161000,170000,170000,170000,170000,170000,170000,170000,908,38,118000,115256.42422340113,305.6318396702409,257814.8887110874,234.284140969163
1786466364,200,POST,/integrations/v2/encounters/update,0.900000,0.000000,121000,121000,157000,157000,157000,157000,157000,157000,157000,157000,157000,908,38,118000,115256.42422340113,305.6318396702409,257814.8887110874,234.284140969163
1786466364,200,,Aggregated,0.900000,0.000000,121000,121000,157000,157000,157000,157000,157000,157000,157000,157000,157000,908,38,118000,115256.42422340113,305.6318396702409,257814.8887110874,234.284140969163
1786466365,200,POST,/integrations/v2/encounters/update,0.700000,0.000000,126000,126000,157000,157000,157000,157000,157000,157000,157000,157000,157000,909,38,118000,115268.58527415489,305.6318396702409,257814.8887110874,234.28932893289328
1786466365,200,,Aggregated,0.700000,0.000000,126000,126000,157000,157000,157000,157000,157000,157000,157000,157000,157000,909,38,118000,115268.58527415489,305.6318396702409,257814.8887110874,234.28932893289328
1786466366,200,POST,/integrations/v2/encounters/update,0.700000,0.000000,126000,126000,157000,157000,157000,157000,157000,157000,157000,157000,157000,909,38,118000,115268.58527415489,305.6318396702409,257814.8887110874,234.28932893289328
1786466366,200,,Aggregated,0.700000,0.000000,126000,126000,157000,157000,157000,157000,157000,157000,157000,157000,157000,909,38,118000,115268.58527415489,305.6318396702409,257814.8887110874,234.28932893289328
1786466367,200,POST,/integrations/v2/encounters/update,0.700000,0.000000,126000,126000,178000,178000,178000,178000,178000,178000,178000,178000,178000,910,38,118000,115337.81577373792,305.6318396702409,257814.8887110874,234.2945054945055
1786466367,200,,Aggregated,0.700000,0.000000,126000,126000,178000,178000,178000,178000,178000,178000,178000,178000,178000,910,38,118000,115337.81577373792,305.6318396702409,257814.8887110874,234.2945054945055
1786466368,200,POST,/integrations/v2/encounters/update,0.400000,0.000000,135000,135000,178000,178000,178000,178000,178000,178000,178000,178000,178000,911,38,118000,115359.67333185159,305.6318396702409,257814.8887110874,234.29967069154776
1786466368,200,,Aggregated,0.400000,0.000000,135000,135000,178000,178000,178000,178000,178000,178000,178000,178000,178000,911,38,118000,115359.67333185159,305.6318396702409,257814.8887110874,234.29967069154776
1786466369,200,POST,/integrations/v2/encounters/update,0.200000,0.000000,126000,126000,135000,135000,178000,178000,178000,178000,178000,178000,178000,913,38,118000,115369.03839337117,305.6318396702409,257814.8887110874,234.30996714129245
1786466369,200,,Aggregated,0.200000,0.000000,126000,126000,135000,135000,178000,178000,178000,178000,178000,178000,178000,913,38,118000,115369.03839337117,305.6318396702409,257814.8887110874,234.30996714129245
1786466370,200,POST,/integrations/v2/encounters/update,0.300000,0.000000,126000,135000,177000,177000,178000,178000,178000,178000,178000,178000,178000,915,38,118000,115435.46409770814,305.6318396702409,257814.8887110874,234.32021857923496
1786466370,200,,Aggregated,0.300000,0.000000,126000,135000,177000,177000,178000,178000,178000,178000,178000,178000,178000,915,38,118000,115435.46409770814,305.6318396702409,257814.8887110874,234.32021857923496
1786466371,200,POST,/integrations/v2/encounters/update,0.600000,0.000000,126000,126000,135000,177000,178000,178000,178000,178000,178000,178000,178000,916,38,118000,115447.02095228792,305.6318396702409,257814.8887110874,234.32532751091702
1786466371,200,,Aggregated,0.600000,0.000000,126000,126000,135000,177000,178000,178000,178000,178000,178000,178000,178000,916,38,118000,115447.02095228792,305.6318396702409,257814.8887110874,234.32532751091702
1786466372,200,POST,/integrations/v2/encounters/update,0.600000,0.000000,126000,126000,135000,177000,178000,178000,178000,178000,178000,178000,178000,917,38,118000,115442.3954069875,305.6318396702409,257814.8887110874,234.33042529989095
1786466372,200,,Aggregated,0.600000,0.000000,126000,126000,135000,177000,178000,178000,178000,178000,178000,178000,178000,917,38,118000,115442.3954069875,305.6318396702409,257814.8887110874,234.33042529989095
1786466373,200,POST,/integrations/v2/encounters/update,0.800000,0.000000,126000,126000,135000,177000,178000,178000,178000,178000,178000,178000,178000,918,38,118000,115435.81697388817,305.6318396702409,257814.8887110874,234.3355119825708
1786466373,200,,Aggregated,0.800000,0.000000,126000,126000,135000,177000,178000,178000,178000,178000,178000,178000,178000,918,38,118000,115435.81697388817,305.6318396702409,257814.8887110874,234.3355119825708
1786466374,200,POST,/integrations/v2/encounters/update,0.700000,0.000000,126000,126000,135000,135000,177000,178000,178000,178000,178000,178000,178000,919,38,118000,115442.32271052092,305.6318396702409,257814.8887110874,234.34058759521218
1786466374,200,,Aggregated,0.700000,0.000000,126000,126000,135000,135000,177000,178000,178000,178000,178000,178000,178000,919,38,118000,115442.32271052092,305.6318396702409,257814.8887110874,234.34058759521218
1786466375,200,POST,/integrations/v2/encounters/update,0.900000,0.000000,121000,126000,135000,177000,178000,185000,185000,185000,185000,185000,185000,922,38,118000,115509.44085938077,305.6318396702409,257814.8887110874,234.35574837310196
1786466375,200,,Aggregated,0.900000,0.000000,121000,126000,135000,177000,178000,185000,185000,185000,185000,185000,185000,922,38,118000,115509.44085938077,305.6318396702409,257814.8887110874,234.35574837310196
1786466376,200,POST,/integrations/v2/encounters/update,1.000000,0.000000,114000,126000,126000,135000,177000,185000,185000,185000,185000,185000,185000,924,38,118000,115498.16455321242,305.6318396702409,257814.8887110874,234.36688311688312
1786466376,200,,Aggregated,1.000000,0.000000,114000,126000,126000,135000,177000,185000,185000,185000,185000,185000,185000,924,38,118000,115498.16455321242,305.6318396702409,257814.8887110874,234.36688311688312
1786466377,200,POST,/integrations/v2/encounters/update,1.100000,0.000000,114000,121000,126000,177000,182000,185000,185000,185000,185000,185000,185000,926,38,118000,115571.22514442069,305.6318396702409,257814.8887110874,234.37688984881208
1786466377,200,,Aggregated,1.100000,0.000000,114000,121000,126000,177000,182000,185000,185000,185000,185000,185000,185000,926,38,118000,115571.22514442069,305.6318396702409,257814.8887110874,234.37688984881208
1786466378,200,POST,/integrations/v2/encounters/update,1.500000,0.000000,117000,126000,177000,178000,182000,185000,185000,185000,185000,185000,185000,927,38,118000,115638.96529288203,305.6318396702409,257814.8887110874,234.38187702265373
1786466378,200,,Aggregated,1.500000,0.000000,117000,126000,177000,178000,182000,185000,185000,185000,185000,185000,185000,927,38,118000,115638.96529288203,305.6318396702409,257814.8887110874,234.38187702265373
1786466379,200,POST,/integrations/v2/encounters/update,1.500000,0.000000,117000,126000,177000,177000,182000,185000,185000,185000,185000,185000,185000,929,38,118000,115697.77788703443,305.6318396702409,257814.8887110874,234.3918191603875
1786466379,200,,Aggregated,1.500000,0.000000,117000,126000,177000,177000,182000,185000,185000,185000,185000,185000,185000,929,38,118000,115697.77788703443,305.6318396702409,257814.8887110874,234.3918191603875
1786466380,200,POST,/integrations/v2/encounters/update,1.500000,0.000000,117000,126000,173000,178000,182000,185000,185000,185000,185000,185000,185000,929,38,118000,115697.77788703443,305.6318396702409,257814.8887110874,234.3918191603875
1786466380,200,,Aggregated,1.500000,0.000000,117000,126000,173000,178000,182000,185000,185000,185000,185000,185000,185000,929,38,118000,115697.77788703443,305.6318396702409,257814.8887110874,234.3918191603875
1786466381,200,POST,/integrations/v2/encounters/update,1.500000,0.000000,114000,121000,173000,178000,182000,185000,185000,185000,185000,185000,185000,930,38,118000,115696.47317187848,305.6318396702409,257814.8887110874,234.3967741935484
1786466381,200,,Aggregated,1.500000,0.000000,114000,121000,173000,178000,182000,185000,185000,185000,185000,185000,185000,930,38,118000,115696.47317187848,305.6318396702409,257814.8887110874,234.3967741935484
1786466382,200,POST,/integrations/v2/encounters/update,1.500000,0.000000,117000,121000,178000,178000,182000,185000,185000,185000,185000,185000,185000,930,38,118000,115696.47317187848,305.6318396702409,257814.8887110874,234.3967741935484
1786466382,200,,Aggregated,1.500000,0.000000,117000,121000,178000,178000,182000,185000,185000,185000,185000,185000,185000,930,38,118000,115696.47317187848,305.6318396702409,257814.8887110874,234.3967741935484
1786466383,200,POST,/integrations/v2/encounters/update,1.400000,0.000000,117000,173000,182000,182000,185000,186000,186000,186000,186000,186000,186000,931,38,118000,115771.53003034134,305.6318396702409,257814.8887110874,234.4017185821697
1786466383,200,,Aggregated,1.400000,0.000000,117000,173000,182000,182000,185000,186000,186000,186000,186000,186000,186000,931,38,118000,115771.53003034134,305.6318396702409,257814.8887110874,234.4017185821697
1786466384,200,POST,/integrations/v2/encounters/update,1.300000,0.000000,138000,173000,178000,182000,186000,186000,186000,186000,186000,186000,186000,932,38,118000,115795.78912852822,305.6318396702409,257814.8887110874,234.406652360515
1786466384,200,,Aggregated,1.300000,0.000000,138000,173000,178000,182000,186000,186000,186000,186000,186000,186000,186000,932,38,118000,115795.78912852822,305.6318396702409,257814.8887110874,234.406652360515
1786466385,200,POST,/integrations/v2/encounters/update,1.300000,0.000000,177000,178000,182000,184000,186000,186000,186000,186000,186000,186000,186000,934,38,118000,115933.52465292574,305.6318396702409,257814.8887110874,234.41648822269806
1786466385,200,,Aggregated,1.300000,0.000000,177000,178000,182000,184000,186000,186000,186000,186000,186000,186000,186000,934,38,118000,115933.52465292574,305.6318396702409,257814.8887110874,234.41648822269806
1786466386,200,POST,/integrations/v2/encounters/update,1.300000,0.000000,177000,178000,182000,184000,186000,186000,186000,186000,186000,186000,186000,934,38,118000,115933.52465292574,305.6318396702409,257814.8887110874,234.41648822269806
1786466386,200,,Aggregated,1.300000,0.000000,177000,178000,182000,184000,186000,186000,186000,186000,186000,186000,186000,934,38,118000,115933.52465292574,305.6318396702409,257814.8887110874,234.41648822269806
1786466387,200,POST,/integrations/v2/encounters/update,1.200000,0.000000,173000,177000,178000,184000,186000,186000,186000,186000,186000,186000,186000,935,38,118000,115992.61700721455,305.6318396702409,257814.8887110874,234.42139037433154
1786466387,200,,Aggregated,1.200000,0.000000,173000,177000,178000,184000,186000,186000,186000,186000,186000,186000,186000,935,38,118000,115992.61700721455,305.6318396702409,257814.8887110874,234.42139037433154
1786466388,200,POST,/integrations/v2/encounters/update,1.100000,0.000000,173000,177000,178000,184000,186000,186000,186000,186000,186000,186000,186000,936,38,118000,116053.96072475176,305.6318396702409,257814.8887110874,234.42628205128204
1786466388,200,,Aggregated,1.100000,0.000000,173000,177000,178000,184000,186000,186000,186000,186000,186000,186000,186000,936,38,118000,116053.96072475176,305.6318396702409,257814.8887110874,234.42628205128204
1786466389,200,POST,/integrations/v2/encounters/update,1.000000,0.000000,173000,177000,184000,184000,186000,186000,186000,186000,186000,186000,186000,937,38,119000,116108.94144249923,305.6318396702409,257814.8887110874,234.43116328708643
1786466389,200,,Aggregated,1.000000,0.000000,173000,177000,184000,184000,186000,186000,186000,186000,186000,186000,186000,937,38,119000,116108.94144249923,305.6318396702409,257814.8887110874,234.43116328708643
1786466390,200,POST,/integrations/v2/encounters/update,0.900000,0.000000,171000,173000,177000,184000,186000,186000,186000,186000,186000,186000,186000,939,38,119000,116195.41522556936,305.6318396702409,257814.8887110874,234.44089456869008
1786466390,200,,Aggregated,0.900000,0.000000,171000,173000,177000,184000,186000,186000,186000,186000,186000,186000,186000,939,38,119000,116195.41522556936,305.6318396702409,257814.8887110874,234.44089456869008
1786466391,200,POST,/integrations/v2/encounters/update,1.000000,0.000000,168000,173000,177000,177000,184000,186000,186000,186000,186000,186000,186000,941,38,119000,116244.9627579621,305.6318396702409,257814.8887110874,234.45058448459085
1786466391,200,,Aggregated,1.000000,0.000000,168000,173000,177000,177000,184000,186000,186000,186000,186000,186000,186000,941,38,119000,116244.9627579621,305.6318396702409,257814.8887110874,234.45058448459085
1786466392,200,POST,/integrations/v2/encounters/update,0.800000,0.000000,168000,171000,173000,177000,184000,186000,186000,186000,186000,186000,186000,943,38,119000,116307.46115632817,305.6318396702409,257814.8887110874,234.46023329798516
1786466392,200,,Aggregated,0.800000,0.000000,168000,171000,173000,177000,184000,186000,186000,186000,186000,186000,186000,943,38,119000,116307.46115632817,305.6318396702409,257814.8887110874,234.46023329798516
1786466393,200,POST,/integrations/v2/encounters/update,0.800000,0.000000,168000,168000,173000,173000,177000,184000,184000,184000,184000,184000,184000,943,38,119000,116307.46115632817,305.6318396702409,257814.8887110874,234.46023329798516
1786466393,200,,Aggregated,0.800000,0.000000,168000,168000,173000,173000,177000,184000,184000,184000,184000,184000,184000,943,38,119000,116307.46115632817,305.6318396702409,257814.8887110874,234.46023329798516
1786466394,200,POST,/integrations/v2/encounters/update,1.100000,0.000000,168000,168000,173000,173000,177000,178000,178000,178000,178000,178000,178000,945,38,119000,116385.15137284313,305.6318396702409,257814.8887110874,234.46984126984128
1786466394,200,,Aggregated,1.100000,0.000000,168000,168000,173000,173000,177000,178000,178000,178000,178000,178000,178000,945,38,119000,116385.15137284313,305.6318396702409,257814.8887110874,234.46984126984128
1786466395,200,POST,/integrations/v2/encounters/update,1.100000,0.000000,167000,168000,171000,171000,173000,178000,178000,178000,178000,178000,178000,945,38,119000,116385.15137284313,305.6318396702409,257814.8887110874,234.46984126984128
1786466395,200,,Aggregated,1.100000,0.000000,167000,168000,171000,171000,173000,178000,178000,178000,178000,178000,178000,945,38,119000,116385.15137284313,305.6318396702409,257814.8887110874,234.46984126984128
1786466396,200,POST,/integrations/v2/encounters/update,1.200000,0.000000,162000,168000,168000,168000,173000,178000,178000,178000,178000,178000,178000,946,38,119000,116433.52625812127,305.6318396702409,257814.8887110874,234.47463002114165
1786466396,200,,Aggregated,1.200000,0.000000,162000,168000,168000,168000,173000,178000,178000,178000,178000,178000,178000,946,38,119000,116433.52625812127,305.6318396702409,257814.8887110874,234.47463002114165
1786466397,200,POST,/integrations/v2/encounters/update,1.200000,0.000000,162000,166000,167000,168000,168000,178000,178000,178000,178000,178000,178000,949,38,119000,116557.39814347672,305.6318396702409,257814.8887110874,234.48893572181242
1786466397,200,,Aggregated,1.200000,0.000000,162000,166000,167000,168000,168000,178000,178000,178000,178000,178000,178000,949,38,119000,116557.39814347672,305.6318396702409,257814.8887110874,234.48893572181242
1786466398,200,POST,/integrations/v2/encounters/update,1.200000,0.000000,162000,165000,167000,167000,168000,178000,178000,178000,178000,178000,178000,949,38,119000,116557.39814347672,305.6318396702409,257814.8887110874,234.48893572181242
1786466398,200,,Aggregated,1.200000,0.000000,162000,165000,167000,167000,168000,178000,178000,178000,178000,178000,178000,949,38,119000,116557.39814347672,305.6318396702409,257814.8887110874,234.48893572181242
1786466399,200,POST,/integrations/v2/encounters/update,1.200000,0.000000,162000,166000,167000,167000,178000,196000,196000,196000,196000,196000,196000,950,38,119000,116641.06344548408,305.6318396702409,257814.8887110874,234.4936842105263
1786466399,200,,Aggregated,1.200000,0.000000,162000,166000,167000,167000,178000,196000,196000,196000,196000,196000,196000,950,38,119000,116641.06344548408,305.6318396702409,257814.8887110874,234.4936842105263
1786466400,200,POST,/integrations/v2/encounters/update,1.300000,0.000000,162000,166000,167000,167000,178000,196000,196000,196000,196000,196000,196000,952,38,119000,116663.5939633551,305.6318396702409,257814.8887110874,234.5031512605042
1786466400,200,,Aggregated,1.300000,0.000000,162000,166000,167000,167000,178000,196000,196000,196000,196000,196000,196000,952,38,119000,116663.5939633551,305.6318396702409,257814.8887110874,234.5031512605042
1786466401,200,POST,/integrations/v2/encounters/update,1.300000,0.000000,162000,166000,167000,167000,178000,196000,196000,196000,196000,196000,196000,952,38,119000,116663.5939633551,305.6318396702409,257814.8887110874,234.5031512605042
1786466401,200,,Aggregated,1.300000,0.000000,162000,166000,167000,167000,178000,196000,196000,196000,196000,196000,196000,952,38,119000,116663.5939633551,305.6318396702409,257814.8887110874,234.5031512605042
1786466402,200,POST,/integrations/v2/encounters/update,1.200000,0.000000,165000,166000,178000,183000,196000,196000,196000,196000,196000,196000,196000,953,38,119000,116733.17483342717,305.6318396702409,257814.8887110874,234.50786988457503
1786466402,200,,Aggregated,1.200000,0.000000,165000,166000,178000,183000,196000,196000,196000,196000,196000,196000,196000,953,38,119000,116733.17483342717,305.6318396702409,257814.8887110874,234.50786988457503
1786466403,200,POST,/integrations/v2/encounters/update,1.100000,0.000000,165000,165000,178000,178000,183000,196000,196000,196000,196000,196000,196000,955,38,120000,116803.6382385194,305.6318396702409,257814.8887110874,234.51727748691098
1786466403,200,,Aggregated,1.100000,0.000000,165000,165000,178000,178000,183000,196000,196000,196000,196000,196000,196000,955,38,120000,116803.6382385194,305.6318396702409,257814.8887110874,234.51727748691098
1786466404,200,POST,/integrations/v2/encounters/update,1.100000,0.000000,165000,165000,166000,183000,196000,196000,196000,196000,196000,196000,196000,955,38,120000,116803.6382385194,305.6318396702409,257814.8887110874,234.51727748691098
1786466404,200,,Aggregated,1.100000,0.000000,165000,165000,166000,183000,196000,196000,196000,196000,196000,196000,196000,955,38,120000,116803.6382385194,305.6318396702409,257814.8887110874,234.51727748691098
1786466405,200,POST,/integrations/v2/encounters/update,1.100000,0.000000,165000,165000,166000,183000,196000,196000,196000,196000,196000,196000,196000,956,38,120000,116852.19413220939,305.6318396702409,257814.8887110874,234.52196652719664
1786466405,200,,Aggregated,1.100000,0.000000,165000,165000,166000,183000,196000,196000,196000,196000,196000,196000,196000,956,38,120000,116852.19413220939,305.6318396702409,257814.8887110874,234.52196652719664
1786466406,200,POST,/integrations/v2/encounters/update,1.100000,0.000000,165000,166000,183000,183000,196000,196000,196000,196000,196000,196000,196000,956,38,120000,116852.19413220939,305.6318396702409,257814.8887110874,234.52196652719664
1786466406,200,,Aggregated,1.100000,0.000000,165000,166000,183000,183000,196000,196000,196000,196000,196000,196000,196000,956,38,120000,116852.19413220939,305.6318396702409,257814.8887110874,234.52196652719664
1786466407,200,POST,/integrations/v2/encounters/update,1.100000,0.000000,163000,165000,183000,183000,196000,196000,196000,196000,196000,196000,196000,956,38,120000,116852.19413220939,305.6318396702409,257814.8887110874,234.52196652719664
1786466407,200,,Aggregated,1.100000,0.000000,163000,165000,183000,183000,196000,196000,196000,196000,196000,196000,196000,956,38,120000,116852.19413220939,305.6318396702409,257814.8887110874,234.52196652719664
1786466408,200,POST,/integrations/v2/encounters/update,1.000000,0.000000,150000,163000,165000,172000,183000,183000,183000,183000,183000,183000,183000,959,38,120000,116961.80925105163,305.6318396702409,257814.8887110874,234.5359749739312
1786466408,200,,Aggregated,1.000000,0.000000,150000,163000,165000,172000,183000,183000,183000,183000,183000,183000,183000,959,38,120000,116961.80925105163,305.6318396702409,257814.8887110874,234.5359749739312
1786466409,200,POST,/integrations/v2/encounters/update,0.800000,0.000000,150000,165000,166000,166000,172000,183000,183000,183000,183000,183000,183000,962,38,120000,117040.64932787752,305.6318396702409,257814.8887110874,234.54989604989606
1786466409,200,,Aggregated,0.800000,0.000000,150000,165000,166000,166000,172000,183000,183000,183000,183000,183000,183000,962,38,120000,117040.64932787752,305.6318396702409,257814.8887110874,234.54989604989606
1786466410,200,POST,/integrations/v2/encounters/update,0.800000,0.000000,150000,165000,166000,166000,172000,183000,183000,183000,183000,183000,183000,962,38,120000,117040.64932787752,305.6318396702409,257814.8887110874,234.54989604989606
1786466410,200,,Aggregated,0.800000,0.000000,150000,165000,166000,166000,172000,183000,183000,183000,183000,183000,183000,962,38,120000,117040.64932787752,305.6318396702409,257814.8887110874,234.54989604989606
1786466411,200,POST,/integrations/v2/encounters/update,0.900000,0.000000,150000,165000,166000,166000,172000,183000,183000,183000,183000,183000,183000,963,38,120000,117053.03306182081,305.6318396702409,257814.8887110874,234.55451713395638
1786466411,200,,Aggregated,0.900000,0.000000,150000,165000,166000,166000,172000,183000,183000,183000,183000,183000,183000,963,38,120000,117053.03306182081,305.6318396702409,257814.8887110874,234.55451713395638
1786466412,200,POST,/integrations/v2/encounters/update,0.900000,0.000000,136000,150000,163000,166000,172000,172000,172000,172000,172000,172000,172000,963,38,120000,117053.03306182081,305.6318396702409,257814.8887110874,234.55451713395638
1786466412,200,,Aggregated,0.900000,0.000000,136000,150000,163000,166000,172000,172000,172000,172000,172000,172000,172000,963,38,120000,117053.03306182081,305.6318396702409,257814.8887110874,234.55451713395638
1786466413,200,POST,/integrations/v2/encounters/update,1.100000,0.000000,140000,150000,163000,166000,172000,172000,172000,172000,172000,172000,172000,964,38,120000,117076.33529722613,305.6318396702409,257814.8887110874,234.5591286307054
1786466413,200,,Aggregated,1.100000,0.000000,140000,150000,163000,166000,172000,172000,172000,172000,172000,172000,172000,964,38,120000,117076.33529722613,305.6318396702409,257814.8887110874,234.5591286307054
1786466414,200,POST,/integrations/v2/encounters/update,1.100000,0.000000,140000,150000,163000,166000,172000,172000,172000,172000,172000,172000,172000,964,38,120000,117076.33529722613,305.6318396702409,257814.8887110874,234.5591286307054
1786466414,200,,Aggregated,1.100000,0.000000,140000,150000,163000,166000,172000,172000,172000,172000,172000,172000,172000,964,38,120000,117076.33529722613,305.6318396702409,257814.8887110874,234.5591286307054
1786466415,200,POST,/integrations/v2/encounters/update,1.000000,0.000000,150000,163000,166000,172000,186000,186000,186000,186000,186000,186000,186000,965,38,120000,117148.23625008322,305.6318396702409,257814.8887110874,234.56373056994818
1786466415,200,,Aggregated,1.000000,0.000000,150000,163000,166000,172000,186000,186000,186000,186000,186000,186000,186000,965,38,120000,117148.23625008322,305.6318396702409,257814.8887110874,234.56373056994818
1786466416,200,POST,/integrations/v2/encounters/update,1.000000,0.000000,140000,150000,166000,172000,186000,186000,186000,186000,186000,186000,186000,965,38,120000,117148.23625008322,305.6318396702409,257814.8887110874,234.56373056994818
1786466416,200,,Aggregated,1.000000,0.000000,140000,150000,166000,172000,186000,186000,186000,186000,186000,186000,186000,965,38,120000,117148.23625008322,305.6318396702409,257814.8887110874,234.56373056994818
1786466417,200,POST,/integrations/v2/encounters/update,0.900000,0.000000,140000,151000,166000,166000,186000,186000,186000,186000,186000,186000,186000,966,38,120000,117183.60443096659,305.6318396702409,257814.8887110874,234.56832298136646
1786466417,200,,Aggregated,0.900000,0.000000,140000,151000,166000,166000,186000,186000,186000,186000,186000,186000,186000,966,38,120000,117183.60443096659,305.6318396702409,257814.8887110874,234.56832298136646
1786466418,200,POST,/integrations/v2/encounters/update,0.900000,0.000000,141000,141000,151000,151000,186000,186000,186000,186000,186000,186000,186000,967,38,120000,117208.1499869841,305.6318396702409,257814.8887110874,234.57290589451912
1786466418,200,,Aggregated,0.900000,0.000000,141000,141000,151000,151000,186000,186000,186000,186000,186000,186000,186000,967,38,120000,117208.1499869841,305.6318396702409,257814.8887110874,234.57290589451912
1786466419,200,POST,/integrations/v2/encounters/update,1.000000,0.000000,141000,141000,151000,151000,186000,186000,186000,186000,186000,186000,186000,968,38,120000,117226.38658570015,305.6318396702409,257814.8887110874,234.57747933884298
1786466419,200,,Aggregated,1.000000,0.000000,141000,141000,151000,151000,186000,186000,186000,186000,186000,186000,186000,968,38,120000,117226.38658570015,305.6318396702409,257814.8887110874,234.57747933884298
1786466420,200,POST,/integrations/v2/encounters/update,1.000000,0.000000,141000,141000,151000,151000,186000,186000,186000,186000,186000,186000,186000,968,38,120000,117226.38658570015,305.6318396702409,257814.8887110874,234.57747933884298
1786466420,200,,Aggregated,1.000000,0.000000,141000,141000,151000,151000,186000,186000,186000,186000,186000,186000,186000,968,38,120000,117226.38658570015,305.6318396702409,257814.8887110874,234.57747933884298
1786466421,200,POST,/integrations/v2/encounters/update,0.600000,0.000000,151000,174000,176000,176000,186000,186000,186000,186000,186000,186000,186000,970,38,120000,117345.10561512201,305.6318396702409,257814.8887110874,234.58659793814434
1786466421,200,,Aggregated,0.600000,0.000000,151000,174000,176000,176000,186000,186000,186000,186000,186000,186000,186000,970,38,120000,117345.10561512201,305.6318396702409,257814.8887110874,234.58659793814434
1786466422,200,POST,/integrations/v2/encounters/update,0.600000,0.000000,151000,174000,176000,176000,186000,186000,186000,186000,186000,186000,186000,971,38,120000,117379.26414575783,305.6318396702409,257814.8887110874,234.59114315139033
1786466422,200,,Aggregated,0.600000,0.000000,151000,174000,176000,176000,186000,186000,186000,186000,186000,186000,186000,971,38,120000,117379.26414575783,305.6318396702409,257814.8887110874,234.59114315139033
1786466423,200,POST,/integrations/v2/encounters/update,0.600000,0.000000,151000,151000,174000,176000,186000,186000,186000,186000,186000,186000,186000,973,38,120000,117425.2577224855,305.6318396702409,257814.8887110874,234.60020554984584
1786466423,200,,Aggregated,0.600000,0.000000,151000,151000,174000,176000,186000,186000,186000,186000,186000,186000,186000,973,38,120000,117425.2577224855,305.6318396702409,257814.8887110874,234.60020554984584
1786466424,200,POST,/integrations/v2/encounters/update,0.600000,0.000000,151000,151000,174000,176000,186000,186000,186000,186000,186000,186000,186000,973,38,120000,117425.2577224855,305.6318396702409,257814.8887110874,234.60020554984584
1786466424,200,,Aggregated,0.600000,0.000000,151000,151000,174000,176000,186000,186000,186000,186000,186000,186000,186000,973,38,120000,117425.2577224855,305.6318396702409,257814.8887110874,234.60020554984584
1786466425,200,POST,/integrations/v2/encounters/update,0.800000,0.000000,151000,151000,155000,174000,176000,176000,176000,176000,176000,176000,176000,974,38,120000,117463.56404909889,305.6318396702409,257814.8887110874,234.60472279260782
1786466425,200,,Aggregated,0.800000,0.000000,151000,151000,155000,174000,176000,176000,176000,176000,176000,176000,176000,974,38,120000,117463.56404909889,305.6318396702409,257814.8887110874,234.60472279260782
1786466426,200,POST,/integrations/v2/encounters/update,0.900000,0.000000,141000,151000,155000,155000,174000,176000,176000,176000,176000,176000,176000,976,38,120000,117511.50313487623,305.6318396702409,257814.8887110874,234.6137295081967
1786466426,200,,Aggregated,0.900000,0.000000,141000,151000,155000,155000,174000,176000,176000,176000,176000,176000,176000,976,38,120000,117511.50313487623,305.6318396702409,257814.8887110874,234.6137295081967
1786466427,200,POST,/integrations/v2/encounters/update,0.900000,0.000000,141000,141000,155000,155000,174000,176000,176000,176000,176000,176000,176000,978,38,120000,117555.83567924026,305.6318396702409,257814.8887110874,234.6237218813906
1786466427,200,,Aggregated,0.900000,0.000000,141000,141000,155000,155000,174000,176000,176000,176000,176000,176000,176000,978,38,120000,117555.83567924026,305.6318396702409,257814.8887110874,234.6237218813906
1786466428,200,POST,/integrations/v2/encounters/update,1.000000,0.000000,141000,151000,155000,174000,176000,193000,193000,193000,193000,193000,193000,981,38,120000,117680.6446153256,305.6318396702409,257814.8887110874,234.63710499490315
1786466428,200,,Aggregated,1.000000,0.000000,141000,151000,155000,174000,176000,193000,193000,193000,193000,193000,193000,981,38,120000,117680.6446153256,305.6318396702409,257814.8887110874,234.63710499490315
1786466429,200,POST,/integrations/v2/encounters/update,1.000000,0.000000,141000,151000,155000,174000,176000,193000,193000,193000,193000,193000,193000,981,38,120000,117680.6446153256,305.6318396702409,257814.8887110874,234.63710499490315
1786466429,200,,Aggregated,1.000000,0.000000,141000,151000,155000,174000,176000,193000,193000,193000,193000,193000,193000,981,38,120000,117680.6446153256,305.6318396702409,257814.8887110874,234.63710499490315
1786466430,200,POST,/integrations/v2/encounters/update,1.000000,0.000000,141000,141000,155000,155000,174000,193000,193000,193000,193000,193000,193000,981,38,120000,117680.6446153256,305.6318396702409,257814.8887110874,234.63710499490315
1786466430,200,,Aggregated,1.000000,0.000000,141000,141000,155000,155000,174000,193000,193000,193000,193000,193000,193000,981,38,120000,117680.6446153256,305.6318396702409,257814.8887110874,234.63710499490315
1786466431,200,POST,/integrations/v2/encounters/update,1.400000,0.000000,141000,141000,155000,155000,188000,193000,193000,193000,193000,193000,193000,982,38,120000,117752.72376621875,305.6318396702409,257814.8887110874,234.64154786150712
1786466431,200,,Aggregated,1.400000,0.000000,141000,141000,155000,155000,188000,193000,193000,193000,193000,193000,193000,982,38,120000,117752.72376621875,305.6318396702409,257814.8887110874,234.64154786150712
1786466432,200,POST,/integrations/v2/encounters/update,1.300000,0.000000,141000,155000,178000,178000,188000,193000,193000,193000,193000,193000,193000,983,38,120000,117814.40338127552,305.6318396702409,257814.8887110874,234.64598168870805
1786466432,200,,Aggregated,1.300000,0.000000,141000,155000,178000,178000,188000,193000,193000,193000,193000,193000,193000,983,38,120000,117814.40338127552,305.6318396702409,257814.8887110874,234.64598168870805
1786466433,200,POST,/integrations/v2/encounters/update,1.200000,0.000000,143000,174000,178000,178000,188000,193000,193000,193000,193000,193000,193000,986,38,121000,117957.53237270551,305.6318396702409,257814.8887110874,234.65922920892496
1786466433,200,,Aggregated,1.200000,0.000000,143000,174000,178000,178000,188000,193000,193000,193000,193000,193000,193000,986,38,121000,117957.53237270551,305.6318396702409,257814.8887110874,234.65922920892496
1786466434,200,POST,/integrations/v2/encounters/update,1.200000,0.000000,143000,174000,178000,178000,188000,193000,193000,193000,193000,193000,193000,986,38,121000,117957.53237270551,305.6318396702409,257814.8887110874,234.65922920892496
1786466434,200,,Aggregated,1.200000,0.000000,143000,174000,178000,178000,188000,193000,193000,193000,193000,193000,193000,986,38,121000,117957.53237270551,305.6318396702409,257814.8887110874,234.65922920892496
1786466435,200,POST,/integrations/v2/encounters/update,1.100000,0.000000,174000,176000,178000,178000,188000,193000,193000,193000,193000,193000,193000,987,38,121000,118016.8006231117,305.6318396702409,257814.8887110874,234.66362715298885
1786466435,200,,Aggregated,1.100000,0.000000,174000,176000,178000,178000,188000,193000,193000,193000,193000,193000,193000,987,38,121000,118016.8006231117,305.6318396702409,257814.8887110874,234.66362715298885
1786466436,200,POST,/integrations/v2/encounters/update,1.300000,0.000000,174000,178000,178000,178000,188000,193000,193000,193000,193000,193000,193000,988,38,121000,118072.66425785645,305.6318396702409,257814.8887110874,234.66801619433198
1786466436,200,,Aggregated,1.300000,0.000000,174000,178000,178000,178000,188000,193000,193000,193000,193000,193000,193000,988,38,121000,118072.66425785645,305.6318396702409,257814.8887110874,234.66801619433198
1786466437,200,POST,/integrations/v2/encounters/update,1.300000,0.000000,176000,178000,178000,188000,193000,193000,193000,193000,193000,193000,193000,989,38,121000,118107.52262998598,305.6318396702409,257814.8887110874,234.67239635995955
1786466437,200,,Aggregated,1.300000,0.000000,176000,178000,178000,188000,193000,193000,193000,193000,193000,193000,193000,989,38,121000,118107.52262998598,305.6318396702409,257814.8887110874,234.67239635995955
1786466438,200,POST,/integrations/v2/encounters/update,1.300000,0.000000,176000,178000,178000,188000,193000,193000,193000,193000,193000,193000,193000,989,38,121000,118107.52262998598,305.6318396702409,257814.8887110874,234.67239635995955
1786466438,200,,Aggregated,1.300000,0.000000,176000,178000,178000,188000,193000,193000,193000,193000,193000,193000,193000,989,38,121000,118107.52262998598,305.6318396702409,257814.8887110874,234.67239635995955
1786466439,200,POST,/integrations/v2/encounters/update,1.200000,0.000000,174000,176000,178000,178000,178000,188000,188000,188000,188000,188000,188000,992,38,121000,118243.06008594517,305.6318396702409,257814.8887110874,234.68548387096774
1786466439,200,,Aggregated,1.200000,0.000000,174000,176000,178000,178000,178000,188000,188000,188000,188000,188000,188000,992,38,121000,118243.06008594517,305.6318396702409,257814.8887110874,234.68548387096774
1786466440,200,POST,/integrations/v2/encounters/update,1.200000,0.000000,174000,176000,178000,178000,178000,188000,188000,188000,188000,188000,188000,992,38,121000,118243.06008594517,305.6318396702409,257814.8887110874,234.68548387096774
1786466440,200,,Aggregated,1.200000,0.000000,174000,176000,178000,178000,178000,188000,188000,188000,188000,188000,188000,992,38,121000,118243.06008594517,305.6318396702409,257814.8887110874,234.68548387096774
1786466441,200,POST,/integrations/v2/encounters/update,1.200000,0.000000,174000,175000,176000,178000,178000,178000,178000,178000,178000,178000,178000,992,38,121000,118243.06008594517,305.6318396702409,257814.8887110874,234.68548387096774
1786466441,200,,Aggregated,1.200000,0.000000,174000,175000,176000,178000,178000,178000,178000,178000,178000,178000,178000,992,38,121000,118243.06008594517,305.6318396702409,257814.8887110874,234.68548387096774
1786466442,200,POST,/integrations/v2/encounters/update,0.900000,0.000000,174000,174000,175000,176000,176000,176000,176000,176000,176000,176000,176000,993,38,121000,118301.41143540587,305.6318396702409,257814.8887110874,234.68982880161127
1786466442,200,,Aggregated,0.900000,0.000000,174000,174000,175000,176000,176000,176000,176000,176000,176000,176000,176000,993,38,121000,118301.41143540587,305.6318396702409,257814.8887110874,234.68982880161127
1786466443,200,POST,/integrations/v2/encounters/update,1.100000,0.000000,175000,176000,176000,176000,177000,177000,177000,177000,177000,177000,177000,994,38,121000,118360.2420637391,305.6318396702409,257814.8887110874,234.69416498993965
1786466443,200,,Aggregated,1.100000,0.000000,175000,176000,176000,176000,177000,177000,177000,177000,177000,177000,177000,994,38,121000,118360.2420637391,305.6318396702409,257814.8887110874,234.69416498993965
1786466444,200,POST,/integrations/v2/encounters/update,1.100000,0.000000,175000,176000,176000,176000,177000,177000,177000,177000,177000,177000,177000,994,38,121000,118360.2420637391,305.6318396702409,257814.8887110874,234.69416498993965
1786466444,200,,Aggregated,1.100000,0.000000,175000,176000,176000,176000,177000,177000,177000,177000,177000,177000,177000,994,38,121000,118360.2420637391,305.6318396702409,257814.8887110874,234.69416498993965
1786466445,200,POST,/integrations/v2/encounters/update,0.900000,0.000000,174000,175000,176000,176000,177000,177000,177000,177000,177000,177000,177000,995,38,121000,118408.0112566031,305.6318396702409,257814.8887110874,234.69849246231155
1786466445,200,,Aggregated,0.900000,0.000000,174000,175000,176000,176000,177000,177000,177000,177000,177000,177000,177000,995,38,121000,118408.0112566031,305.6318396702409,257814.8887110874,234.69849246231155
1786466446,200,POST,/integrations/v2/encounters/update,0.900000,0.000000,174000,175000,176000,176000,177000,177000,177000,177000,177000,177000,177000,995,38,121000,118408.0112566031,305.6318396702409,257814.8887110874,234.69849246231155
1786466446,200,,Aggregated,0.900000,0.000000,174000,175000,176000,176000,177000,177000,177000,177000,177000,177000,177000,995,38,121000,118408.0112566031,305.6318396702409,257814.8887110874,234.69849246231155
1786466447,200,POST,/integrations/v2/encounters/update,0.700000,0.000000,174000,175000,176000,176000,177000,177000,177000,177000,177000,177000,177000,997,38,121000,118465.73062033809,305.6318396702409,257814.8887110874,234.70712136409227
1786466447,200,,Aggregated,0.700000,0.000000,174000,175000,176000,176000,177000,177000,177000,177000,177000,177000,177000,997,38,121000,118465.73062033809,305.6318396702409,257814.8887110874,234.70712136409227
1786466448,200,POST,/integrations/v2/encounters/update,0.700000,0.000000,174000,175000,176000,176000,177000,177000,177000,177000,177000,177000,177000,997,38,121000,118465.73062033809,305.6318396702409,257814.8887110874,234.70712136409227
1786466448,200,,Aggregated,0.700000,0.000000,174000,175000,176000,176000,177000,177000,177000,177000,177000,177000,177000,997,38,121000,118465.73062033809,305.6318396702409,257814.8887110874,234.70712136409227
1786466449,200,POST,/integrations/v2/encounters/update,0.700000,0.000000,175000,176000,177000,177000,183000,183000,183000,183000,183000,183000,183000,998,38,121000,118530.64627060681,305.6318396702409,257814.8887110874,234.71142284569137
1786466449,200,,Aggregated,0.700000,0.000000,175000,176000,177000,177000,183000,183000,183000,183000,183000,183000,183000,998,38,121000,118530.64627060681,305.6318396702409,257814.8887110874,234.71142284569137
1786466450,200,POST,/integrations/v2/encounters/update,0.800000,0.000000,166000,176000,177000,177000,183000,183000,183000,183000,183000,183000,183000,999,38,121000,118561.8897528651,305.6318396702409,257814.8887110874,234.7157157157157
1786466450,200,,Aggregated,0.800000,0.000000,166000,176000,177000,177000,183000,183000,183000,183000,183000,183000,183000,999,38,121000,118561.8897528651,305.6318396702409,257814.8887110874,234.7157157157157
1786466451,200,POST,/integrations/v2/encounters/update,0.700000,0.000000,166000,176000,177000,183000,208000,208000,208000,208000,208000,208000,208000,1001,38,122000,118676.7457011869,305.6318396702409,257814.8887110874,234.7242757242757
1786466451,200,,Aggregated,0.700000,0.000000,166000,176000,177000,183000,208000,208000,208000,208000,208000,208000,208000,1001,38,122000,118676.7457011869,305.6318396702409,257814.8887110874,234.7242757242757
1786466452,200,POST,/integrations/v2/encounters/update,0.600000,0.000000,177000,180000,182000,182000,183000,208000,208000,208000,208000,208000,208000,1005,38,122000,118913.06662998868,305.6318396702409,257814.8887110874,234.74129353233832
1786466452,200,,Aggregated,0.600000,0.000000,177000,180000,182000,182000,183000,208000,208000,208000,208000,208000,208000,1005,38,122000,118913.06662998868,305.6318396702409,257814.8887110874,234.74129353233832
1786466453,200,POST,/integrations/v2/encounters/update,0.700000,0.000000,169000,180000,181000,182000,183000,208000,208000,208000,208000,208000,208000,1007,38,122000,118959.20692672534,305.6318396702409,257814.8887110874,234.74975173783514
1786466453,200,,Aggregated,0.700000,0.000000,169000,180000,181000,182000,183000,208000,208000,208000,208000,208000,208000,1007,38,122000,118959.20692672534,305.6318396702409,257814.8887110874,234.74975173783514
1786466454,200,POST,/integrations/v2/encounters/update,0.800000,0.000000,169000,181000,182000,183000,183000,208000,208000,208000,208000,208000,208000,1008,38,122000,119022.72467842039,305.6318396702409,257814.8887110874,234.75396825396825
1786466454,200,,Aggregated,0.800000,0.000000,169000,181000,182000,183000,183000,208000,208000,208000,208000,208000,208000,1008,38,122000,119022.72467842039,305.6318396702409,257814.8887110874,234.75396825396825
1786466455,200,POST,/integrations/v2/encounters/update,1.200000,0.000000,169000,181000,182000,183000,183000,208000,208000,208000,208000,208000,208000,1009,38,122000,119066.99076811159,305.6318396702409,257814.8887110874,234.7581764122894
1786466455,200,,Aggregated,1.200000,0.000000,169000,181000,182000,183000,183000,208000,208000,208000,208000,208000,208000,1009,38,122000,119066.99076811159,305.6318396702409,257814.8887110874,234.7581764122894
1786466456,200,POST,/integrations/v2/encounters/update,1.300000,0.000000,169000,181000,182000,183000,183000,208000,208000,208000,208000,208000,208000,1010,38,122000,119116.12705018869,305.6318396702409,257814.8887110874,234.76237623762376
1786466456,200,,Aggregated,1.300000,0.000000,169000,181000,182000,183000,183000,208000,208000,208000,208000,208000,208000,1010,38,122000,119116.12705018869,305.6318396702409,257814.8887110874,234.76237623762376
1786466457,200,POST,/integrations/v2/encounters/update,1.400000,0.000000,169000,180000,182000,182000,183000,208000,208000,208000,208000,208000,208000,1012,38,122000,119170.95071651341,305.6318396702409,257814.8887110874,234.77075098814228
1786466457,200,,Aggregated,1.400000,0.000000,169000,180000,182000,182000,183000,208000,208000,208000,208000,208000,208000,1012,38,122000,119170.95071651341,305.6318396702409,257814.8887110874,234.77075098814228
1786466458,200,POST,/integrations/v2/encounters/update,1.400000,0.000000,169000,180000,182000,182000,183000,208000,208000,208000,208000,208000,208000,1013,38,122000,119195.99235802078,305.6318396702409,257814.8887110874,234.77492596248766
1786466458,200,,Aggregated,1.400000,0.000000,169000,180000,182000,182000,183000,208000,208000,208000,208000,208000,208000,1013,38,122000,119195.99235802078,305.6318396702409,257814.8887110874,234.77492596248766
1786466459,200,POST,/integrations/v2/encounters/update,1.400000,0.000000,169000,180000,182000,182000,193000,208000,208000,208000,208000,208000,208000,1014,38,122000,119268.75454670156,305.6318396702409,257814.8887110874,234.77909270216963
1786466459,200,,Aggregated,1.400000,0.000000,169000,180000,182000,182000,193000,208000,208000,208000,208000,208000,208000,1014,38,122000,119268.75454670156,305.6318396702409,257814.8887110874,234.77909270216963
1786466460,200,POST,/integrations/v2/encounters/update,1.600000,0.000000,169000,180000,182000,182000,193000,208000,208000,208000,208000,208000,208000,1015,38,122000,119291.12221310071,305.6318396702409,257814.8887110874,234.7832512315271
1786466460,200,,Aggregated,1.600000,0.000000,169000,180000,182000,182000,193000,208000,208000,208000,208000,208000,208000,1015,38,122000,119291.12221310071,305.6318396702409,257814.8887110874,234.7832512315271
1786466461,200,POST,/integrations/v2/encounters/update,1.600000,0.000000,164000,169000,181000,181000,183000,193000,193000,193000,193000,193000,193000,1017,38,122000,119340.08382270159,305.6318396702409,257814.8887110874,234.79154375614553
1786466461,200,,Aggregated,1.600000,0.000000,164000,169000,181000,181000,183000,193000,193000,193000,193000,193000,193000,1017,38,122000,119340.08382270159,305.6318396702409,257814.8887110874,234.79154375614553
1786466462,200,POST,/integrations/v2/encounters/update,1.600000,0.000000,145000,153000,164000,169000,183000,193000,193000,193000,193000,193000,193000,1018,38,122000,119364.06864335758,305.6318396702409,257814.8887110874,234.79567779960706
1786466462,200,,Aggregated,1.600000,0.000000,145000,153000,164000,169000,183000,193000,193000,193000,193000,193000,193000,1018,38,122000,119364.06864335758,305.6318396702409,257814.8887110874,234.79567779960706
1786466463,200,POST,/integrations/v2/encounters/update,1.600000,0.000000,153000,164000,183000,183000,193000,198000,198000,198000,198000,198000,198000,1019,38,123000,119441.05585579715,305.6318396702409,257814.8887110874,234.79980372914622
1786466463,200,,Aggregated,1.600000,0.000000,153000,164000,183000,183000,193000,198000,198000,198000,198000,198000,198000,1019,38,123000,119441.05585579715,305.6318396702409,257814.8887110874,234.79980372914622
1786466464,200,POST,/integrations/v2/encounters/update,1.600000,0.000000,147000,164000,169000,169000,193000,198000,198000,198000,198000,198000,198000,1019,38,123000,119441.05585579715,305.6318396702409,257814.8887110874,234.79980372914622
1786466464,200,,Aggregated,1.600000,0.000000,147000,164000,169000,169000,193000,198000,198000,198000,198000,198000,198000,1019,38,123000,119441.05585579715,305.6318396702409,257814.8887110874,234.79980372914622
1786466465,200,POST,/integrations/v2/encounters/update,1.600000,0.000000,147000,153000,169000,193000,198000,198000,198000,198000,198000,198000,198000,1019,38,123000,119441.05585579715,305.6318396702409,257814.8887110874,234.79980372914622
1786466465,200,,Aggregated,1.600000,0.000000,147000,153000,169000,193000,198000,198000,198000,198000,198000,198000,198000,1019,38,123000,119441.05585579715,305.6318396702409,257814.8887110874,234.79980372914622
1786466466,200,POST,/integrations/v2/encounters/update,1.600000,0.000000,145000,147000,153000,193000,198000,198000,198000,198000,198000,198000,198000,1019,38,123000,119441.05585579715,305.6318396702409,257814.8887110874,234.79980372914622
1786466466,200,,Aggregated,1.600000,0.000000,145000,147000,153000,193000,198000,198000,198000,198000,198000,198000,198000,1019,38,123000,119441.05585579715,305.6318396702409,257814.8887110874,234.79980372914622
1786466467,200,POST,/integrations/v2/encounters/update,1.100000,0.000000,147000,186000,193000,193000,198000,199000,199000,199000,199000,199000,199000,1021,38,123000,119584.55216844316,305.6318396702409,257814.8887110874,234.80803134182173
1786466467,200,,Aggregated,1.100000,0.000000,147000,186000,193000,193000,198000,199000,199000,199000,199000,199000,199000,1021,38,123000,119584.55216844316,305.6318396702409,257814.8887110874,234.80803134182173
1786466468,200,POST,/integrations/v2/encounters/update,1.100000,0.000000,186000,193000,198000,198000,199000,199000,199000,199000,199000,199000,199000,1021,38,123000,119584.55216844316,305.6318396702409,257814.8887110874,234.80803134182173
1786466468,200,,Aggregated,1.100000,0.000000,186000,193000,198000,198000,199000,199000,199000,199000,199000,199000,199000,1021,38,123000,119584.55216844316,305.6318396702409,257814.8887110874,234.80803134182173
1786466469,200,POST,/integrations/v2/encounters/update,0.900000,0.000000,154000,186000,198000,198000,199000,199000,199000,199000,199000,199000,199000,1022,38,123000,119617.94213472144,305.6318396702409,257814.8887110874,234.81213307240705
1786466469,200,,Aggregated,0.900000,0.000000,154000,186000,198000,198000,199000,199000,199000,199000,199000,199000,199000,1022,38,123000,119617.94213472144,305.6318396702409,257814.8887110874,234.81213307240705
1786466470,200,POST,/integrations/v2/encounters/update,0.900000,0.000000,154000,186000,198000,198000,199000,199000,199000,199000,199000,199000,199000,1022,38,123000,119617.94213472144,305.6318396702409,257814.8887110874,234.81213307240705
1786466470,200,,Aggregated,0.900000,0.000000,154000,186000,198000,198000,199000,199000,199000,199000,199000,199000,199000,1022,38,123000,119617.94213472144,305.6318396702409,257814.8887110874,234.81213307240705
1786466471,200,POST,/integrations/v2/encounters/update,0.800000,0.000000,190000,198000,199000,199000,199000,199000,199000,199000,199000,199000,199000,1025,38,123000,119792.24542099732,305.6318396702409,257814.8887110874,234.82439024390243
1786466471,200,,Aggregated,0.800000,0.000000,190000,198000,199000,199000,199000,199000,199000,199000,199000,199000,199000,1025,38,123000,119792.24542099732,305.6318396702409,257814.8887110874,234.82439024390243
1786466472,200,POST,/integrations/v2/encounters/update,0.800000,0.000000,190000,196000,198000,199000,199000,199000,199000,199000,199000,199000,199000,1028,38,123000,119999.65823897824,305.6318396702409,257814.8887110874,234.83657587548637
1786466472,200,,Aggregated,0.800000,0.000000,190000,196000,198000,199000,199000,199000,199000,199000,199000,199000,199000,1028,38,123000,119999.65823897824,305.6318396702409,257814.8887110874,234.83657587548637
1786466473,200,POST,/integrations/v2/encounters/update,0.700000,0.000000,190000,190000,198000,198000,199000,199000,199000,199000,199000,199000,199000,1030,38,123000,120134.30695438563,305.6318396702409,257814.8887110874,234.84466019417476
1786466473,200,,Aggregated,0.700000,0.000000,190000,190000,198000,198000,199000,199000,199000,199000,199000,199000,199000,1030,38,123000,120134.30695438563,305.6318396702409,257814.8887110874,234.84466019417476
1786466474,200,POST,/integrations/v2/encounters/update,0.900000,0.000000,189000,190000,196000,198000,199000,199000,199000,199000,199000,199000,199000,1032,38,123000,120266.53170940766,305.6318396702409,257814.8887110874,234.85271317829458
1786466474,200,,Aggregated,0.900000,0.000000,189000,190000,196000,198000,199000,199000,199000,199000,199000,199000,199000,1032,38,123000,120266.53170940766,305.6318396702409,257814.8887110874,234.85271317829458
1786466475,200,POST,/integrations/v2/encounters/update,0.900000,0.000000,189000,190000,190000,196000,199000,199000,199000,199000,199000,199000,199000,1032,38,123000,120266.53170940766,305.6318396702409,257814.8887110874,234.85271317829458
1786466475,200,,Aggregated,0.900000,0.000000,189000,190000,190000,196000,199000,199000,199000,199000,199000,199000,199000,1032,38,123000,120266.53170940766,305.6318396702409,257814.8887110874,234.85271317829458
1786466476,200,POST,/integrations/v2/encounters/update,1.100000,0.000000,189000,190000,196000,199000,199000,200000,200000,200000,200000,200000,200000,1034,38,123000,120412.13513264272,305.6318396702409,257814.8887110874,234.86073500967117
1786466476,200,,Aggregated,1.100000,0.000000,189000,190000,196000,199000,199000,200000,200000,200000,200000,200000,200000,1034,38,123000,120412.13513264272,305.6318396702409,257814.8887110874,234.86073500967117
1786466477,200,POST,/integrations/v2/encounters/update,1.300000,0.000000,189000,190000,196000,196000,199000,200000,200000,200000,200000,200000,200000,1035,38,123000,120476.83302980785,305.6318396702409,257814.8887110874,234.8647342995169
1786466477,200,,Aggregated,1.300000,0.000000,189000,190000,196000,196000,199000,200000,200000,200000,200000,200000,200000,1035,38,123000,120476.83302980785,305.6318396702409,257814.8887110874,234.8647342995169
1786466478,200,POST,/integrations/v2/encounters/update,1.300000,0.000000,189000,190000,191000,196000,199000,200000,200000,200000,200000,200000,200000,1035,38,123000,120476.83302980785,305.6318396702409,257814.8887110874,234.8647342995169
1786466478,200,,Aggregated,1.300000,0.000000,189000,190000,191000,196000,199000,200000,200000,200000,200000,200000,200000,1035,38,123000,120476.83302980785,305.6318396702409,257814.8887110874,234.8647342995169
1786466479,200,POST,/integrations/v2/encounters/update,1.500000,0.000000,189000,190000,191000,191000,199000,200000,200000,200000,200000,200000,200000,1038,38,123000,120644.24812365507,305.6318396702409,257814.8887110874,234.87668593448942
1786466479,200,,Aggregated,1.500000,0.000000,189000,190000,191000,191000,199000,200000,200000,200000,200000,200000,200000,1038,38,123000,120644.24812365507,305.6318396702409,257814.8887110874,234.87668593448942
1786466480,200,POST,/integrations/v2/encounters/update,1.400000,0.000000,189000,190000,191000,191000,199000,200000,200000,200000,200000,200000,200000,1039,38,123000,120673.18764772142,305.6318396702409,257814.8887110874,234.88065447545716
1786466480,200,,Aggregated,1.400000,0.000000,189000,190000,191000,191000,199000,200000,200000,200000,200000,200000,200000,1039,38,123000,120673.18764772142,305.6318396702409,257814.8887110874,234.88065447545716
1786466482,200,POST,/integrations/v2/encounters/update,1.500000,0.000000,189000,189000,191000,191000,191000,200000,200000,200000,200000,200000,200000,1040,38,123000,120700.88836712821,305.6318396702409,257814.8887110874,234.8846153846154
1786466482,200,,Aggregated,1.500000,0.000000,189000,189000,191000,191000,191000,200000,200000,200000,200000,200000,200000,1040,38,123000,120700.88836712821,305.6318396702409,257814.8887110874,234.8846153846154
1786466483,200,POST,/integrations/v2/encounters/update,1.500000,0.000000,188000,189000,191000,191000,200000,200000,200000,200000,200000,200000,200000,1040,38,123000,120700.88836712821,305.6318396702409,257814.8887110874,234.8846153846154
1786466483,200,,Aggregated,1.500000,0.000000,188000,189000,191000,191000,200000,200000,200000,200000,200000,200000,200000,1040,38,123000,120700.88836712821,305.6318396702409,257814.8887110874,234.8846153846154
1786466484,200,POST,/integrations/v2/encounters/update,1.700000,0.000000,188000,190000,191000,191000,199000,200000,200000,200000,200000,200000,200000,1043,38,124000,120872.70382517028,305.6318396702409,257814.8887110874,234.89645254074784
1786466484,200,,Aggregated,1.700000,0.000000,188000,190000,191000,191000,199000,200000,200000,200000,200000,200000,200000,1043,38,124000,120872.70382517028,305.6318396702409,257814.8887110874,234.89645254074784
1786466485,200,POST,/integrations/v2/encounters/update,1.700000,0.000000,187000,191000,191000,191000,199000,200000,200000,200000,200000,200000,200000,1043,38,124000,120872.70382517028,305.6318396702409,257814.8887110874,234.89645254074784
1786466485,200,,Aggregated,1.700000,0.000000,187000,191000,191000,191000,199000,200000,200000,200000,200000,200000,200000,1043,38,124000,120872.70382517028,305.6318396702409,257814.8887110874,234.89645254074784
1786466486,200,POST,/integrations/v2/encounters/update,1.700000,0.000000,187000,187000,190000,191000,199000,199000,199000,199000,199000,199000,199000,1043,38,124000,120872.70382517028,305.6318396702409,257814.8887110874,234.89645254074784
1786466486,200,,Aggregated,1.700000,0.000000,187000,187000,190000,191000,199000,199000,199000,199000,199000,199000,199000,1043,38,124000,120872.70382517028,305.6318396702409,257814.8887110874,234.89645254074784
1786466487,200,POST,/integrations/v2/encounters/update,1.300000,0.000000,158000,187000,190000,191000,199000,199000,199000,199000,199000,199000,199000,1044,38,124000,120902.7108751263,305.6318396702409,257814.8887110874,234.90038314176246
1786466487,200,,Aggregated,1.300000,0.000000,158000,187000,190000,191000,199000,199000,199000,199000,199000,199000,199000,1044,38,124000,120902.7108751263,305.6318396702409,257814.8887110874,234.90038314176246
1786466488,200,POST,/integrations/v2/encounters/update,1.300000,0.000000,158000,187000,190000,190000,199000,199000,199000,199000,199000,199000,199000,1044,38,124000,120902.7108751263,305.6318396702409,257814.8887110874,234.90038314176246
1786466488,200,,Aggregated,1.300000,0.000000,158000,187000,190000,190000,199000,199000,199000,199000,199000,199000,199000,1044,38,124000,120902.7108751263,305.6318396702409,257814.8887110874,234.90038314176246
1786466489,200,POST,/integrations/v2/encounters/update,1.300000,0.000000,152000,152000,190000,190000,199000,199000,199000,199000,199000,199000,199000,1044,38,124000,120902.7108751263,305.6318396702409,257814.8887110874,234.90038314176246
1786466489,200,,Aggregated,1.300000,0.000000,152000,152000,190000,190000,199000,199000,199000,199000,199000,199000,199000,1044,38,124000,120902.7108751263,305.6318396702409,257814.8887110874,234.90038314176246
1786466490,200,POST,/integrations/v2/encounters/update,1.000000,0.000000,152000,152000,190000,190000,199000,199000,199000,199000,199000,199000,199000,1045,38,124000,120931.47948733132,305.6318396702409,257814.8887110874,234.9043062200957
1786466490,200,,Aggregated,1.000000,0.000000,152000,152000,190000,190000,199000,199000,199000,199000,199000,199000,199000,1045,38,124000,120931.47948733132,305.6318396702409,257814.8887110874,234.9043062200957
1786466491,200,POST,/integrations/v2/encounters/update,0.900000,0.000000,190000,193000,199000,199000,215000,215000,215000,215000,215000,215000,215000,1047,38,124000,121090.69413406872,305.6318396702409,257814.8887110874,234.91212989493792
1786466491,200,,Aggregated,0.900000,0.000000,190000,193000,199000,199000,215000,215000,215000,215000,215000,215000,215000,1047,38,124000,121090.69413406872,305.6318396702409,257814.8887110874,234.91212989493792
1786466492,200,POST,/integrations/v2/encounters/update,0.800000,0.000000,191000,193000,199000,199000,215000,215000,215000,215000,215000,215000,215000,1048,38,124000,121157.79203230998,305.6318396702409,257814.8887110874,234.91603053435114
1786466492,200,,Aggregated,0.800000,0.000000,191000,193000,199000,199000,215000,215000,215000,215000,215000,215000,215000,1048,38,124000,121157.79203230998,305.6318396702409,257814.8887110874,234.91603053435114
1786466493,200,POST,/integrations/v2/encounters/update,0.800000,0.000000,191000,193000,199000,199000,215000,215000,215000,215000,215000,215000,215000,1048,38,124000,121157.79203230998,305.6318396702409,257814.8887110874,234.91603053435114
1786466493,200,,Aggregated,0.800000,0.000000,191000,193000,199000,199000,215000,215000,215000,215000,215000,215000,215000,1048,38,124000,121157.79203230998,305.6318396702409,257814.8887110874,234.91603053435114
1786466494,200,POST,/integrations/v2/encounters/update,0.800000,0.000000,191000,193000,193000,215000,215000,215000,215000,215000,215000,215000,215000,1048,38,124000,121157.79203230998,305.6318396702409,257814.8887110874,234.91603053435114
1786466494,200,,Aggregated,0.800000,0.000000,191000,193000,193000,215000,215000,215000,215000,215000,215000,215000,215000,1048,38,124000,121157.79203230998,305.6318396702409,257814.8887110874,234.91603053435114
1786466495,200,POST,/integrations/v2/encounters/update,0.800000,0.000000,191000,191000,193000,193000,215000,215000,215000,215000,215000,215000,215000,1049,38,124000,121202.72894778373,305.6318396702409,257814.8887110874,234.9199237368923
1786466495,200,,Aggregated,0.800000,0.000000,191000,191000,193000,193000,215000,215000,215000,215000,215000,215000,215000,1049,38,124000,121202.72894778373,305.6318396702409,257814.8887110874,234.9199237368923
1786466496,200,POST,/integrations/v2/encounters/update,0.500000,0.000000,168000,191000,193000,193000,215000,215000,215000,215000,215000,215000,215000,1051,38,124000,121269.68467076264,305.6318396702409,257814.8887110874,234.92768791627023
1786466496,200,,Aggregated,0.500000,0.000000,168000,191000,193000,193000,215000,215000,215000,215000,215000,215000,215000,1051,38,124000,121269.68467076264,305.6318396702409,257814.8887110874,234.92768791627023
1786466497,200,POST,/integrations/v2/encounters/update,0.500000,0.000000,168000,191000,193000,193000,215000,215000,215000,215000,215000,215000,215000,1051,38,124000,121269.68467076264,305.6318396702409,257814.8887110874,234.92768791627023
1786466497,200,,Aggregated,0.500000,0.000000,168000,191000,193000,193000,215000,215000,215000,215000,215000,215000,215000,1051,38,124000,121269.68467076264,305.6318396702409,257814.8887110874,234.92768791627023
1786466498,200,POST,/integrations/v2/encounters/update,0.500000,0.000000,168000,191000,193000,193000,215000,215000,215000,215000,215000,215000,215000,1051,38,124000,121269.68467076264,305.6318396702409,257814.8887110874,234.92768791627023
1786466498,200,,Aggregated,0.500000,0.000000,168000,191000,193000,193000,215000,215000,215000,215000,215000,215000,215000,1051,38,124000,121269.68467076264,305.6318396702409,257814.8887110874,234.92768791627023
1786466499,200,POST,/integrations/v2/encounters/update,0.700000,0.000000,191000,193000,213000,213000,215000,215000,215000,215000,215000,215000,215000,1052,38,124000,121356.45920492137,305.6318396702409,257814.8887110874,234.9315589353612
1786466499,200,,Aggregated,0.700000,0.000000,191000,193000,213000,213000,215000,215000,215000,215000,215000,215000,215000,1052,38,124000,121356.45920492137,305.6318396702409,257814.8887110874,234.9315589353612
1786466500,200,POST,/integrations/v2/encounters/update,0.700000,0.000000,191000,191000,208000,208000,213000,213000,213000,213000,213000,213000,213000,1053,38,124000,121439.02167137951,305.6318396702409,257814.8887110874,234.93542260208926
1786466500,200,,Aggregated,0.700000,0.000000,191000,191000,208000,208000,213000,213000,213000,213000,213000,213000,213000,1053,38,124000,121439.02167137951,305.6318396702409,257814.8887110874,234.93542260208926
1786466501,200,POST,/integrations/v2/encounters/update,0.700000,0.000000,191000,191000,208000,208000,213000,213000,213000,213000,213000,213000,213000,1053,38,124000,121439.02167137951,305.6318396702409,257814.8887110874,234.93542260208926
1786466501,200,,Aggregated,0.700000,0.000000,191000,191000,208000,208000,213000,213000,213000,213000,213000,213000,213000,1053,38,124000,121439.02167137951,305.6318396702409,257814.8887110874,234.93542260208926
1786466502,200,POST,/integrations/v2/encounters/update,0.700000,0.000000,198000,200000,208000,208000,213000,213000,213000,213000,213000,213000,213000,1056,38,124000,121628.7554584157,305.6318396702409,257814.8887110874,234.9469696969697
1786466502,200,,Aggregated,0.700000,0.000000,198000,200000,208000,208000,213000,213000,213000,213000,213000,213000,213000,1056,38,124000,121628.7554584157,305.6318396702409,257814.8887110874,234.9469696969697
1786466503,200,POST,/integrations/v2/encounters/update,0.700000,0.000000,198000,200000,208000,208000,213000,213000,213000,213000,213000,213000,213000,1056,38,124000,121628.7554584157,305.6318396702409,257814.8887110874,234.9469696969697
1786466503,200,,Aggregated,0.700000,0.000000,198000,200000,208000,208000,213000,213000,213000,213000,213000,213000,213000,1056,38,124000,121628.7554584157,305.6318396702409,257814.8887110874,234.9469696969697
1786466504,200,POST,/integrations/v2/encounters/update,0.600000,0.000000,198000,200000,203000,208000,213000,213000,213000,213000,213000,213000,213000,1058,38,124000,121746.5146682932,305.6318396702409,257814.8887110874,234.9546313799622
1786466504,200,,Aggregated,0.600000,0.000000,198000,200000,203000,208000,213000,213000,213000,213000,213000,213000,213000,1058,38,124000,121746.5146682932,305.6318396702409,257814.8887110874,234.9546313799622
1786466505,200,POST,/integrations/v2/encounters/update,0.600000,0.000000,200000,203000,208000,208000,213000,213000,213000,213000,213000,213000,213000,1058,38,124000,121746.5146682932,305.6318396702409,257814.8887110874,234.9546313799622
1786466505,200,,Aggregated,0.600000,0.000000,200000,203000,208000,208000,213000,213000,213000,213000,213000,213000,213000,1058,38,124000,121746.5146682932,305.6318396702409,257814.8887110874,234.9546313799622
1786466506,200,POST,/integrations/v2/encounters/update,0.600000,0.000000,200000,203000,208000,208000,213000,213000,213000,213000,213000,213000,213000,1058,38,124000,121746.5146682932,305.6318396702409,257814.8887110874,234.9546313799622
1786466506,200,,Aggregated,0.600000,0.000000,200000,203000,208000,208000,213000,213000,213000,213000,213000,213000,213000,1058,38,124000,121746.5146682932,305.6318396702409,257814.8887110874,234.9546313799622
1786466507,200,POST,/integrations/v2/encounters/update,1.000000,0.000000,201000,203000,208000,208000,213000,213000,213000,213000,213000,213000,213000,1059,38,124000,121821.08221092746,305.6318396702409,257814.8887110874,234.95845136921625
1786466507,200,,Aggregated,1.000000,0.000000,201000,203000,208000,208000,213000,213000,213000,213000,213000,213000,213000,1059,38,124000,121821.08221092746,305.6318396702409,257814.8887110874,234.95845136921625
1786466508,200,POST,/integrations/v2/encounters/update,1.000000,0.000000,201000,203000,208000,208000,213000,213000,213000,213000,213000,213000,213000,1059,38,124000,121821.08221092746,305.6318396702409,257814.8887110874,234.95845136921625
1786466508,200,,Aggregated,1.000000,0.000000,201000,203000,208000,208000,213000,213000,213000,213000,213000,213000,213000,1059,38,124000,121821.08221092746,305.6318396702409,257814.8887110874,234.95845136921625
1786466509,200,POST,/integrations/v2/encounters/update,0.800000,0.000000,200000,201000,203000,203000,208000,208000,208000,208000,208000,208000,208000,1060,38,124000,121890.78508191505,305.6318396702409,257814.8887110874,234.96226415094338
1786466509,200,,Aggregated,0.800000,0.000000,200000,201000,203000,203000,208000,208000,208000,208000,208000,208000,208000,1060,38,124000,121890.78508191505,305.6318396702409,257814.8887110874,234.96226415094338
1786466510,200,POST,/integrations/v2/encounters/update,0.800000,0.000000,198000,200000,201000,201000,203000,203000,203000,203000,203000,203000,203000,1060,38,124000,121890.78508191505,305.6318396702409,257814.8887110874,234.96226415094338
1786466510,200,,Aggregated,0.800000,0.000000,198000,200000,201000,201000,203000,203000,203000,203000,203000,203000,203000,1060,38,124000,121890.78508191505,305.6318396702409,257814.8887110874,234.96226415094338
1786466511,200,POST,/integrations/v2/encounters/update,0.800000,0.000000,196000,201000,203000,203000,216000,216000,216000,216000,216000,216000,216000,1063,38,125000,122073.29172385238,305.6318396702409,257814.8887110874,234.9736594543744
1786466511,200,,Aggregated,0.800000,0.000000,196000,201000,203000,203000,216000,216000,216000,216000,216000,216000,216000,1063,38,125000,122073.29172385238,305.6318396702409,257814.8887110874,234.9736594543744
1786466512,200,POST,/integrations/v2/encounters/update,0.800000,0.000000,196000,201000,203000,203000,216000,216000,216000,216000,216000,216000,216000,1063,38,125000,122073.29172385238,305.6318396702409,257814.8887110874,234.9736594543744
1786466512,200,,Aggregated,0.800000,0.000000,196000,201000,203000,203000,216000,216000,216000,216000,216000,216000,216000,1063,38,125000,122073.29172385238,305.6318396702409,257814.8887110874,234.9736594543744
1786466513,200,POST,/integrations/v2/encounters/update,0.800000,0.000000,196000,199000,201000,203000,216000,216000,216000,216000,216000,216000,216000,1066,38,125000,122225.83351357767,305.6318396702409,257814.8887110874,234.98499061913697
1786466513,200,,Aggregated,0.800000,0.000000,196000,199000,201000,203000,216000,216000,216000,216000,216000,216000,216000,1066,38,125000,122225.83351357767,305.6318396702409,257814.8887110874,234.98499061913697
1786466514,200,POST,/integrations/v2/encounters/update,0.800000,0.000000,196000,199000,201000,201000,216000,216000,216000,216000,216000,216000,216000,1066,38,125000,122225.83351357767,305.6318396702409,257814.8887110874,234.98499061913697
1786466514,200,,Aggregated,0.800000,0.000000,196000,199000,201000,201000,216000,216000,216000,216000,216000,216000,216000,1066,38,125000,122225.83351357767,305.6318396702409,257814.8887110874,234.98499061913697
1786466515,200,POST,/integrations/v2/encounters/update,0.800000,0.000000,196000,199000,201000,201000,216000,216000,216000,216000,216000,216000,216000,1066,38,125000,122225.83351357767,305.6318396702409,257814.8887110874,234.98499061913697
1786466515,200,,Aggregated,0.800000,0.000000,196000,199000,201000,201000,216000,216000,216000,216000,216000,216000,216000,1066,38,125000,122225.83351357767,305.6318396702409,257814.8887110874,234.98499061913697
1786466516,200,POST,/integrations/v2/encounters/update,0.800000,0.000000,184000,196000,199000,201000,216000,216000,216000,216000,216000,216000,216000,1067,38,125000,122284.16352110202,305.6318396702409,257814.8887110874,234.9887535145267
1786466516,200,,Aggregated,0.800000,0.000000,184000,196000,199000,201000,216000,216000,216000,216000,216000,216000,216000,1067,38,125000,122284.16352110202,305.6318396702409,257814.8887110874,234.9887535145267
1786466517,200,POST,/integrations/v2/encounters/update,0.800000,0.000000,178000,184000,196000,199000,216000,216000,216000,216000,216000,216000,216000,1068,38,125000,122316.11517971159,305.6318396702409,257814.8887110874,234.99250936329588
1786466517,200,,Aggregated,0.800000,0.000000,178000,184000,196000,199000,216000,216000,216000,216000,216000,216000,216000,1068,38,125000,122316.11517971159,305.6318396702409,257814.8887110874,234.99250936329588
1786466518,200,POST,/integrations/v2/encounters/update,0.800000,0.000000,172000,184000,196000,199000,216000,224000,224000,224000,224000,224000,224000,1072,38,125000,122501.06460946804,305.6318396702409,257814.8887110874,235.00746268656715
1786466518,200,,Aggregated,0.800000,0.000000,172000,184000,196000,199000,216000,224000,224000,224000,224000,224000,224000,1072,38,125000,122501.06460946804,305.6318396702409,257814.8887110874,235.00746268656715
1786466519,200,POST,/integrations/v2/encounters/update,0.900000,0.000000,165000,178000,199000,209000,216000,224000,224000,224000,224000,224000,224000,1075,38,125000,122632.33617186488,305.6318396702409,257814.8887110874,235.0186046511628
1786466519,200,,Aggregated,0.900000,0.000000,165000,178000,199000,209000,216000,224000,224000,224000,224000,224000,224000,1075,38,125000,122632.33617186488,305.6318396702409,257814.8887110874,235.0186046511628
1786466520,200,POST,/integrations/v2/encounters/update,0.900000,0.000000,161000,184000,209000,209000,222000,224000,224000,224000,224000,224000,224000,1078,38,125000,122767.57058372546,305.6318396702409,257814.8887110874,235.02968460111316
1786466520,200,,Aggregated,0.900000,0.000000,161000,184000,209000,209000,222000,224000,224000,224000,224000,224000,224000,1078,38,125000,122767.57058372546,305.6318396702409,257814.8887110874,235.02968460111316
1786466521,200,POST,/integrations/v2/encounters/update,1.400000,0.000000,161000,199000,206000,206000,222000,224000,224000,224000,224000,224000,224000,1083,38,125000,123039.60232275704,305.6318396702409,257814.8887110874,235.04801477377654
1786466521,200,,Aggregated,1.400000,0.000000,161000,199000,206000,206000,222000,224000,224000,224000,224000,224000,224000,1083,38,125000,123039.60232275704,305.6318396702409,257814.8887110874,235.04801477377654
1786466522,200,POST,/integrations/v2/encounters/update,1.800000,0.000000,161000,199000,205000,206000,209000,222000,224000,224000,224000,224000,224000,1085,38,125000,123135.06695318241,305.6318396702409,257814.8887110874,235.0552995391705
1786466522,200,,Aggregated,1.800000,0.000000,161000,199000,205000,206000,209000,222000,224000,224000,224000,224000,224000,1085,38,125000,123135.06695318241,305.6318396702409,257814.8887110874,235.0552995391705
1786466523,200,POST,/integrations/v2/encounters/update,1.800000,0.000000,161000,199000,205000,206000,209000,222000,224000,224000,224000,224000,224000,1085,38,125000,123135.06695318241,305.6318396702409,257814.8887110874,235.0552995391705
1786466523,200,,Aggregated,1.800000,0.000000,161000,199000,205000,206000,209000,222000,224000,224000,224000,224000,224000,1085,38,125000,123135.06695318241,305.6318396702409,257814.8887110874,235.0552995391705
1786466524,200,POST,/integrations/v2/encounters/update,1.900000,0.000000,161000,205000,206000,209000,223000,224000,224000,224000,224000,224000,224000,1086,38,125000,123227.10242466241,305.6318396702409,257814.8887110874,235.05893186003684
1786466524,200,,Aggregated,1.900000,0.000000,161000,205000,206000,209000,223000,224000,224000,224000,224000,224000,224000,1086,38,125000,123227.10242466241,305.6318396702409,257814.8887110874,235.05893186003684
1786466525,200,POST,/integrations/v2/encounters/update,1.900000,0.000000,184000,203000,206000,206000,222000,223000,224000,224000,224000,224000,224000,1088,38,126000,123356.85832322578,305.6318396702409,257814.8887110874,235.06617647058823
1786466525,200,,Aggregated,1.900000,0.000000,184000,203000,206000,206000,222000,223000,224000,224000,224000,224000,224000,1088,38,126000,123356.85832322578,305.6318396702409,257814.8887110874,235.06617647058823
1786466526,200,POST,/integrations/v2/encounters/update,1.900000,0.000000,161000,203000,206000,206000,222000,223000,224000,224000,224000,224000,224000,1089,38,126000,123383.5180884237,305.6318396702409,257814.8887110874,235.06978879706153
1786466526,200,,Aggregated,1.900000,0.000000,161000,203000,206000,206000,222000,223000,224000,224000,224000,224000,224000,1089,38,126000,123383.5180884237,305.6318396702409,257814.8887110874,235.06978879706153
1786466527,200,POST,/integrations/v2/encounters/update,1.900000,0.000000,185000,203000,206000,206000,222000,223000,223000,223000,223000,223000,223000,1089,38,126000,123383.5180884237,305.6318396702409,257814.8887110874,235.06978879706153
1786466527,200,,Aggregated,1.900000,0.000000,185000,203000,206000,206000,222000,223000,223000,223000,223000,223000,223000,1089,38,126000,123383.5180884237,305.6318396702409,257814.8887110874,235.06978879706153
1786466528,200,POST,/integrations/v2/encounters/update,2.000000,0.000000,200000,203000,205000,206000,222000,223000,223000,223000,223000,223000,223000,1091,38,126000,123526.57489795063,305.6318396702409,257814.8887110874,235.07791017415215
1786466528,200,,Aggregated,2.000000,0.000000,200000,203000,205000,206000,222000,223000,223000,223000,223000,223000,223000,1091,38,126000,123526.57489795063,305.6318396702409,257814.8887110874,235.07791017415215
1786466529,200,POST,/integrations/v2/encounters/update,2.100000,0.000000,202000,203000,205000,206000,206000,223000,223000,223000,223000,223000,223000,1092,38,126000,123589.72660239798,305.6318396702409,257814.8887110874,235.08150183150184
1786466529,200,,Aggregated,2.100000,0.000000,202000,203000,205000,206000,206000,223000,223000,223000,223000,223000,223000,1092,38,126000,123589.72660239798,305.6318396702409,257814.8887110874,235.08150183150184
1786466530,200,POST,/integrations/v2/encounters/update,2.000000,0.000000,192000,202000,202000,203000,205000,223000,223000,223000,223000,223000,223000,1094,38,126000,123618.76024465641,305.6318396702409,257814.8887110874,235.08866544789763
1786466530,200,,Aggregated,2.000000,0.000000,192000,202000,202000,203000,205000,223000,223000,223000,223000,223000,223000,1094,38,126000,123618.76024465641,305.6318396702409,257814.8887110874,235.08866544789763
1786466531,200,POST,/integrations/v2/encounters/update,2.000000,0.000000,192000,200000,202000,202000,223000,223000,223000,223000,223000,223000,223000,1094,38,126000,123618.76024465641,305.6318396702409,257814.8887110874,235.08866544789763
1786466531,200,,Aggregated,2.000000,0.000000,192000,200000,202000,202000,223000,223000,223000,223000,223000,223000,223000,1094,38,126000,123618.76024465641,305.6318396702409,257814.8887110874,235.08866544789763
1786466532,200,POST,/integrations/v2/encounters/update,1.500000,0.000000,200000,202000,202000,204000,223000,223000,223000,223000,223000,223000,223000,1095,38,126000,123692.56818987818,305.6318396702409,257814.8887110874,235.09223744292237
1786466532,200,,Aggregated,1.500000,0.000000,200000,202000,202000,204000,223000,223000,223000,223000,223000,223000,223000,1095,38,126000,123692.56818987818,305.6318396702409,257814.8887110874,235.09223744292237
1786466533,200,POST,/integrations/v2/encounters/update,1.500000,0.000000,192000,202000,202000,202000,204000,223000,223000,223000,223000,223000,223000,1096,38,126000,123708.32498312573,305.6318396702409,257814.8887110874,235.09580291970804
1786466533,200,,Aggregated,1.500000,0.000000,192000,202000,202000,202000,204000,223000,223000,223000,223000,223000,223000,1096,38,126000,123708.32498312573,305.6318396702409,257814.8887110874,235.09580291970804
1786466534,200,POST,/integrations/v2/encounters/update,1.000000,0.000000,185000,200000,202000,202000,202000,204000,204000,204000,204000,204000,204000,1097,38,126000,123739.59026865117,305.6318396702409,257814.8887110874,235.0993618960802
1786466534,200,,Aggregated,1.000000,0.000000,185000,200000,202000,202000,202000,204000,204000,204000,204000,204000,204000,1097,38,126000,123739.59026865117,305.6318396702409,257814.8887110874,235.0993618960802
1786466535,200,POST,/integrations/v2/encounters/update,1.000000,0.000000,185000,200000,202000,202000,202000,204000,204000,204000,204000,204000,204000,1097,38,126000,123739.59026865117,305.6318396702409,257814.8887110874,235.0993618960802
1786466535,200,,Aggregated,1.000000,0.000000,185000,200000,202000,202000,202000,204000,204000,204000,204000,204000,204000,1097,38,126000,123739.59026865117,305.6318396702409,257814.8887110874,235.0993618960802
1786466536,200,POST,/integrations/v2/encounters/update,1.000000,0.000000,192000,200000,202000,202000,204000,204000,204000,204000,204000,204000,204000,1097,38,126000,123739.59026865117,305.6318396702409,257814.8887110874,235.0993618960802
1786466536,200,,Aggregated,1.000000,0.000000,192000,200000,202000,202000,204000,204000,204000,204000,204000,204000,204000,1097,38,126000,123739.59026865117,305.6318396702409,257814.8887110874,235.0993618960802
1786466537,200,POST,/integrations/v2/encounters/update,1.100000,0.000000,192000,200000,202000,204000,233000,233000,233000,233000,233000,233000,233000,1098,38,126000,123839.11123205995,305.6318396702409,257814.8887110874,235.10291438979962
1786466537,200,,Aggregated,1.100000,0.000000,192000,200000,202000,204000,233000,233000,233000,233000,233000,233000,233000,1098,38,126000,123839.11123205995,305.6318396702409,257814.8887110874,235.10291438979962
1786466538,200,POST,/integrations/v2/encounters/update,1.100000,0.000000,158000,192000,204000,204000,233000,233000,233000,233000,233000,233000,233000,1098,38,126000,123839.11123205995,305.6318396702409,257814.8887110874,235.10291438979962
1786466538,200,,Aggregated,1.100000,0.000000,158000,192000,204000,204000,233000,233000,233000,233000,233000,233000,233000,1098,38,126000,123839.11123205995,305.6318396702409,257814.8887110874,235.10291438979962
1786466539,200,POST,/integrations/v2/encounters/update,0.800000,0.000000,204000,204000,232000,232000,233000,233000,233000,233000,233000,233000,233000,1099,38,126000,123937.55856726952,305.6318396702409,257814.8887110874,235.10646041856234
1786466539,200,,Aggregated,0.800000,0.000000,204000,204000,232000,232000,233000,233000,233000,233000,233000,233000,233000,1099,38,126000,123937.55856726952,305.6318396702409,257814.8887110874,235.10646041856234
1786466540,200,POST,/integrations/v2/encounters/update,0.800000,0.000000,158000,204000,232000,232000,233000,233000,233000,233000,233000,233000,233000,1100,38,126000,123951.64361695027,305.6318396702409,257814.8887110874,235.11
1786466540,200,,Aggregated,0.800000,0.000000,158000,204000,232000,232000,233000,233000,233000,233000,233000,233000,233000,1100,38,126000,123951.64361695027,305.6318396702409,257814.8887110874,235.11
1786466541,200,POST,/integrations/v2/encounters/update,0.700000,0.000000,204000,219000,232000,232000,233000,233000,233000,233000,233000,233000,233000,1101,38,126000,124037.62012493101,305.6318396702409,257814.8887110874,235.1135331516803
1786466541,200,,Aggregated,0.700000,0.000000,204000,219000,232000,232000,233000,233000,233000,233000,233000,233000,233000,1101,38,126000,124037.62012493101,305.6318396702409,257814.8887110874,235.1135331516803
1786466542,200,POST,/integrations/v2/encounters/update,0.700000,0.000000,204000,219000,232000,232000,233000,233000,233000,233000,233000,233000,233000,1101,38,126000,124037.62012493101,305.6318396702409,257814.8887110874,235.1135331516803
1786466542,200,,Aggregated,0.700000,0.000000,204000,219000,232000,232000,233000,233000,233000,233000,233000,233000,233000,1101,38,126000,124037.62012493101,305.6318396702409,257814.8887110874,235.1135331516803
1786466543,200,POST,/integrations/v2/encounters/update,0.700000,0.000000,219000,232000,232000,233000,233000,233000,233000,233000,233000,233000,233000,1101,38,126000,124037.62012493101,305.6318396702409,257814.8887110874,235.1135331516803
1786466543,200,,Aggregated,0.700000,0.000000,219000,232000,232000,233000,233000,233000,233000,233000,233000,233000,233000,1101,38,126000,124037.62012493101,305.6318396702409,257814.8887110874,235.1135331516803
1786466544,200,POST,/integrations/v2/encounters/update,0.700000,0.000000,231000,231000,232000,232000,233000,233000,233000,233000,233000,233000,233000,1102,38,126000,124134.6127269125,305.6318396702409,257814.8887110874,235.1170598911071
1786466544,200,,Aggregated,0.700000,0.000000,231000,231000,232000,232000,233000,233000,233000,233000,233000,233000,233000,1102,38,126000,124134.6127269125,305.6318396702409,257814.8887110874,235.1170598911071
1786466545,200,POST,/integrations/v2/encounters/update,0.700000,0.000000,231000,232000,232000,233000,233000,233000,233000,233000,233000,233000,233000,1102,38,126000,124134.6127269125,305.6318396702409,257814.8887110874,235.1170598911071
1786466545,200,,Aggregated,0.700000,0.000000,231000,232000,232000,233000,233000,233000,233000,233000,233000,233000,233000,1102,38,126000,124134.6127269125,305.6318396702409,257814.8887110874,235.1170598911071
1786466546,200,POST,/integrations/v2/encounters/update,0.500000,0.000000,231000,231000,232000,232000,233000,233000,233000,233000,233000,233000,233000,1103,38,126000,124219.19195822549,305.6318396702409,257814.8887110874,235.12058023572075
1786466546,200,,Aggregated,0.500000,0.000000,231000,231000,232000,232000,233000,233000,233000,233000,233000,233000,233000,1103,38,126000,124219.19195822549,305.6318396702409,257814.8887110874,235.12058023572075
1786466547,200,POST,/integrations/v2/encounters/update,0.500000,0.000000,219000,231000,232000,232000,233000,233000,233000,233000,233000,233000,233000,1105,38,126000,124348.84132860322,305.6318396702409,257814.8887110874,235.12760180995474
1786466547,200,,Aggregated,0.500000,0.000000,219000,231000,232000,232000,233000,233000,233000,233000,233000,233000,233000,1105,38,126000,124348.84132860322,305.6318396702409,257814.8887110874,235.12760180995474
1786466548,200,POST,/integrations/v2/encounters/update,0.500000,0.000000,217000,219000,231000,231000,232000,232000,232000,232000,232000,232000,232000,1105,38,126000,124348.84132860322,305.6318396702409,257814.8887110874,235.12760180995474
1786466548,200,,Aggregated,0.500000,0.000000,217000,219000,231000,231000,232000,232000,232000,232000,232000,232000,232000,1105,38,126000,124348.84132860322,305.6318396702409,257814.8887110874,235.12760180995474
1786466549,200,POST,/integrations/v2/encounters/update,0.700000,0.000000,217000,217000,219000,219000,231000,231000,231000,231000,231000,231000,231000,1107,38,126000,124515.32531643528,305.6318396702409,257814.8887110874,235.1345980126468
1786466549,200,,Aggregated,0.700000,0.000000,217000,217000,219000,219000,231000,231000,231000,231000,231000,231000,231000,1107,38,126000,124515.32531643528,305.6318396702409,257814.8887110874,235.1345980126468
1786466550,200,POST,/integrations/v2/encounters/update,0.700000,0.000000,217000,217000,219000,219000,231000,231000,231000,231000,231000,231000,231000,1107,38,126000,124515.32531643528,305.6318396702409,257814.8887110874,235.1345980126468
1786466550,200,,Aggregated,0.700000,0.000000,217000,217000,219000,219000,231000,231000,231000,231000,231000,231000,231000,1107,38,126000,124515.32531643528,305.6318396702409,257814.8887110874,235.1345980126468
1786466551,200,POST,/integrations/v2/encounters/update,0.800000,0.000000,217000,217000,219000,224000,231000,231000,231000,231000,231000,231000,231000,1109,38,126000,124672.87288213518,305.6318396702409,257814.8887110874,235.141568981064
1786466551,200,,Aggregated,0.800000,0.000000,217000,217000,219000,224000,231000,231000,231000,231000,231000,231000,231000,1109,38,126000,124672.87288213518,305.6318396702409,257814.8887110874,235.141568981064
1786466552,200,POST,/integrations/v2/encounters/update,0.800000,0.000000,217000,217000,218000,224000,231000,231000,231000,231000,231000,231000,231000,1110,38,126000,124756.88782334446,305.6318396702409,257814.8887110874,235.14504504504504
1786466552,200,,Aggregated,0.800000,0.000000,217000,217000,218000,224000,231000,231000,231000,231000,231000,231000,231000,1110,38,126000,124756.88782334446,305.6318396702409,257814.8887110874,235.14504504504504
1786466553,200,POST,/integrations/v2/encounters/update,0.600000,0.000000,217000,218000,219000,219000,224000,231000,231000,231000,231000,231000,231000,1112,38,126000,124926.04855910102,305.6318396702409,257814.8887110874,235.15197841726618
1786466553,200,,Aggregated,0.600000,0.000000,217000,218000,219000,219000,224000,231000,231000,231000,231000,231000,231000,1112,38,126000,124926.04855910102,305.6318396702409,257814.8887110874,235.15197841726618
1786466554,200,POST,/integrations/v2/encounters/update,0.600000,0.000000,217000,218000,218000,219000,224000,224000,224000,224000,224000,224000,224000,1112,38,126000,124926.04855910102,305.6318396702409,257814.8887110874,235.15197841726618
1786466554,200,,Aggregated,0.600000,0.000000,217000,218000,218000,219000,224000,224000,224000,224000,224000,224000,224000,1112,38,126000,124926.04855910102,305.6318396702409,257814.8887110874,235.15197841726618
1786466555,200,POST,/integrations/v2/encounters/update,0.600000,0.000000,217000,218000,218000,219000,224000,224000,224000,224000,224000,224000,224000,1112,38,126000,124926.04855910102,305.6318396702409,257814.8887110874,235.15197841726618
1786466555,200,,Aggregated,0.600000,0.000000,217000,218000,218000,219000,224000,224000,224000,224000,224000,224000,224000,1112,38,126000,124926.04855910102,305.6318396702409,257814.8887110874,235.15197841726618
1786466556,200,POST,/integrations/v2/encounters/update,0.600000,0.000000,218000,218000,219000,219000,224000,224000,224000,224000,224000,224000,224000,1112,38,126000,124926.04855910102,305.6318396702409,257814.8887110874,235.15197841726618
1786466556,200,,Aggregated,0.600000,0.000000,218000,218000,219000,219000,224000,224000,224000,224000,224000,224000,224000,1112,38,126000,124926.04855910102,305.6318396702409,257814.8887110874,235.15197841726618
1786466557,200,POST,/integrations/v2/encounters/update,0.600000,0.000000,218000,218000,219000,219000,224000,224000,224000,224000,224000,224000,224000,1112,38,126000,124926.04855910102,305.6318396702409,257814.8887110874,235.15197841726618
1786466557,200,,Aggregated,0.600000,0.000000,218000,218000,219000,219000,224000,224000,224000,224000,224000,224000,224000,1112,38,126000,124926.04855910102,305.6318396702409,257814.8887110874,235.15197841726618
1786466558,200,POST,/integrations/v2/encounters/update,1.000000,0.000000,218000,219000,223000,223000,224000,224000,224000,224000,224000,224000,224000,1113,38,126000,125013.90348936348,305.6318396702409,257814.8887110874,235.15543575920935
1786466558,200,,Aggregated,1.000000,0.000000,218000,219000,223000,223000,224000,224000,224000,224000,224000,224000,224000,1113,38,126000,125013.90348936348,305.6318396702409,257814.8887110874,235.15543575920935
1786466559,200,POST,/integrations/v2/encounters/update,0.800000,0.000000,218000,219000,223000,223000,224000,224000,224000,224000,224000,224000,224000,1114,38,126000,125066.18114812183,305.6318396702409,257814.8887110874,235.1588868940754
1786466559,200,,Aggregated,0.800000,0.000000,218000,219000,223000,223000,224000,224000,224000,224000,224000,224000,224000,1114,38,126000,125066.18114812183,305.6318396702409,257814.8887110874,235.1588868940754
1786466560,200,POST,/integrations/v2/encounters/update,0.800000,0.000000,218000,219000,223000,223000,224000,224000,224000,224000,224000,224000,224000,1114,38,126000,125066.18114812183,305.6318396702409,257814.8887110874,235.1588868940754
1786466560,200,,Aggregated,0.800000,0.000000,218000,219000,223000,223000,224000,224000,224000,224000,224000,224000,224000,1114,38,126000,125066.18114812183,305.6318396702409,257814.8887110874,235.1588868940754
1786466561,200,POST,/integrations/v2/encounters/update,0.800000,0.000000,219000,219000,223000,223000,223000,223000,223000,223000,223000,223000,223000,1114,38,126000,125066.18114812183,305.6318396702409,257814.8887110874,235.1588868940754
1786466561,200,,Aggregated,0.800000,0.000000,219000,219000,223000,223000,223000,223000,223000,223000,223000,223000,223000,1114,38,126000,125066.18114812183,305.6318396702409,257814.8887110874,235.1588868940754
1786466562,200,POST,/integrations/v2/encounters/update,0.800000,0.000000,218000,218000,223000,223000,223000,223000,223000,223000,223000,223000,223000,1114,38,126000,125066.18114812183,305.6318396702409,257814.8887110874,235.1588868940754
1786466562,200,,Aggregated,0.800000,0.000000,218000,218000,223000,223000,223000,223000,223000,223000,223000,223000,223000,1114,38,126000,125066.18114812183,305.6318396702409,257814.8887110874,235.1588868940754
1786466563,200,POST,/integrations/v2/encounters/update,0.700000,0.000000,218000,218000,223000,223000,260000,260000,260000,260000,260000,260000,260000,1117,38,127000,125272.9473492474,305.6318396702409,260069.67848632485,235.16920322291853
1786466563,200,,Aggregated,0.700000,0.000000,218000,218000,223000,223000,260000,260000,260000,260000,260000,260000,260000,1117,38,127000,125272.9473492474,305.6318396702409,260069.67848632485,235.16920322291853
1786466564,200,POST,/integrations/v2/encounters/update,0.400000,0.000000,217000,218000,223000,223000,260000,260000,260000,260000,260000,260000,260000,1119,38,127000,125382.48297898339,305.6318396702409,260069.67848632485,235.17605004468274
1786466564,200,,Aggregated,0.400000,0.000000,217000,218000,223000,223000,260000,260000,260000,260000,260000,260000,260000,1119,38,127000,125382.48297898339,305.6318396702409,260069.67848632485,235.17605004468274
1786466565,200,POST,/integrations/v2/encounters/update,0.300000,0.000000,215000,217000,223000,223000,260000,260000,260000,260000,260000,260000,260000,1120,38,127000,125462.13202778215,305.6318396702409,260069.67848632485,235.1794642857143
1786466565,200,,Aggregated,0.300000,0.000000,215000,217000,223000,223000,260000,260000,260000,260000,260000,260000,260000,1120,38,127000,125462.13202778215,305.6318396702409,260069.67848632485,235.1794642857143
1786466566,200,POST,/integrations/v2/encounters/update,0.300000,0.000000,215000,217000,223000,223000,260000,260000,260000,260000,260000,260000,260000,1120,38,127000,125462.13202778215,305.6318396702409,260069.67848632485,235.1794642857143
1786466566,200,,Aggregated,0.300000,0.000000,215000,217000,223000,223000,260000,260000,260000,260000,260000,260000,260000,1120,38,127000,125462.13202778215,305.6318396702409,260069.67848632485,235.1794642857143
1786466567,200,POST,/integrations/v2/encounters/update,0.700000,0.000000,215000,216000,217000,223000,260000,260000,260000,260000,260000,260000,260000,1122,38,127000,125596.58269985876,305.6318396702409,260069.67848632485,235.18627450980392
1786466567,200,,Aggregated,0.700000,0.000000,215000,216000,217000,223000,260000,260000,260000,260000,260000,260000,260000,1122,38,127000,125596.58269985876,305.6318396702409,260069.67848632485,235.18627450980392
1786466568,200,POST,/integrations/v2/encounters/update,0.700000,0.000000,190000,215000,216000,217000,260000,260000,260000,260000,260000,260000,260000,1123,38,127000,125626.35119651657,305.6318396702409,260069.67848632485,235.18967052537846
1786466568,200,,Aggregated,0.700000,0.000000,190000,215000,216000,217000,260000,260000,260000,260000,260000,260000,260000,1123,38,127000,125626.35119651657,305.6318396702409,260069.67848632485,235.18967052537846
1786466569,200,POST,/integrations/v2/encounters/update,0.800000,0.000000,190000,216000,217000,217000,236000,260000,260000,260000,260000,260000,260000,1124,38,127000,125724.69170541815,305.6318396702409,260069.67848632485,235.19306049822063
1786466569,200,,Aggregated,0.800000,0.000000,190000,216000,217000,217000,236000,260000,260000,260000,260000,260000,260000,1124,38,127000,125724.69170541815,305.6318396702409,260069.67848632485,235.19306049822063
1786466570,200,POST,/integrations/v2/encounters/update,1.000000,0.000000,190000,215000,216000,217000,236000,260000,260000,260000,260000,260000,260000,1127,38,127000,125879.38385288914,305.6318396702409,260069.67848632485,235.20319432120675
1786466570,200,,Aggregated,1.000000,0.000000,190000,215000,216000,217000,236000,260000,260000,260000,260000,260000,260000,1127,38,127000,125879.38385288914,305.6318396702409,260069.67848632485,235.20319432120675
1786466571,200,POST,/integrations/v2/encounters/update,1.100000,0.000000,215000,216000,217000,217000,236000,260000,260000,260000,260000,260000,260000,1128,38,127000,125959.885265264,305.6318396702409,260069.67848632485,235.20656028368793
1786466571,200,,Aggregated,1.100000,0.000000,215000,216000,217000,217000,236000,260000,260000,260000,260000,260000,260000,1128,38,127000,125959.885265264,305.6318396702409,260069.67848632485,235.20656028368793
1786466572,200,POST,/integrations/v2/encounters/update,1.200000,0.000000,190000,215000,217000,217000,236000,260000,260000,260000,260000,260000,260000,1129,38,127000,125983.99217910288,305.6318396702409,260069.67848632485,235.20992028343667
1786466572,200,,Aggregated,1.200000,0.000000,190000,215000,217000,217000,236000,260000,260000,260000,260000,260000,260000,1129,38,127000,125983.99217910288,305.6318396702409,260069.67848632485,235.20992028343667
1786466573,200,POST,/integrations/v2/encounters/update,1.200000,0.000000,215000,215000,217000,217000,217000,236000,236000,236000,236000,236000,236000,1129,38,127000,125983.99217910288,305.6318396702409,260069.67848632485,235.20992028343667
1786466573,200,,Aggregated,1.200000,0.000000,215000,215000,217000,217000,217000,236000,236000,236000,236000,236000,236000,1129,38,127000,125983.99217910288,305.6318396702409,260069.67848632485,235.20992028343667
1786466574,200,POST,/integrations/v2/encounters/update,1.200000,0.000000,215000,215000,216000,217000,236000,236000,236000,236000,236000,236000,236000,1129,38,127000,125983.99217910288,305.6318396702409,260069.67848632485,235.20992028343667
1786466574,200,,Aggregated,1.200000,0.000000,215000,215000,216000,217000,236000,236000,236000,236000,236000,236000,236000,1129,38,127000,125983.99217910288,305.6318396702409,260069.67848632485,235.20992028343667
1786466575,200,POST,/integrations/v2/encounters/update,1.200000,0.000000,186000,215000,216000,217000,236000,236000,236000,236000,236000,236000,236000,1129,38,127000,125983.99217910288,305.6318396702409,260069.67848632485,235.20992028343667
1786466575,200,,Aggregated,1.200000,0.000000,186000,215000,216000,217000,236000,236000,236000,236000,236000,236000,236000,1129,38,127000,125983.99217910288,305.6318396702409,260069.67848632485,235.20992028343667
1786466576,200,POST,/integrations/v2/encounters/update,1.200000,0.000000,186000,215000,217000,217000,236000,236000,236000,236000,236000,236000,236000,1129,38,127000,125983.99217910288,305.6318396702409,260069.67848632485,235.20992028343667
1786466576,200,,Aggregated,1.200000,0.000000,186000,215000,217000,217000,236000,236000,236000,236000,236000,236000,236000,1129,38,127000,125983.99217910288,305.6318396702409,260069.67848632485,235.20992028343667
1786466577,200,POST,/integrations/v2/encounters/update,1.200000,0.000000,215000,215000,217000,217000,236000,236000,236000,236000,236000,236000,236000,1129,38,127000,125983.99217910288,305.6318396702409,260069.67848632485,235.20992028343667
1786466577,200,,Aggregated,1.200000,0.000000,215000,215000,217000,217000,236000,236000,236000,236000,236000,236000,236000,1129,38,127000,125983.99217910288,305.6318396702409,260069.67848632485,235.20992028343667
1786466578,200,POST,/integrations/v2/encounters/update,1.200000,0.000000,176000,215000,215000,217000,217000,217000,217000,217000,217000,217000,217000,1129,38,127000,125983.99217910288,305.6318396702409,260069.67848632485,235.20992028343667
1786466578,200,,Aggregated,1.200000,0.000000,176000,215000,215000,217000,217000,217000,217000,217000,217000,217000,217000,1129,38,127000,125983.99217910288,305.6318396702409,260069.67848632485,235.20992028343667
1786466579,200,POST,/integrations/v2/encounters/update,0.900000,0.000000,202000,202000,217000,217000,217000,217000,217000,217000,217000,217000,217000,1130,38,127000,126050.94976713088,305.6318396702409,260069.67848632485,235.21327433628318
1786466579,200,,Aggregated,0.900000,0.000000,202000,202000,217000,217000,217000,217000,217000,217000,217000,217000,217000,1130,38,127000,126050.94976713088,305.6318396702409,260069.67848632485,235.21327433628318
1786466580,200,POST,/integrations/v2/encounters/update,0.600000,0.000000,177000,187000,202000,202000,217000,217000,217000,217000,217000,217000,217000,1134,41,127000,126036.65814161944,305.6318396702409,260069.67848632485,234.92768959435625
1786466580,200,,Aggregated,0.600000,0.000000,177000,187000,202000,202000,217000,217000,217000,217000,217000,217000,217000,1134,41,127000,126036.65814161944,305.6318396702409,260069.67848632485,234.92768959435625
1786466583,200,POST,/integrations/v2/encounters/update,0.600000,0.000000,130000,164000,183000,189000,202000,212000,225000,227000,227000,227000,227000,1191,98,127000,126073.28285103015,305.6318396702409,260069.67848632485,229.71452560873215
1786466583,200,,Aggregated,0.600000,0.000000,130000,164000,183000,189000,202000,212000,225000,227000,227000,227000,227000,1191,98,127000,126073.28285103015,305.6318396702409,260069.67848632485,229.71452560873215
1786466586,200,POST,/integrations/v2/encounters/update,6.300000,6.000000,111000,148000,174000,184000,198000,212000,227000,248000,254000,254000,254000,1248,153,126000,125150.80320722677,305.6318396702409,260069.67848632485,225.15865384615384
1786466586,200,,Aggregated,6.300000,6.000000,111000,148000,174000,184000,198000,212000,227000,248000,254000,254000,254000,1248,153,126000,125150.80320722677,305.6318396702409,260069.67848632485,225.15865384615384
1786466587,200,POST,/integrations/v2/encounters/update,11.800000,11.500000,112000,149000,175000,185000,198000,212000,227000,248000,254000,254000,254000,1249,153,127000,125207.41464859204,305.6318396702409,260069.67848632485,225.1697357886309
1786466587,200,,Aggregated,11.800000,11.500000,112000,149000,175000,185000,198000,212000,227000,248000,254000,254000,254000,1249,153,127000,125207.41464859204,305.6318396702409,260069.67848632485,225.1697357886309
1786466588,200,POST,/integrations/v2/encounters/update,11.900000,11.500000,112000,149000,174000,184000,197000,206000,227000,248000,254000,254000,254000,1250,153,127000,125236.59235256861,305.6318396702409,260069.67848632485,225.1808
1786466588,200,,Aggregated,11.900000,11.500000,112000,149000,174000,184000,197000,206000,227000,248000,254000,254000,254000,1250,153,127000,125236.59235256861,305.6318396702409,260069.67848632485,225.1808
1786466589,200,POST,/integrations/v2/encounters/update,12.000000,11.500000,116000,150000,173000,183000,196000,206000,227000,248000,254000,254000,254000,1252,153,127000,125298.93756156124,305.6318396702409,260069.67848632485,225.20287539936103
1786466589,200,,Aggregated,12.000000,11.500000,116000,150000,173000,183000,196000,206000,227000,248000,254000,254000,254000,1252,153,127000,125298.93756156124,305.6318396702409,260069.67848632485,225.20287539936103
1786466590,200,POST,/integrations/v2/encounters/update,12.100000,11.500000,110000,148000,162000,174000,196000,205000,248000,254000,254000,254000,254000,1253,153,127000,125328.52830009,305.6318396702409,260069.67848632485,225.21388667198724
1786466590,200,,Aggregated,12.100000,11.500000,110000,148000,162000,174000,196000,205000,248000,254000,254000,254000,254000,1253,153,127000,125328.52830009,305.6318396702409,260069.67848632485,225.21388667198724
1786466591,200,POST,/integrations/v2/encounters/update,12.100000,11.500000,110000,148000,162000,174000,196000,205000,248000,254000,254000,254000,254000,1253,153,127000,125328.52830009,305.6318396702409,260069.67848632485,225.21388667198724
1786466591,200,,Aggregated,12.100000,11.500000,110000,148000,162000,174000,196000,205000,248000,254000,254000,254000,254000,1253,153,127000,125328.52830009,305.6318396702409,260069.67848632485,225.21388667198724
1786466592,200,POST,/integrations/v2/encounters/update,12.100000,11.500000,110000,148000,162000,171000,195000,197000,248000,254000,254000,254000,254000,1253,153,127000,125328.52830009,305.6318396702409,260069.67848632485,225.21388667198724
1786466592,200,,Aggregated,12.100000,11.500000,110000,148000,162000,171000,195000,197000,248000,254000,254000,254000,254000,1253,153,127000,125328.52830009,305.6318396702409,260069.67848632485,225.21388667198724
1786466593,200,POST,/integrations/v2/encounters/update,6.500000,5.800000,162000,166000,171000,171000,196000,196000,196000,196000,196000,196000,196000,1254,153,127000,125356.00869033653,305.6318396702409,260069.67848632485,225.22488038277513
1786466593,200,,Aggregated,6.500000,5.800000,162000,166000,171000,171000,196000,196000,196000,196000,196000,196000,196000,1254,153,127000,125356.00869033653,305.6318396702409,260069.67848632485,225.22488038277513
1786466594,200,POST,/integrations/v2/encounters/update,6.500000,5.800000,162000,166000,171000,171000,196000,196000,196000,196000,196000,196000,196000,1254,153,127000,125356.00869033653,305.6318396702409,260069.67848632485,225.22488038277513
1786466594,200,,Aggregated,6.500000,5.800000,162000,166000,171000,171000,196000,196000,196000,196000,196000,196000,196000,1254,153,127000,125356.00869033653,305.6318396702409,260069.67848632485,225.22488038277513
1786466595,200,POST,/integrations/v2/encounters/update,6.500000,5.800000,162000,162000,166000,166000,196000,196000,196000,196000,196000,196000,196000,1254,153,127000,125356.00869033653,305.6318396702409,260069.67848632485,225.22488038277513
1786466595,200,,Aggregated,6.500000,5.800000,162000,162000,166000,166000,196000,196000,196000,196000,196000,196000,196000,1254,153,127000,125356.00869033653,305.6318396702409,260069.67848632485,225.22488038277513
1786466596,200,POST,/integrations/v2/encounters/update,6.500000,5.800000,162000,162000,162000,166000,166000,166000,166000,166000,166000,166000,166000,1254,153,127000,125356.00869033653,305.6318396702409,260069.67848632485,225.22488038277513
1786466596,200,,Aggregated,6.500000,5.800000,162000,162000,162000,166000,166000,166000,166000,166000,166000,166000,166000,1254,153,127000,125356.00869033653,305.6318396702409,260069.67848632485,225.22488038277513
1786466597,200,POST,/integrations/v2/encounters/update,6.500000,5.800000,162000,162000,166000,166000,166000,166000,166000,166000,166000,166000,166000,1254,153,127000,125356.00869033653,305.6318396702409,260069.67848632485,225.22488038277513
1786466597,200,,Aggregated,6.500000,5.800000,162000,162000,166000,166000,166000,166000,166000,166000,166000,166000,166000,1254,153,127000,125356.00869033653,305.6318396702409,260069.67848632485,225.22488038277513
1786466598,200,POST,/integrations/v2/encounters/update,6.500000,5.800000,162000,162000,162000,162000,162000,162000,162000,162000,162000,162000,162000,1254,153,127000,125356.00869033653,305.6318396702409,260069.67848632485,225.22488038277513
1786466598,200,,Aggregated,6.500000,5.800000,162000,162000,162000,162000,162000,162000,162000,162000,162000,162000,162000,1254,153,127000,125356.00869033653,305.6318396702409,260069.67848632485,225.22488038277513
1786466599,200,POST,/integrations/v2/encounters/update,6.500000,5.800000,162000,162000,162000,162000,162000,162000,162000,162000,162000,162000,162000,1254,153,127000,125356.00869033653,305.6318396702409,260069.67848632485,225.22488038277513
1786466599,200,,Aggregated,6.500000,5.800000,162000,162000,162000,162000,162000,162000,162000,162000,162000,162000,162000,1254,153,127000,125356.00869033653,305.6318396702409,260069.67848632485,225.22488038277513
1786466600,200,POST,/integrations/v2/encounters/update,0.400000,0.000000,162000,162000,200000,200000,200000,200000,200000,200000,200000,200000,200000,1255,153,127000,125415.88389988107,305.6318396702409,260069.67848632485,225.23585657370518
1786466600,200,,Aggregated,0.400000,0.000000,162000,162000,200000,200000,200000,200000,200000,200000,200000,200000,200000,1255,153,127000,125415.88389988107,305.6318396702409,260069.67848632485,225.23585657370518
1786466601,200,POST,/integrations/v2/encounters/update,0.400000,0.000000,200000,200000,200000,200000,200000,200000,200000,200000,200000,200000,200000,1255,153,127000,125415.88389988107,305.6318396702409,260069.67848632485,225.23585657370518
1786466601,200,,Aggregated,0.400000,0.000000,200000,200000,200000,200000,200000,200000,200000,200000,200000,200000,200000,1255,153,127000,125415.88389988107,305.6318396702409,260069.67848632485,225.23585657370518
1786466602,200,POST,/integrations/v2/encounters/update,0.400000,0.000000,200000,200000,200000,200000,200000,200000,200000,200000,200000,200000,200000,1255,153,127000,125415.88389988107,305.6318396702409,260069.67848632485,225.23585657370518
1786466602,200,,Aggregated,0.400000,0.000000,200000,200000,200000,200000,200000,200000,200000,200000,200000,200000,200000,1255,153,127000,125415.88389988107,305.6318396702409,260069.67848632485,225.23585657370518
1786466603,200,POST,/integrations/v2/encounters/update,0.400000,0.000000,200000,200000,200000,200000,200000,200000,200000,200000,200000,200000,200000,1255,153,127000,125415.88389988107,305.6318396702409,260069.67848632485,225.23585657370518
1786466603,200,,Aggregated,0.400000,0.000000,200000,200000,200000,200000,200000,200000,200000,200000,200000,200000,200000,1255,153,127000,125415.88389988107,305.6318396702409,260069.67848632485,225.23585657370518
1786466604,200,POST,/integrations/v2/encounters/update,0.400000,0.000000,200000,200000,200000,200000,200000,200000,200000,200000,200000,200000,200000,1255,153,127000,125415.88389988107,305.6318396702409,260069.67848632485,225.23585657370518
1786466604,200,,Aggregated,0.400000,0.000000,200000,200000,200000,200000,200000,200000,200000,200000,200000,200000,200000,1255,153,127000,125415.88389988107,305.6318396702409,260069.67848632485,225.23585657370518
1786466605,200,POST,/integrations/v2/encounters/update,0.400000,0.000000,200000,200000,200000,200000,200000,200000,200000,200000,200000,200000,200000,1255,153,127000,125415.88389988107,305.6318396702409,260069.67848632485,225.23585657370518
1786466605,200,,Aggregated,0.400000,0.000000,200000,200000,200000,200000,200000,200000,200000,200000,200000,200000,200000,1255,153,127000,125415.88389988107,305.6318396702409,260069.67848632485,225.23585657370518
1786466606,200,POST,/integrations/v2/encounters/update,0.400000,0.000000,200000,200000,200000,200000,200000,200000,200000,200000,200000,200000,200000,1255,153,127000,125415.88389988107,305.6318396702409,260069.67848632485,225.23585657370518
1786466606,200,,Aggregated,0.400000,0.000000,200000,200000,200000,200000,200000,200000,200000,200000,200000,200000,200000,1255,153,127000,125415.88389988107,305.6318396702409,260069.67848632485,225.23585657370518
1786466607,200,POST,/integrations/v2/encounters/update,0.400000,0.000000,200000,200000,200000,200000,200000,200000,200000,200000,200000,200000,200000,1255,153,127000,125415.88389988107,305.6318396702409,260069.67848632485,225.23585657370518
1786466607,200,,Aggregated,0.400000,0.000000,200000,200000,200000,200000,200000,200000,200000,200000,200000,200000,200000,1255,153,127000,125415.88389988107,305.6318396702409,260069.67848632485,225.23585657370518
1786466608,200,POST,/integrations/v2/encounters/update,0.400000,0.000000,200000,200000,200000,200000,200000,200000,200000,200000,200000,200000,200000,1255,153,127000,125415.88389988107,305.6318396702409,260069.67848632485,225.23585657370518
1786466608,200,,Aggregated,0.400000,0.000000,200000,200000,200000,200000,200000,200000,200000,200000,200000,200000,200000,1255,153,127000,125415.88389988107,305.6318396702409,260069.67848632485,225.23585657370518
1786466609,200,POST,/integrations/v2/encounters/update,0.400000,0.000000,200000,200000,200000,200000,200000,200000,200000,200000,200000,200000,200000,1255,153,127000,125415.88389988107,305.6318396702409,260069.67848632485,225.23585657370518
1786466609,200,,Aggregated,0.400000,0.000000,200000,200000,200000,200000,200000,200000,200000,200000,200000,200000,200000,1255,153,127000,125415.88389988107,305.6318396702409,260069.67848632485,225.23585657370518
1786466610,200,POST,/integrations/v2/encounters/update,0.400000,0.000000,200000,200000,200000,200000,200000,200000,200000,200000,200000,200000,200000,1255,153,127000,125415.88389988107,305.6318396702409,260069.67848632485,225.23585657370518
1786466610,200,,Aggregated,0.400000,0.000000,200000,200000,200000,200000,200000,200000,200000,200000,200000,200000,200000,1255,153,127000,125415.88389988107,305.6318396702409,260069.67848632485,225.23585657370518
1786466611,200,POST,/integrations/v2/encounters/update,0.100000,0.000000,200000,200000,200000,200000,200000,200000,200000,200000,200000,200000,200000,1256,153,127000,125463.46467059533,305.6318396702409,260069.67848632485,225.2468152866242
1786466611,200,,Aggregated,0.100000,0.000000,200000,200000,200000,200000,200000,200000,200000,200000,200000,200000,200000,1256,153,127000,125463.46467059533,305.6318396702409,260069.67848632485,225.2468152866242
1786466612,200,POST,/integrations/v2/encounters/update,0.100000,0.000000,200000,200000,200000,200000,200000,200000,200000,200000,200000,200000,200000,1256,153,127000,125463.46467059533,305.6318396702409,260069.67848632485,225.2468152866242
1786466612,200,,Aggregated,0.100000,0.000000,200000,200000,200000,200000,200000,200000,200000,200000,200000,200000,200000,1256,153,127000,125463.46467059533,305.6318396702409,260069.67848632485,225.2468152866242
1786466613,200,POST,/integrations/v2/encounters/update,0.000000,0.000000,200000,200000,203000,203000,203000,203000,203000,203000,203000,203000,203000,1257,153,127000,125524.80746699148,305.6318396702409,260069.67848632485,225.25775656324583
1786466613,200,,Aggregated,0.000000,0.000000,200000,200000,203000,203000,203000,203000,203000,203000,203000,203000,203000,1257,153,127000,125524.80746699148,305.6318396702409,260069.67848632485,225.25775656324583
1786466614,200,POST,/integrations/v2/encounters/update,0.000000,0.000000,200000,200000,203000,203000,203000,203000,203000,203000,203000,203000,203000,1257,153,127000,125524.80746699148,305.6318396702409,260069.67848632485,225.25775656324583
1786466614,200,,Aggregated,0.000000,0.000000,200000,200000,203000,203000,203000,203000,203000,203000,203000,203000,203000,1257,153,127000,125524.80746699148,305.6318396702409,260069.67848632485,225.25775656324583
1786466615,200,POST,/integrations/v2/encounters/update,0.100000,0.000000,188000,188000,203000,203000,203000,203000,203000,203000,203000,203000,203000,1258,153,127000,125574.35604150909,305.6318396702409,260069.67848632485,225.26868044515103
1786466615,200,,Aggregated,0.100000,0.000000,188000,188000,203000,203000,203000,203000,203000,203000,203000,203000,203000,1258,153,127000,125574.35604150909,305.6318396702409,260069.67848632485,225.26868044515103
1786466616,200,POST,/integrations/v2/encounters/update,0.100000,0.000000,188000,188000,203000,203000,203000,203000,203000,203000,203000,203000,203000,1258,153,127000,125574.35604150909,305.6318396702409,260069.67848632485,225.26868044515103
1786466616,200,,Aggregated,0.100000,0.000000,188000,188000,203000,203000,203000,203000,203000,203000,203000,203000,203000,1258,153,127000,125574.35604150909,305.6318396702409,260069.67848632485,225.26868044515103
1786466617,200,POST,/integrations/v2/encounters/update,0.100000,0.000000,188000,188000,203000,203000,203000,203000,203000,203000,203000,203000,203000,1258,153,127000,125574.35604150909,305.6318396702409,260069.67848632485,225.26868044515103
1786466617,200,,Aggregated,0.100000,0.000000,188000,188000,203000,203000,203000,203000,203000,203000,203000,203000,203000,1258,153,127000,125574.35604150909,305.6318396702409,260069.67848632485,225.26868044515103
1786466618,200,POST,/integrations/v2/encounters/update,0.300000,0.000000,188000,188000,203000,203000,228000,228000,228000,228000,228000,228000,228000,1261,153,127000,125735.63579064548,305.6318396702409,260069.67848632485,225.3013481363997
1786466618,200,,Aggregated,0.300000,0.000000,188000,188000,203000,203000,228000,228000,228000,228000,228000,228000,228000,1261,153,127000,125735.63579064548,305.6318396702409,260069.67848632485,225.3013481363997
1786466619,200,POST,/integrations/v2/encounters/update,0.300000,0.000000,185000,188000,203000,203000,228000,228000,228000,228000,228000,228000,228000,1262,153,127000,125772.0481611624,305.6318396702409,260069.67848632485,225.3122028526149
1786466619,200,,Aggregated,0.300000,0.000000,185000,188000,203000,203000,228000,228000,228000,228000,228000,228000,228000,1262,153,127000,125772.0481611624,305.6318396702409,260069.67848632485,225.3122028526149
1786466620,200,POST,/integrations/v2/encounters/update,0.300000,0.000000,185000,188000,203000,203000,228000,228000,228000,228000,228000,228000,228000,1262,153,127000,125772.0481611624,305.6318396702409,260069.67848632485,225.3122028526149
1786466620,200,,Aggregated,0.300000,0.000000,185000,188000,203000,203000,228000,228000,228000,228000,228000,228000,228000,1262,153,127000,125772.0481611624,305.6318396702409,260069.67848632485,225.3122028526149
1786466621,200,POST,/integrations/v2/encounters/update,0.600000,0.000000,185000,188000,202000,203000,228000,228000,228000,228000,228000,228000,228000,1264,153,127000,125870.52975550445,305.6318396702409,260069.67848632485,225.33386075949366
1786466621,200,,Aggregated,0.600000,0.000000,185000,188000,202000,203000,228000,228000,228000,228000,228000,228000,228000,1264,153,127000,125870.52975550445,305.6318396702409,260069.67848632485,225.33386075949366
1786466622,200,POST,/integrations/v2/encounters/update,0.600000,0.000000,188000,202000,203000,203000,228000,228000,228000,228000,228000,228000,228000,1264,153,127000,125870.52975550445,305.6318396702409,260069.67848632485,225.33386075949366
1786466622,200,,Aggregated,0.600000,0.000000,188000,202000,203000,203000,228000,228000,228000,228000,228000,228000,228000,1264,153,127000,125870.52975550445,305.6318396702409,260069.67848632485,225.33386075949366
1786466623,200,POST,/integrations/v2/encounters/update,0.600000,0.000000,188000,202000,203000,203000,228000,228000,228000,228000,228000,228000,228000,1264,153,127000,125870.52975550445,305.6318396702409,260069.67848632485,225.33386075949366
1786466623,200,,Aggregated,0.600000,0.000000,188000,202000,203000,203000,228000,228000,228000,228000,228000,228000,228000,1264,153,127000,125870.52975550445,305.6318396702409,260069.67848632485,225.33386075949366
1786466624,200,POST,/integrations/v2/encounters/update,0.800000,0.000000,188000,201000,202000,202000,228000,228000,228000,228000,228000,228000,228000,1265,153,127000,125929.7499098696,305.6318396702409,260069.67848632485,225.34466403162057
1786466624,200,,Aggregated,0.800000,0.000000,188000,201000,202000,202000,228000,228000,228000,228000,228000,228000,228000,1265,153,127000,125929.7499098696,305.6318396702409,260069.67848632485,225.34466403162057
1786466625,200,POST,/integrations/v2/encounters/update,0.800000,0.000000,188000,198000,201000,202000,228000,228000,228000,228000,228000,228000,228000,1266,153,127000,125986.34025807653,305.6318396702409,260069.67848632485,225.35545023696682
1786466625,200,,Aggregated,0.800000,0.000000,188000,198000,201000,202000,228000,228000,228000,228000,228000,228000,228000,1266,153,127000,125986.34025807653,305.6318396702409,260069.67848632485,225.35545023696682
1786466626,200,POST,/integrations/v2/encounters/update,0.700000,0.000000,179000,198000,201000,202000,228000,228000,228000,228000,228000,228000,228000,1267,153,127000,126025.34726809883,305.6318396702409,260069.67848632485,225.36621941594316
1786466626,200,,Aggregated,0.700000,0.000000,179000,198000,201000,202000,228000,228000,228000,228000,228000,228000,228000,1267,153,127000,126025.34726809883,305.6318396702409,260069.67848632485,225.36621941594316
1786466627,200,POST,/integrations/v2/encounters/update,0.700000,0.000000,179000,198000,201000,202000,228000,228000,228000,228000,228000,228000,228000,1267,153,127000,126025.34726809883,305.6318396702409,260069.67848632485,225.36621941594316
1786466627,200,,Aggregated,0.700000,0.000000,179000,198000,201000,202000,228000,228000,228000,228000,228000,228000,228000,1267,153,127000,126025.34726809883,305.6318396702409,260069.67848632485,225.36621941594316
1786466628,200,POST,/integrations/v2/encounters/update,0.800000,0.000000,176000,198000,201000,201000,202000,202000,202000,202000,202000,202000,202000,1269,153,127000,126103.34881155359,305.6318396702409,260069.67848632485,225.38770685579198
1786466628,200,,Aggregated,0.800000,0.000000,176000,198000,201000,201000,202000,202000,202000,202000,202000,202000,202000,1269,153,127000,126103.34881155359,305.6318396702409,260069.67848632485,225.38770685579198
1786466629,200,POST,/integrations/v2/encounters/update,0.800000,0.000000,176000,198000,201000,201000,202000,202000,202000,202000,202000,202000,202000,1269,153,127000,126103.34881155359,305.6318396702409,260069.67848632485,225.38770685579198
1786466629,200,,Aggregated,0.800000,0.000000,176000,198000,201000,201000,202000,202000,202000,202000,202000,202000,202000,1269,153,127000,126103.34881155359,305.6318396702409,260069.67848632485,225.38770685579198
1786466630,200,POST,/integrations/v2/encounters/update,0.800000,0.000000,176000,198000,201000,201000,202000,202000,202000,202000,202000,202000,202000,1269,153,127000,126103.34881155359,305.6318396702409,260069.67848632485,225.38770685579198
1786466630,200,,Aggregated,0.800000,0.000000,176000,198000,201000,201000,202000,202000,202000,202000,202000,202000,202000,1269,153,127000,126103.34881155359,305.6318396702409,260069.67848632485,225.38770685579198
1786466631,200,POST,/integrations/v2/encounters/update,0.800000,0.000000,176000,198000,201000,201000,202000,202000,202000,202000,202000,202000,201000,1269,153,127000,126103.34881155359,305.6318396702409,260069.67848632485,225.38770685579198
1786466631,200,,Aggregated,0.800000,0.000000,176000,198000,198000,201000,201000,201000,201000,201000,201000,201000,201000,1269,153,127000,126103.34881155359,305.6318396702409,260069.67848632485,225.38770685579198
1786466633,200,POST,/integrations/v2/encounters/update,0.800000,0.000000,176000,198000,198000,201000,201000,201000,201000,201000,201000,201000,201000,1269,153,127000,126103.34881155359,305.6318396702409,260069.67848632485,225.38770685579198
1786466633,200,,Aggregated,0.800000,0.000000,176000,198000,198000,201000,201000,201000,201000,201000,201000,201000,201000,1269,153,127000,126103.34881155359,305.6318396702409,260069.67848632485,225.38770685579198
1786466634,200,POST,/integrations/v2/encounters/update,0.800000,0.000000,176000,176000,198000,198000,198000,198000,198000,198000,198000,198000,198000,1269,153,127000,126103.34881155359,305.6318396702409,260069.67848632485,225.38770685579198
1786466634,200,,Aggregated,0.800000,0.000000,176000,176000,198000,198000,198000,198000,198000,198000,198000,198000,198000,1269,153,127000,126103.34881155359,305.6318396702409,260069.67848632485,225.38770685579198
1786466635,200,POST,/integrations/v2/encounters/update,0.800000,0.000000,176000,176000,176000,176000,176000,176000,176000,176000,176000,176000,176000,1269,153,127000,126103.34881155359,305.6318396702409,260069.67848632485,225.38770685579198
1786466635,200,,Aggregated,0.800000,0.000000,176000,176000,176000,176000,176000,176000,176000,176000,176000,176000,176000,1269,153,127000,126103.34881155359,305.6318396702409,260069.67848632485,225.38770685579198
1786466636,200,POST,/integrations/v2/encounters/update,0.800000,0.000000,176000,176000,176000,176000,176000,176000,176000,176000,176000,176000,176000,1269,153,127000,126103.34881155359,305.6318396702409,260069.67848632485,225.38770685579198
1786466636,200,,Aggregated,0.800000,0.000000,176000,176000,176000,176000,176000,176000,176000,176000,176000,176000,176000,1269,153,127000,126103.34881155359,305.6318396702409,260069.67848632485,225.38770685579198
1786466637,200,POST,/integrations/v2/encounters/update,0.800000,0.000000,176000,176000,176000,176000,176000,176000,176000,176000,176000,176000,176000,1269,153,127000,126103.34881155359,305.6318396702409,260069.67848632485,225.38770685579198
1786466637,200,,Aggregated,0.800000,0.000000,176000,176000,176000,176000,176000,176000,176000,176000,176000,176000,176000,1269,153,127000,126103.34881155359,305.6318396702409,260069.67848632485,225.38770685579198
1786466638,200,POST,/integrations/v2/encounters/update,0.800000,0.000000,176000,176000,176000,176000,176000,176000,176000,176000,176000,176000,176000,1269,153,127000,126103.34881155359,305.6318396702409,260069.67848632485,225.38770685579198
1786466638,200,,Aggregated,0.800000,0.000000,176000,176000,176000,176000,176000,176000,176000,176000,176000,176000,176000,1269,153,127000,126103.34881155359,305.6318396702409,260069.67848632485,225.38770685579198
1786466639,200,POST,/integrations/v2/encounters/update,0.300000,0.000000,176000,176000,212000,212000,212000,212000,212000,212000,212000,212000,212000,1270,153,127000,126171.06780101325,305.6318396702409,260069.67848632485,225.39842519685038
1786466639,200,,Aggregated,0.300000,0.000000,176000,176000,212000,212000,212000,212000,212000,212000,212000,212000,212000,1270,153,127000,126171.06780101325,305.6318396702409,260069.67848632485,225.39842519685038
1786466640,200,POST,/integrations/v2/encounters/update,0.300000,0.000000,176000,176000,212000,212000,212000,212000,212000,212000,212000,212000,212000,1270,153,127000,126171.06780101325,305.6318396702409,260069.67848632485,225.39842519685038
1786466640,200,,Aggregated,0.300000,0.000000,176000,176000,212000,212000,212000,212000,212000,212000,212000,212000,212000,1270,153,127000,126171.06780101325,305.6318396702409,260069.67848632485,225.39842519685038
1786466641,200,POST,/integrations/v2/encounters/update,0.300000,0.000000,176000,176000,212000,212000,212000,212000,212000,212000,212000,212000,212000,1270,153,127000,126171.06780101325,305.6318396702409,260069.67848632485,225.39842519685038
1786466641,200,,Aggregated,0.300000,0.000000,176000,176000,212000,212000,212000,212000,212000,212000,212000,212000,212000,1270,153,127000,126171.06780101325,305.6318396702409,260069.67848632485,225.39842519685038
1786466642,200,POST,/integrations/v2/encounters/update,0.300000,0.000000,176000,176000,212000,212000,212000,212000,212000,212000,212000,212000,212000,1270,153,127000,126171.06780101325,305.6318396702409,260069.67848632485,225.39842519685038
1786466642,200,,Aggregated,0.300000,0.000000,176000,176000,212000,212000,212000,212000,212000,212000,212000,212000,212000,1270,153,127000,126171.06780101325,305.6318396702409,260069.67848632485,225.39842519685038
1786466643,200,POST,/integrations/v2/encounters/update,0.100000,0.000000,212000,212000,212000,212000,212000,212000,212000,212000,212000,212000,212000,1271,153,127000,126228.4423812001,305.6318396702409,260069.67848632485,225.40912667191188
1786466643,200,,Aggregated,0.100000,0.000000,212000,212000,212000,212000,212000,212000,212000,212000,212000,212000,212000,1271,153,127000,126228.4423812001,305.6318396702409,260069.67848632485,225.40912667191188
1786466644,200,POST,/integrations/v2/encounters/update,0.100000,0.000000,212000,212000,212000,212000,212000,212000,212000,212000,212000,212000,212000,1271,153,127000,126228.4423812001,305.6318396702409,260069.67848632485,225.40912667191188
1786466644,200,,Aggregated,0.100000,0.000000,212000,212000,212000,212000,212000,212000,212000,212000,212000,212000,212000,1271,153,127000,126228.4423812001,305.6318396702409,260069.67848632485,225.40912667191188
1786466645,200,POST,/integrations/v2/encounters/update,0.100000,0.000000,199000,199000,212000,212000,212000,212000,212000,212000,212000,212000,212000,1273,153,127000,126329.0128036787,305.6318396702409,260069.67848632485,225.43047918303222
1786466645,200,,Aggregated,0.100000,0.000000,199000,199000,212000,212000,212000,212000,212000,212000,212000,212000,212000,1273,153,127000,126329.0128036787,305.6318396702409,260069.67848632485,225.43047918303222
1786466646,200,POST,/integrations/v2/encounters/update,0.200000,0.000000,191000,199000,199000,212000,212000,212000,212000,212000,212000,212000,212000,1274,153,127000,126377.35952747923,305.6318396702409,260069.67848632485,225.44113029827315
1786466646,200,,Aggregated,0.200000,0.000000,191000,199000,199000,212000,212000,212000,212000,212000,212000,212000,212000,1274,153,127000,126377.35952747923,305.6318396702409,260069.67848632485,225.44113029827315
1786466647,200,POST,/integrations/v2/encounters/update,0.200000,0.000000,189000,191000,199000,199000,212000,212000,212000,212000,212000,212000,212000,1276,153,127000,126473.14411335571,305.6318396702409,260069.67848632485,225.46238244514106
1786466647,200,,Aggregated,0.200000,0.000000,189000,191000,199000,199000,212000,212000,212000,212000,212000,212000,212000,1276,153,127000,126473.14411335571,305.6318396702409,260069.67848632485,225.46238244514106
1786466648,200,POST,/integrations/v2/encounters/update,0.400000,0.000000,189000,191000,199000,199000,212000,212000,212000,212000,212000,212000,212000,1277,153,127000,126520.12911448737,305.6318396702409,260069.67848632485,225.47298355520752
1786466648,200,,Aggregated,0.400000,0.000000,189000,191000,199000,199000,212000,212000,212000,212000,212000,212000,212000,1277,153,127000,126520.12911448737,305.6318396702409,260069.67848632485,225.47298355520752
1786466649,200,POST,/integrations/v2/encounters/update,0.400000,0.000000,189000,191000,199000,199000,212000,212000,212000,212000,212000,212000,212000,1277,153,127000,126520.12911448737,305.6318396702409,260069.67848632485,225.47298355520752
1786466649,200,,Aggregated,0.400000,0.000000,189000,191000,199000,199000,212000,212000,212000,212000,212000,212000,212000,1277,153,127000,126520.12911448737,305.6318396702409,260069.67848632485,225.47298355520752
1786466650,200,POST,/integrations/v2/encounters/update,0.800000,0.000000,189000,191000,196000,196000,199000,199000,199000,199000,199000,199000,199000,1278,153,127000,126574.78275791879,305.6318396702409,260069.67848632485,225.48356807511738
1786466650,200,,Aggregated,0.800000,0.000000,189000,191000,196000,196000,199000,199000,199000,199000,199000,199000,199000,1278,153,127000,126574.78275791879,305.6318396702409,260069.67848632485,225.48356807511738
1786466651,200,POST,/integrations/v2/encounters/update,0.800000,0.000000,189000,189000,191000,196000,199000,199000,199000,199000,199000,199000,199000,1279,153,127000,126623.24065358369,305.6318396702409,260069.67848632485,225.4941360437842
1786466651,200,,Aggregated,0.800000,0.000000,189000,189000,191000,196000,199000,199000,199000,199000,199000,199000,199000,1279,153,127000,126623.24065358369,305.6318396702409,260069.67848632485,225.4941360437842
1786466652,200,POST,/integrations/v2/encounters/update,0.800000,0.000000,189000,189000,191000,196000,199000,199000,199000,199000,199000,199000,199000,1279,153,127000,126623.24065358369,305.6318396702409,260069.67848632485,225.4941360437842
1786466652,200,,Aggregated,0.800000,0.000000,189000,189000,191000,196000,199000,199000,199000,199000,199000,199000,199000,1279,153,127000,126623.24065358369,305.6318396702409,260069.67848632485,225.4941360437842
1786466653,200,POST,/integrations/v2/encounters/update,0.700000,0.000000,189000,189000,191000,196000,215000,215000,215000,215000,215000,215000,215000,1280,153,127000,126692.20449608716,305.6318396702409,260069.67848632485,225.5046875
1786466653,200,,Aggregated,0.700000,0.000000,189000,189000,191000,196000,215000,215000,215000,215000,215000,215000,215000,1280,153,127000,126692.20449608716,305.6318396702409,260069.67848632485,225.5046875
1786466654,200,POST,/integrations/v2/encounters/update,0.700000,0.000000,189000,189000,196000,196000,215000,215000,215000,215000,215000,215000,215000,1280,153,127000,126692.20449608716,305.6318396702409,260069.67848632485,225.5046875
1786466654,200,,Aggregated,0.700000,0.000000,189000,189000,196000,196000,215000,215000,215000,215000,215000,215000,215000,1280,153,127000,126692.20449608716,305.6318396702409,260069.67848632485,225.5046875
1786466655,200,POST,/integrations/v2/encounters/update,0.900000,0.000000,189000,196000,197000,197000,215000,215000,215000,215000,215000,215000,215000,1282,153,128000,126792.56556346212,305.6318396702409,260069.67848632485,225.52574102964118
1786466655,200,,Aggregated,0.900000,0.000000,189000,196000,197000,197000,215000,215000,215000,215000,215000,215000,215000,1282,153,128000,126792.56556346212,305.6318396702409,260069.67848632485,225.52574102964118
1786466656,200,POST,/integrations/v2/encounters/update,0.900000,0.000000,196000,196000,197000,197000,215000,215000,215000,215000,215000,215000,215000,1282,153,128000,126792.56556346212,305.6318396702409,260069.67848632485,225.52574102964118
1786466656,200,,Aggregated,0.900000,0.000000,196000,196000,197000,197000,215000,215000,215000,215000,215000,215000,215000,1282,153,128000,126792.56556346212,305.6318396702409,260069.67848632485,225.52574102964118
1786466657,200,POST,/integrations/v2/encounters/update,0.900000,0.000000,196000,196000,197000,197000,215000,215000,215000,215000,215000,215000,215000,1282,153,128000,126792.56556346212,305.6318396702409,260069.67848632485,225.52574102964118
1786466657,200,,Aggregated,0.900000,0.000000,196000,196000,197000,197000,215000,215000,215000,215000,215000,215000,215000,1282,153,128000,126792.56556346212,305.6318396702409,260069.67848632485,225.52574102964118
1786466658,200,POST,/integrations/v2/encounters/update,0.900000,0.000000,196000,197000,197000,215000,215000,215000,215000,215000,215000,215000,215000,1282,153,128000,126792.56556346212,305.6318396702409,260069.67848632485,225.52574102964118
1786466658,200,,Aggregated,0.900000,0.000000,196000,197000,197000,215000,215000,215000,215000,215000,215000,215000,215000,1282,153,128000,126792.56556346212,305.6318396702409,260069.67848632485,225.52574102964118
1786466659,200,POST,/integrations/v2/encounters/update,0.900000,0.000000,196000,197000,197000,215000,215000,215000,215000,215000,215000,215000,215000,1282,153,128000,126792.56556346212,305.6318396702409,260069.67848632485,225.52574102964118
1786466659,200,,Aggregated,0.900000,0.000000,196000,197000,197000,215000,215000,215000,215000,215000,215000,215000,215000,1282,153,128000,126792.56556346212,305.6318396702409,260069.67848632485,225.52574102964118
1786466660,200,POST,/integrations/v2/encounters/update,0.900000,0.000000,196000,197000,197000,215000,215000,215000,215000,215000,215000,215000,215000,1282,153,128000,126792.56556346212,305.6318396702409,260069.67848632485,225.52574102964118
1786466660,200,,Aggregated,0.900000,0.000000,196000,197000,197000,215000,215000,215000,215000,215000,215000,215000,215000,1282,153,128000,126792.56556346212,305.6318396702409,260069.67848632485,225.52574102964118
1786466661,200,POST,/integrations/v2/encounters/update,0.900000,0.000000,197000,197000,215000,215000,215000,215000,215000,215000,215000,215000,215000,1282,153,128000,126792.56556346212,305.6318396702409,260069.67848632485,225.52574102964118
1786466661,200,,Aggregated,0.900000,0.000000,197000,197000,215000,215000,215000,215000,215000,215000,215000,215000,215000,1282,153,128000,126792.56556346212,305.6318396702409,260069.67848632485,225.52574102964118
1786466662,200,POST,/integrations/v2/encounters/update,0.500000,0.000000,199000,199000,215000,215000,215000,215000,215000,215000,215000,215000,215000,1283,153,128000,126848.68083201264,305.6318396702409,260069.67848632485,225.53624318004677
1786466662,200,,Aggregated,0.500000,0.000000,199000,199000,215000,215000,215000,215000,215000,215000,215000,215000,215000,1283,153,128000,126848.68083201264,305.6318396702409,260069.67848632485,225.53624318004677
1786466663,200,POST,/integrations/v2/encounters/update,0.500000,0.000000,197000,197000,199000,199000,199000,199000,199000,199000,199000,199000,199000,1283,153,128000,126848.68083201264,305.6318396702409,260069.67848632485,225.53624318004677
1786466663,200,,Aggregated,0.500000,0.000000,197000,197000,199000,199000,199000,199000,199000,199000,199000,199000,199000,1283,153,128000,126848.68083201264,305.6318396702409,260069.67848632485,225.53624318004677
1786466664,200,POST,/integrations/v2/encounters/update,0.500000,0.000000,199000,199000,199000,199000,199000,199000,199000,199000,199000,199000,199000,1283,153,128000,126848.68083201264,305.6318396702409,260069.67848632485,225.53624318004677
1786466664,200,,Aggregated,0.500000,0.000000,199000,199000,199000,199000,199000,199000,199000,199000,199000,199000,199000,1283,153,128000,126848.68083201264,305.6318396702409,260069.67848632485,225.53624318004677
1786466665,200,POST,/integrations/v2/encounters/update,0.500000,0.000000,199000,199000,199000,199000,199000,199000,199000,199000,199000,199000,199000,1283,153,128000,126848.68083201264,305.6318396702409,260069.67848632485,225.53624318004677
1786466665,200,,Aggregated,0.500000,0.000000,199000,199000,199000,199000,199000,199000,199000,199000,199000,199000,199000,1283,153,128000,126848.68083201264,305.6318396702409,260069.67848632485,225.53624318004677
1786466666,200,POST,/integrations/v2/encounters/update,0.500000,0.000000,199000,199000,199000,199000,199000,199000,199000,199000,199000,199000,199000,1283,153,128000,126848.68083201264,305.6318396702409,260069.67848632485,225.53624318004677
1786466666,200,,Aggregated,0.500000,0.000000,199000,199000,199000,199000,199000,199000,199000,199000,199000,199000,199000,1283,153,128000,126848.68083201264,305.6318396702409,260069.67848632485,225.53624318004677
1786466667,200,POST,/integrations/v2/encounters/update,0.200000,0.000000,195000,195000,199000,199000,199000,199000,199000,199000,199000,199000,199000,1284,153,128000,126901.66399342602,305.6318396702409,260069.67848632485,225.5467289719626
1786466667,200,,Aggregated,0.200000,0.000000,195000,195000,199000,199000,199000,199000,199000,199000,199000,199000,199000,1284,153,128000,126901.66399342602,305.6318396702409,260069.67848632485,225.5467289719626
1786466668,200,POST,/integrations/v2/encounters/update,0.200000,0.000000,199000,199000,199000,199000,199000,199000,199000,199000,199000,199000,199000,1284,153,128000,126901.66399342602,305.6318396702409,260069.67848632485,225.5467289719626
1786466668,200,,Aggregated,0.200000,0.000000,199000,199000,199000,199000,199000,199000,199000,199000,199000,199000,199000,1284,153,128000,126901.66399342602,305.6318396702409,260069.67848632485,225.5467289719626
1786466669,200,POST,/integrations/v2/encounters/update,0.100000,0.000000,195000,195000,199000,199000,199000,199000,199000,199000,199000,199000,199000,1285,153,128000,126946.9361900126,305.6318396702409,260069.67848632485,225.55719844357978
1786466669,200,,Aggregated,0.100000,0.000000,195000,195000,199000,199000,199000,199000,199000,199000,199000,199000,199000,1285,153,128000,126946.9361900126,305.6318396702409,260069.67848632485,225.55719844357978
1786466670,200,POST,/integrations/v2/encounters/update,0.200000,0.000000,190000,195000,195000,199000,199000,199000,199000,199000,199000,199000,199000,1287,153,128000,127037.97425453669,305.6318396702409,260069.67848632485,225.57808857808857
1786466670,200,,Aggregated,0.200000,0.000000,190000,195000,195000,199000,199000,199000,199000,199000,199000,199000,199000,1287,153,128000,127037.97425453669,305.6318396702409,260069.67848632485,225.57808857808857
1786466671,200,POST,/integrations/v2/encounters/update,0.300000,0.000000,185000,190000,195000,195000,199000,199000,199000,199000,199000,199000,199000,1289,153,128000,127113.12091038091,305.6318396702409,260069.67848632485,225.5989138867339
1786466671,200,,Aggregated,0.300000,0.000000,185000,190000,195000,195000,199000,199000,199000,199000,199000,199000,199000,1289,153,128000,127113.12091038091,305.6318396702409,260069.67848632485,225.5989138867339
1786466672,200,POST,/integrations/v2/encounters/update,0.300000,0.000000,185000,190000,195000,195000,199000,199000,199000,199000,199000,199000,199000,1289,153,128000,127113.12091038091,305.6318396702409,260069.67848632485,225.5989138867339
1786466672,200,,Aggregated,0.300000,0.000000,185000,190000,195000,195000,199000,199000,199000,199000,199000,199000,199000,1289,153,128000,127113.12091038091,305.6318396702409,260069.67848632485,225.5989138867339
1786466673,200,POST,/integrations/v2/encounters/update,0.300000,0.000000,185000,190000,195000,195000,199000,199000,199000,199000,199000,199000,199000,1289,153,128000,127113.12091038091,305.6318396702409,260069.67848632485,225.5989138867339
1786466673,200,,Aggregated,0.300000,0.000000,185000,190000,195000,195000,199000,199000,199000,199000,199000,199000,199000,1289,153,128000,127113.12091038091,305.6318396702409,260069.67848632485,225.5989138867339
1786466674,200,POST,/integrations/v2/encounters/update,0.300000,0.000000,185000,185000,190000,190000,195000,195000,195000,195000,195000,195000,195000,1289,153,128000,127113.12091038091,305.6318396702409,260069.67848632485,225.5989138867339
1786466674,200,,Aggregated,0.300000,0.000000,185000,185000,190000,190000,195000,195000,195000,195000,195000,195000,195000,1289,153,128000,127113.12091038091,305.6318396702409,260069.67848632485,225.5989138867339
1786466675,200,POST,/integrations/v2/encounters/update,0.600000,0.000000,185000,190000,193000,193000,195000,195000,195000,195000,195000,195000,195000,1290,153,128000,127164.0817861075,305.6318396702409,260069.67848632485,225.60930232558138
1786466675,200,,Aggregated,0.600000,0.000000,185000,190000,193000,193000,195000,195000,195000,195000,195000,195000,195000,1290,153,128000,127164.0817861075,305.6318396702409,260069.67848632485,225.60930232558138
1786466676,200,POST,/integrations/v2/encounters/update,0.600000,0.000000,185000,190000,193000,193000,195000,195000,195000,195000,195000,195000,195000,1290,153,128000,127164.0817861075,305.6318396702409,260069.67848632485,225.60930232558138
1786466676,200,,Aggregated,0.600000,0.000000,185000,190000,193000,193000,195000,195000,195000,195000,195000,195000,195000,1290,153,128000,127164.0817861075,305.6318396702409,260069.67848632485,225.60930232558138
1786466677,200,POST,/integrations/v2/encounters/update,0.600000,0.000000,185000,185000,190000,190000,193000,193000,193000,193000,193000,193000,193000,1290,153,128000,127164.0817861075,305.6318396702409,260069.67848632485,225.60930232558138
1786466677,200,,Aggregated,0.600000,0.000000,185000,185000,190000,190000,193000,193000,193000,193000,193000,193000,193000,1290,153,128000,127164.0817861075,305.6318396702409,260069.67848632485,225.60930232558138
1786466678,200,POST,/integrations/v2/encounters/update,0.700000,0.000000,190000,190000,191000,191000,193000,193000,193000,193000,193000,193000,193000,1291,153,128000,127213.49520776604,305.6318396702409,260069.67848632485,225.61967467079782
1786466678,200,,Aggregated,0.700000,0.000000,190000,190000,191000,191000,193000,193000,193000,193000,193000,193000,193000,1291,153,128000,127213.49520776604,305.6318396702409,260069.67848632485,225.61967467079782
1786466679,200,POST,/integrations/v2/encounters/update,0.700000,0.000000,181000,191000,191000,193000,193000,193000,193000,193000,193000,193000,193000,1291,153,128000,127213.49520776604,305.6318396702409,260069.67848632485,225.61967467079782
1786466679,200,,Aggregated,0.700000,0.000000,181000,191000,191000,193000,193000,193000,193000,193000,193000,193000,193000,1291,153,128000,127213.49520776604,305.6318396702409,260069.67848632485,225.61967467079782
1786466680,200,POST,/integrations/v2/encounters/update,0.700000,0.000000,191000,191000,193000,193000,193000,193000,193000,193000,193000,193000,193000,1291,153,128000,127213.49520776604,305.6318396702409,260069.67848632485,225.61967467079782
1786466680,200,,Aggregated,0.700000,0.000000,191000,191000,193000,193000,193000,193000,193000,193000,193000,193000,193000,1291,153,128000,127213.49520776604,305.6318396702409,260069.67848632485,225.61967467079782
1786466681,200,POST,/integrations/v2/encounters/update,0.700000,0.000000,191000,191000,193000,193000,193000,193000,193000,193000,193000,193000,193000,1291,153,128000,127213.49520776604,305.6318396702409,260069.67848632485,225.61967467079782
1786466681,200,,Aggregated,0.700000,0.000000,191000,191000,193000,193000,193000,193000,193000,193000,193000,193000,193000,1291,153,128000,127213.49520776604,305.6318396702409,260069.67848632485,225.61967467079782
1786466682,200,POST,/integrations/v2/encounters/update,0.500000,0.000000,191000,191000,193000,193000,193000,193000,193000,193000,193000,193000,193000,1292,153,128000,127254.37436747279,305.6318396702409,260069.67848632485,225.63003095975233
1786466682,200,,Aggregated,0.500000,0.000000,191000,191000,193000,193000,193000,193000,193000,193000,193000,193000,193000,1292,153,128000,127254.37436747279,305.6318396702409,260069.67848632485,225.63003095975233
1786466683,200,POST,/integrations/v2/encounters/update,0.500000,0.000000,191000,191000,193000,193000,193000,193000,193000,193000,193000,193000,193000,1293,153,128000,127293.74683718168,305.6318396702409,260069.67848632485,225.6403712296984
1786466683,200,,Aggregated,0.500000,0.000000,191000,191000,193000,193000,193000,193000,193000,193000,193000,193000,193000,1293,153,128000,127293.74683718168,305.6318396702409,260069.67848632485,225.6403712296984
1786466684,200,POST,/integrations/v2/encounters/update,0.200000,0.000000,180000,180000,191000,191000,193000,193000,193000,193000,193000,193000,193000,1295,153,128000,127362.97792499284,305.6318396702409,260069.67848632485,225.66100386100385
1786466684,200,,Aggregated,0.200000,0.000000,180000,180000,191000,191000,193000,193000,193000,193000,193000,193000,193000,1295,153,128000,127362.97792499284,305.6318396702409,260069.67848632485,225.66100386100385
1786466685,200,POST,/integrations/v2/encounters/update,0.200000,0.000000,178000,180000,180000,191000,191000,191000,191000,191000,191000,191000,191000,1295,153,128000,127362.97792499284,305.6318396702409,260069.67848632485,225.66100386100385
1786466685,200,,Aggregated,0.200000,0.000000,178000,180000,180000,191000,191000,191000,191000,191000,191000,191000,191000,1295,153,128000,127362.97792499284,305.6318396702409,260069.67848632485,225.66100386100385
1786466686,200,POST,/integrations/v2/encounters/update,0.500000,0.000000,178000,180000,191000,191000,205000,205000,205000,205000,205000,205000,205000,1297,153,128000,127454.6608312328,305.6318396702409,260069.67848632485,225.6823438704703
1786466686,200,,Aggregated,0.500000,0.000000,178000,180000,191000,191000,205000,205000,205000,205000,205000,205000,205000,1297,153,128000,127454.6608312328,305.6318396702409,260069.67848632485,225.6823438704703
1786466687,200,POST,/integrations/v2/encounters/update,0.500000,0.000000,173000,178000,180000,191000,205000,205000,205000,205000,205000,205000,205000,1300,153,128000,127549.47079057184,305.6318396702409,260069.67848632485,225.71307692307693
1786466687,200,,Aggregated,0.500000,0.000000,173000,178000,180000,191000,205000,205000,205000,205000,205000,205000,205000,1300,153,128000,127549.47079057184,305.6318396702409,260069.67848632485,225.71307692307693
1786466688,200,POST,/integrations/v2/encounters/update,0.500000,0.000000,171000,173000,180000,180000,191000,205000,205000,205000,205000,205000,205000,1302,153,129000,127610.15307434219,305.6318396702409,260069.67848632485,225.73348694316437
1786466688,200,,Aggregated,0.500000,0.000000,171000,173000,180000,180000,191000,205000,205000,205000,205000,205000,205000,1302,153,129000,127610.15307434219,305.6318396702409,260069.67848632485,225.73348694316437
1786466689,200,POST,/integrations/v2/encounters/update,0.900000,0.000000,171000,173000,176000,178000,180000,205000,205000,205000,205000,205000,205000,1305,153,129000,127708.16076666469,305.6318396702409,260069.67848632485,225.7639846743295
1786466689,200,,Aggregated,0.900000,0.000000,171000,173000,176000,178000,180000,205000,205000,205000,205000,205000,205000,1305,153,129000,127708.16076666469,305.6318396702409,260069.67848632485,225.7639846743295
1786466690,200,POST,/integrations/v2/encounters/update,0.900000,0.000000,170000,171000,176000,178000,180000,205000,205000,205000,205000,205000,205000,1306,153,129000,127738.3545467106,305.6318396702409,260069.67848632485,225.77411944869831
1786466690,200,,Aggregated,0.900000,0.000000,170000,171000,176000,178000,180000,205000,205000,205000,205000,205000,205000,1306,153,129000,127738.3545467106,305.6318396702409,260069.67848632485,225.77411944869831
1786466691,200,POST,/integrations/v2/encounters/update,1.300000,0.000000,171000,173000,176000,178000,194000,205000,205000,205000,205000,205000,205000,1308,153,129000,127823.48325825034,305.6318396702409,260069.67848632485,225.79434250764527
1786466691,200,,Aggregated,1.300000,0.000000,171000,173000,176000,178000,194000,205000,205000,205000,205000,205000,205000,1308,153,129000,127823.48325825034,305.6318396702409,260069.67848632485,225.79434250764527
1786466692,200,POST,/integrations/v2/encounters/update,1.300000,0.000000,170000,171000,173000,176000,194000,205000,205000,205000,205000,205000,205000,1308,153,129000,127823.48325825034,305.6318396702409,260069.67848632485,225.79434250764527
1786466692,200,,Aggregated,1.300000,0.000000,170000,171000,173000,176000,194000,205000,205000,205000,205000,205000,205000,1308,153,129000,127823.48325825034,305.6318396702409,260069.67848632485,225.79434250764527
1786466693,200,POST,/integrations/v2/encounters/update,1.300000,0.000000,170000,171000,173000,176000,194000,205000,205000,205000,205000,205000,205000,1308,153,129000,127823.48325825034,305.6318396702409,260069.67848632485,225.79434250764527
1786466693,200,,Aggregated,1.300000,0.000000,170000,171000,173000,176000,194000,205000,205000,205000,205000,205000,205000,1308,153,129000,127823.48325825034,305.6318396702409,260069.67848632485,225.79434250764527
1786466694,200,POST,/integrations/v2/encounters/update,1.300000,0.000000,170000,171000,173000,176000,194000,205000,205000,205000,205000,205000,205000,1308,153,129000,127823.48325825034,305.6318396702409,260069.67848632485,225.79434250764527
1786466694,200,,Aggregated,1.300000,0.000000,170000,171000,173000,176000,194000,205000,205000,205000,205000,205000,205000,1308,153,129000,127823.48325825034,305.6318396702409,260069.67848632485,225.79434250764527
1786466695,200,POST,/integrations/v2/encounters/update,1.300000,0.000000,169000,171000,173000,176000,194000,205000,205000,205000,205000,205000,205000,1308,153,129000,127823.48325825034,305.6318396702409,260069.67848632485,225.79434250764527
1786466695,200,,Aggregated,1.300000,0.000000,169000,171000,173000,176000,194000,205000,205000,205000,205000,205000,205000,1308,153,129000,127823.48325825034,305.6318396702409,260069.67848632485,225.79434250764527
1786466696,200,POST,/integrations/v2/encounters/update,1.300000,0.000000,168000,171000,173000,176000,194000,194000,194000,194000,194000,194000,194000,1308,153,129000,127823.48325825034,305.6318396702409,260069.67848632485,225.79434250764527
1786466696,200,,Aggregated,1.300000,0.000000,168000,171000,173000,176000,194000,194000,194000,194000,194000,194000,194000,1308,153,129000,127823.48325825034,305.6318396702409,260069.67848632485,225.79434250764527
1786466697,200,POST,/integrations/v2/encounters/update,1.300000,0.000000,173000,173000,176000,176000,194000,194000,194000,194000,194000,194000,194000,1308,153,129000,127823.48325825034,305.6318396702409,260069.67848632485,225.79434250764527
1786466697,200,,Aggregated,1.300000,0.000000,173000,173000,176000,176000,194000,194000,194000,194000,194000,194000,194000,1308,153,129000,127823.48325825034,305.6318396702409,260069.67848632485,225.79434250764527
1786466698,200,POST,/integrations/v2/encounters/update,1.300000,0.000000,168000,173000,173000,194000,194000,194000,194000,194000,194000,194000,194000,1309,153,129000,127854.09457860231,305.6318396702409,260069.67848632485,225.8044308632544
1786466698,200,,Aggregated,1.300000,0.000000,168000,173000,173000,194000,194000,194000,194000,194000,194000,194000,194000,1309,153,129000,127854.09457860231,305.6318396702409,260069.67848632485,225.8044308632544
1786466699,200,POST,/integrations/v2/encounters/update,0.900000,0.000000,173000,173000,194000,194000,194000,194000,194000,194000,194000,194000,194000,1310,153,129000,127885.82612007578,305.6318396702409,260069.67848632485,225.8145038167939
1786466699,200,,Aggregated,0.900000,0.000000,173000,173000,194000,194000,194000,194000,194000,194000,194000,194000,194000,1310,153,129000,127885.82612007578,305.6318396702409,260069.67848632485,225.8145038167939
1786466700,200,POST,/integrations/v2/encounters/update,0.900000,0.000000,169000,169000,173000,173000,173000,173000,173000,173000,173000,173000,173000,1311,153,129000,127914.13535241593,305.6318396702409,260069.67848632485,225.82456140350877
1786466700,200,,Aggregated,0.900000,0.000000,169000,169000,173000,173000,173000,173000,173000,173000,173000,173000,173000,1311,153,129000,127914.13535241593,305.6318396702409,260069.67848632485,225.82456140350877
1786466701,200,POST,/integrations/v2/encounters/update,0.700000,0.000000,168000,169000,169000,173000,173000,173000,173000,173000,173000,173000,173000,1312,153,129000,127939.25991202527,305.6318396702409,260069.67848632485,225.8346036585366
1786466701,200,,Aggregated,0.700000,0.000000,168000,169000,169000,173000,173000,173000,173000,173000,173000,173000,173000,1312,153,129000,127939.25991202527,305.6318396702409,260069.67848632485,225.8346036585366
1786466702,200,POST,/integrations/v2/encounters/update,0.700000,0.000000,168000,169000,169000,173000,173000,173000,173000,173000,173000,173000,173000,1312,153,129000,127939.25991202527,305.6318396702409,260069.67848632485,225.8346036585366
1786466702,200,,Aggregated,0.700000,0.000000,168000,169000,169000,173000,173000,173000,173000,173000,173000,173000,173000,1312,153,129000,127939.25991202527,305.6318396702409,260069.67848632485,225.8346036585366
1786466703,200,POST,/integrations/v2/encounters/update,0.500000,0.000000,168000,168000,169000,169000,173000,173000,173000,173000,173000,173000,173000,1313,153,129000,127957.09703633228,305.6318396702409,260069.67848632485,225.84463061690784
1786466703,200,,Aggregated,0.500000,0.000000,168000,168000,169000,169000,173000,173000,173000,173000,173000,173000,173000,1313,153,129000,127957.09703633228,305.6318396702409,260069.67848632485,225.84463061690784
1786466704,200,POST,/integrations/v2/encounters/update,0.500000,0.000000,168000,168000,169000,169000,170000,170000,170000,170000,170000,170000,170000,1314,153,129000,127989.35051385514,305.6318396702409,260069.67848632485,225.85464231354644
1786466704,200,,Aggregated,0.500000,0.000000,168000,168000,169000,169000,170000,170000,170000,170000,170000,170000,170000,1314,153,129000,127989.35051385514,305.6318396702409,260069.67848632485,225.85464231354644
1786466705,200,POST,/integrations/v2/encounters/update,0.500000,0.000000,168000,168000,169000,169000,170000,170000,170000,170000,170000,170000,170000,1314,153,129000,127989.35051385514,305.6318396702409,260069.67848632485,225.85464231354644
1786466705,200,,Aggregated,0.500000,0.000000,168000,168000,169000,169000,170000,170000,170000,170000,170000,170000,170000,1314,153,129000,127989.35051385514,305.6318396702409,260069.67848632485,225.85464231354644
1786466706,200,POST,/integrations/v2/encounters/update,0.500000,0.000000,168000,169000,170000,170000,194000,194000,194000,194000,194000,194000,194000,1315,153,129000,128039.32693078004,305.6318396702409,260069.67848632485,225.86463878326995
1786466706,200,,Aggregated,0.500000,0.000000,168000,169000,170000,170000,194000,194000,194000,194000,194000,194000,194000,1315,153,129000,128039.32693078004,305.6318396702409,260069.67848632485,225.86463878326995
1786466707,200,POST,/integrations/v2/encounters/update,0.600000,0.000000,169000,170000,187000,187000,194000,194000,194000,194000,194000,194000,194000,1316,153,129000,128083.890091696,305.6318396702409,260069.67848632485,225.87462006079028
1786466707,200,,Aggregated,0.600000,0.000000,169000,170000,187000,187000,194000,194000,194000,194000,194000,194000,194000,1316,153,129000,128083.890091696,305.6318396702409,260069.67848632485,225.87462006079028
1786466708,200,POST,/integrations/v2/encounters/update,0.700000,0.000000,165000,169000,170000,187000,194000,194000,194000,194000,194000,194000,194000,1318,153,129000,128108.72479873113,305.6318396702409,260069.67848632485,225.89453717754174
1786466708,200,,Aggregated,0.700000,0.000000,165000,169000,170000,187000,194000,194000,194000,194000,194000,194000,194000,1318,153,129000,128108.72479873113,305.6318396702409,260069.67848632485,225.89453717754174
1786466709,200,POST,/integrations/v2/encounters/update,0.700000,0.000000,161000,170000,187000,189000,194000,194000,194000,194000,194000,194000,194000,1320,153,129000,128162.40983156329,305.6318396702409,260069.67848632485,225.91439393939393
1786466709,200,,Aggregated,0.700000,0.000000,161000,170000,187000,189000,194000,194000,194000,194000,194000,194000,194000,1320,153,129000,128162.40983156329,305.6318396702409,260069.67848632485,225.91439393939393
1786466710,200,POST,/integrations/v2/encounters/update,0.700000,0.000000,161000,170000,187000,189000,194000,194000,194000,194000,194000,194000,194000,1321,153,130000,128178.8151379611,305.6318396702409,260069.67848632485,225.92429977289933
1786466710,200,,Aggregated,0.700000,0.000000,161000,170000,187000,189000,194000,194000,194000,194000,194000,194000,194000,1321,153,130000,128178.8151379611,305.6318396702409,260069.67848632485,225.92429977289933
1786466711,200,POST,/integrations/v2/encounters/update,0.700000,0.000000,164000,170000,187000,189000,194000,194000,194000,194000,194000,194000,194000,1322,153,130000,128205.67271457207,305.6318396702409,260069.67848632485,225.93419062027232
1786466711,200,,Aggregated,0.700000,0.000000,164000,170000,187000,189000,194000,194000,194000,194000,194000,194000,194000,1322,153,130000,128205.67271457207,305.6318396702409,260069.67848632485,225.93419062027232
1786466712,200,POST,/integrations/v2/encounters/update,1.000000,0.000000,150000,170000,187000,187000,189000,194000,194000,194000,194000,194000,194000,1324,153,130000,128226.48029894245,305.6318396702409,260069.67848632485,225.95392749244712
1786466712,200,,Aggregated,1.000000,0.000000,150000,170000,187000,187000,189000,194000,194000,194000,194000,194000,194000,1324,153,130000,128226.48029894245,305.6318396702409,260069.67848632485,225.95392749244712
1786466713,200,POST,/integrations/v2/encounters/update,1.000000,0.000000,150000,170000,187000,187000,189000,194000,194000,194000,194000,194000,194000,1324,153,130000,128226.48029894245,305.6318396702409,260069.67848632485,225.95392749244712
1786466713,200,,Aggregated,1.000000,0.000000,150000,170000,187000,187000,189000,194000,194000,194000,194000,194000,194000,1324,153,130000,128226.48029894245,305.6318396702409,260069.67848632485,225.95392749244712
1786466714,200,POST,/integrations/v2/encounters/update,1.000000,0.000000,150000,164000,187000,189000,194000,194000,194000,194000,194000,194000,194000,1324,153,130000,128226.48029894245,305.6318396702409,260069.67848632485,225.95392749244712
1786466714,200,,Aggregated,1.000000,0.000000,150000,164000,187000,189000,194000,194000,194000,194000,194000,194000,194000,1324,153,130000,128226.48029894245,305.6318396702409,260069.67848632485,225.95392749244712
1786466715,200,POST,/integrations/v2/encounters/update,1.100000,0.000000,150000,164000,184000,187000,189000,194000,194000,194000,194000,194000,194000,1328,153,130000,128293.67781597206,305.6318396702409,260069.67848632485,225.99322289156626
1786466715,200,,Aggregated,1.100000,0.000000,150000,164000,184000,187000,189000,194000,194000,194000,194000,194000,194000,1328,153,130000,128293.67781597206,305.6318396702409,260069.67848632485,225.99322289156626
1786466716,200,POST,/integrations/v2/encounters/update,1.000000,0.000000,144000,150000,164000,164000,187000,189000,189000,189000,189000,189000,189000,1331,153,130000,128309.23884697941,305.6318396702409,260069.67848632485,226.02253944402705
1786466716,200,,Aggregated,1.000000,0.000000,144000,150000,164000,164000,187000,189000,189000,189000,189000,189000,189000,1331,153,130000,128309.23884697941,305.6318396702409,260069.67848632485,226.02253944402705
1786466717,200,POST,/integrations/v2/encounters/update,1.000000,0.000000,140000,145000,150000,150000,184000,189000,189000,189000,189000,189000,189000,1333,153,130000,128319.72585264365,305.6318396702409,260069.67848632485,226.04201050262566
1786466717,200,,Aggregated,1.000000,0.000000,140000,145000,150000,150000,184000,189000,189000,189000,189000,189000,189000,1333,153,130000,128319.72585264365,305.6318396702409,260069.67848632485,226.04201050262566
1786466718,200,POST,/integrations/v2/encounters/update,1.400000,0.000000,136000,140000,150000,150000,164000,184000,184000,184000,184000,184000,184000,1335,153,130000,128230.0061902452,305.6318396702409,260069.67848632485,226.06142322097378
1786466718,200,,Aggregated,1.400000,0.000000,136000,140000,150000,150000,164000,184000,184000,184000,184000,184000,184000,1335,153,130000,128230.0061902452,305.6318396702409,260069.67848632485,226.06142322097378
1786466719,200,POST,/integrations/v2/encounters/update,1.800000,0.000000,135000,136000,144000,144000,164000,184000,184000,184000,184000,184000,184000,1337,153,130000,128136.42275825977,305.6318396702409,260069.67848632485,226.08077786088256
1786466719,200,,Aggregated,1.800000,0.000000,135000,136000,144000,144000,164000,184000,184000,184000,184000,184000,184000,1337,153,130000,128136.42275825977,305.6318396702409,260069.67848632485,226.08077786088256
1786466720,200,POST,/integrations/v2/encounters/update,1.800000,0.000000,135000,137000,138000,140000,150000,184000,184000,184000,184000,184000,184000,1341,153,130000,128063.23102606855,305.6318396702409,260069.67848632485,226.1193139448173
1786466720,200,,Aggregated,1.800000,0.000000,135000,137000,138000,140000,150000,184000,184000,184000,184000,184000,184000,1341,153,130000,128063.23102606855,305.6318396702409,260069.67848632485,226.1193139448173
1786466721,200,POST,/integrations/v2/encounters/update,1.700000,0.000000,135000,137000,138000,138000,144000,150000,184000,184000,184000,184000,184000,1344,153,130000,127983.86750045365,305.6318396702409,260069.67848632485,226.14880952380952
1786466721,200,,Aggregated,1.700000,0.000000,135000,137000,138000,138000,144000,150000,184000,184000,184000,184000,184000,1344,153,130000,127983.86750045365,305.6318396702409,260069.67848632485,226.14880952380952
1786466722,200,POST,/integrations/v2/encounters/update,1.800000,0.000000,135000,138000,138000,139000,144000,150000,184000,184000,184000,184000,184000,1346,153,130000,127898.58890293789,305.6318396702409,260069.67848632485,226.16790490341754
1786466722,200,,Aggregated,1.800000,0.000000,135000,138000,138000,139000,144000,150000,184000,184000,184000,184000,184000,1346,153,130000,127898.58890293789,305.6318396702409,260069.67848632485,226.16790490341754
1786466723,200,POST,/integrations/v2/encounters/update,1.800000,0.000000,136000,138000,139000,140000,141000,150000,184000,184000,184000,184000,184000,1348,153,130000,127916.90039252597,305.6318396702409,260069.67848632485,226.18694362017803
1786466723,200,,Aggregated,1.800000,0.000000,136000,138000,139000,140000,141000,150000,184000,184000,184000,184000,184000,1348,153,130000,127916.90039252597,305.6318396702409,260069.67848632485,226.18694362017803
1786466724,200,POST,/integrations/v2/encounters/update,2.100000,0.000000,136000,138000,140000,140000,142000,150000,155000,155000,155000,155000,155000,1351,153,131000,127956.81870417649,305.6318396702409,260069.67848632485,226.21539600296077
1786466724,200,,Aggregated,2.100000,0.000000,136000,138000,140000,140000,142000,150000,155000,155000,155000,155000,155000,1351,153,131000,127956.81870417649,305.6318396702409,260069.67848632485,226.21539600296077
1786466725,200,POST,/integrations/v2/encounters/update,2.400000,0.000000,138000,139000,141000,141000,142000,142000,155000,155000,155000,155000,155000,1353,153,131000,127977.06932809533,305.6318396702409,260069.67848632485,226.23429416112342
1786466725,200,,Aggregated,2.400000,0.000000,138000,139000,141000,141000,142000,142000,155000,155000,155000,155000,155000,1353,153,131000,127977.06932809533,305.6318396702409,260069.67848632485,226.23429416112342
1786466726,200,POST,/integrations/v2/encounters/update,2.500000,0.000000,138000,141000,141000,142000,142000,143000,155000,155000,155000,155000,155000,1358,153,131000,127828.42222988675,305.6318396702409,260069.67848632485,226.28129602356407
1786466726,200,,Aggregated,2.500000,0.000000,138000,141000,141000,142000,142000,143000,155000,155000,155000,155000,155000,1358,153,131000,127828.42222988675,305.6318396702409,260069.67848632485,226.28129602356407
1786466727,200,POST,/integrations/v2/encounters/update,2.500000,0.000000,139000,141000,142000,142000,143000,144000,155000,155000,155000,155000,155000,1360,153,131000,127749.20898437084,305.6318396702409,260069.67848632485,226.3
1786466727,200,,Aggregated,2.500000,0.000000,139000,141000,142000,142000,143000,144000,155000,155000,155000,155000,155000,1360,153,131000,127749.20898437084,305.6318396702409,260069.67848632485,226.3
1786466728,200,POST,/integrations/v2/encounters/update,2.700000,0.000000,140000,141000,142000,142000,146000,155000,202000,202000,202000,202000,202000,1363,153,131000,127729.95720936317,305.6318396702409,260069.67848632485,226.32795304475422
1786466728,200,,Aggregated,2.700000,0.000000,140000,141000,142000,142000,146000,155000,202000,202000,202000,202000,202000,1363,153,131000,127729.95720936317,305.6318396702409,260069.67848632485,226.32795304475422
1786466729,200,POST,/integrations/v2/encounters/update,2.700000,0.000000,140000,142000,142000,143000,146000,155000,202000,202000,202000,202000,202000,1366,153,131000,127660.88978136402,305.6318396702409,260069.67848632485,226.3557833089312
1786466729,200,,Aggregated,2.700000,0.000000,140000,142000,142000,143000,146000,155000,202000,202000,202000,202000,202000,1366,153,131000,127660.88978136402,305.6318396702409,260069.67848632485,226.3557833089312
1786466730,200,POST,/integrations/v2/encounters/update,2.600000,0.000000,141000,142000,143000,144000,155000,160000,202000,202000,202000,202000,202000,1369,153,131000,127507.5895095551,305.6318396702409,260069.67848632485,226.3834915997078
1786466730,200,,Aggregated,2.600000,0.000000,141000,142000,143000,144000,155000,160000,202000,202000,202000,202000,202000,1369,153,131000,127507.5895095551,305.6318396702409,260069.67848632485,226.3834915997078
1786466731,200,POST,/integrations/v2/encounters/update,2.900000,0.000000,141000,142000,145000,146000,155000,160000,202000,202000,202000,202000,202000,1372,153,131000,127445.77726152944,305.6318396702409,260069.67848632485,226.41107871720118
1786466731,200,,Aggregated,2.900000,0.000000,141000,142000,145000,146000,155000,160000,202000,202000,202000,202000,202000,1372,153,131000,127445.77726152944,305.6318396702409,260069.67848632485,226.41107871720118
1786466732,200,POST,/integrations/v2/encounters/update,2.800000,0.000000,142000,144000,146000,147000,155000,160000,202000,202000,202000,202000,202000,1378,153,131000,127324.01640803729,305.6318396702409,260069.67848632485,226.46589259796806
1786466732,200,,Aggregated,2.800000,0.000000,142000,144000,146000,147000,155000,160000,202000,202000,202000,202000,202000,1378,153,131000,127324.01640803729,305.6318396702409,260069.67848632485,226.46589259796806
1786466733,200,POST,/integrations/v2/encounters/update,2.600000,0.000000,142000,145000,147000,147000,149000,160000,202000,202000,202000,202000,202000,1382,153,131000,127284.82662425455,305.6318396702409,260069.67848632485,226.50217076700434
1786466733,200,,Aggregated,2.600000,0.000000,142000,145000,147000,147000,149000,160000,202000,202000,202000,202000,202000,1382,153,131000,127284.82662425455,305.6318396702409,260069.67848632485,226.50217076700434
1786466734,200,POST,/integrations/v2/encounters/update,3.100000,0.000000,144000,147000,148000,148000,150000,160000,202000,202000,202000,202000,202000,1386,153,131000,127346.56626934439,305.6318396702409,260069.67848632485,226.53896103896105
1786466734,200,,Aggregated,3.100000,0.000000,144000,147000,148000,148000,150000,160000,202000,202000,202000,202000,202000,1386,153,131000,127346.56626934439,305.6318396702409,260069.67848632485,226.53896103896105
1786466735,200,POST,/integrations/v2/encounters/update,3.100000,0.000000,146000,147000,148000,149000,150000,160000,202000,202000,202000,202000,202000,1392,153,131000,127138.37360360427,305.6318396702409,260069.67848632485,226.5926724137931
1786466735,200,,Aggregated,3.100000,0.000000,146000,147000,148000,149000,150000,160000,202000,202000,202000,202000,202000,1392,153,131000,127138.37360360427,305.6318396702409,260069.67848632485,226.5926724137931
1786466736,200,POST,/integrations/v2/encounters/update,3.500000,0.000000,146000,148000,149000,149000,151000,160000,202000,202000,202000,202000,202000,1395,153,131000,127085.6924735212,305.6318396702409,260069.67848632485,226.61935483870968
1786466736,200,,Aggregated,3.500000,0.000000,146000,148000,149000,149000,151000,160000,202000,202000,202000,202000,202000,1395,153,131000,127085.6924735212,305.6318396702409,260069.67848632485,226.61935483870968
1786466737,200,POST,/integrations/v2/encounters/update,3.800000,0.000000,147000,149000,150000,151000,153000,160000,202000,202000,202000,202000,202000,1400,153,132000,127172.5938107248,305.6318396702409,260069.67848632485,226.66357142857143
1786466737,200,,Aggregated,3.800000,0.000000,147000,149000,150000,151000,153000,160000,202000,202000,202000,202000,202000,1400,153,132000,127172.5938107248,305.6318396702409,260069.67848632485,226.66357142857143
1786466738,200,POST,/integrations/v2/encounters/update,3.700000,0.000000,148000,149000,150000,151000,153000,159000,160000,160000,160000,160000,160000,1402,153,132000,127110.5525832985,305.6318396702409,260069.67848632485,226.6811697574893
1786466738,200,,Aggregated,3.700000,0.000000,148000,149000,150000,151000,153000,159000,160000,160000,160000,160000,160000,1402,153,132000,127110.5525832985,305.6318396702409,260069.67848632485,226.6811697574893
1786466739,200,POST,/integrations/v2/encounters/update,3.700000,0.000000,148000,150000,151000,152000,153000,159000,160000,160000,160000,160000,160000,1407,153,132000,126996.77998350996,305.6318396702409,260069.67848632485,226.72565742714997
1786466739,200,,Aggregated,3.700000,0.000000,148000,150000,151000,152000,153000,159000,160000,160000,160000,160000,160000,1407,153,132000,126996.77998350996,305.6318396702409,260069.67848632485,226.72565742714997
1786466740,200,POST,/integrations/v2/encounters/update,4.000000,0.000000,148000,150000,152000,152000,153000,158000,159000,159000,159000,159000,159000,1410,153,132000,127061.70405418107,305.6318396702409,260069.67848632485,226.75177304964538
1786466740,200,,Aggregated,4.000000,0.000000,148000,150000,152000,152000,153000,158000,159000,159000,159000,159000,159000,1410,153,132000,127061.70405418107,305.6318396702409,260069.67848632485,226.75177304964538
1786466741,200,POST,/integrations/v2/encounters/update,3.800000,0.000000,150000,152000,153000,153000,158000,159000,159000,159000,159000,159000,159000,1413,153,132000,127128.55216253814,305.6318396702409,260069.67848632485,226.77777777777777
1786466741,200,,Aggregated,3.800000,0.000000,150000,152000,153000,153000,158000,159000,159000,159000,159000,159000,159000,1413,153,132000,127128.55216253814,305.6318396702409,260069.67848632485,226.77777777777777
1786466742,200,POST,/integrations/v2/encounters/update,4.200000,0.000000,150000,152000,153000,158000,158000,159000,159000,159000,159000,159000,159000,1414,153,132000,127150.77411074504,305.6318396702409,260069.67848632485,226.7864214992928
1786466742,200,,Aggregated,4.200000,0.000000,150000,152000,153000,158000,158000,159000,159000,159000,159000,159000,159000,1414,153,132000,127150.77411074504,305.6318396702409,260069.67848632485,226.7864214992928
1786466743,200,POST,/integrations/v2/encounters/update,4.200000,0.000000,151000,153000,158000,158000,159000,159000,160000,160000,160000,160000,160000,1416,153,132000,127101.08310285657,305.6318396702409,260069.67848632485,226.8036723163842
1786466743,200,,Aggregated,4.200000,0.000000,151000,153000,158000,158000,159000,159000,160000,160000,160000,160000,160000,1416,153,132000,127101.08310285657,305.6318396702409,260069.67848632485,226.8036723163842
1786466744,200,POST,/integrations/v2/encounters/update,4.200000,0.000000,152000,157000,158000,158000,159000,160000,160000,160000,160000,160000,160000,1417,153,132000,127124.58267161771,305.6318396702409,260069.67848632485,226.8122794636556
1786466744,200,,Aggregated,4.200000,0.000000,152000,157000,158000,158000,159000,160000,160000,160000,160000,160000,160000,1417,153,132000,127124.58267161771,305.6318396702409,260069.67848632485,226.8122794636556
1786466745,200,POST,/integrations/v2/encounters/update,3.800000,0.000000,152000,158000,158000,158000,159000,160000,160000,160000,160000,160000,160000,1419,153,132000,127056.5898931975,305.6318396702409,260069.67848632485,226.8294573643411
1786466745,200,,Aggregated,3.800000,0.000000,152000,158000,158000,158000,159000,160000,160000,160000,160000,160000,160000,1419,153,132000,127056.5898931975,305.6318396702409,260069.67848632485,226.8294573643411
1786466746,200,POST,/integrations/v2/encounters/update,3.300000,0.000000,153000,158000,159000,159000,160000,160000,161000,161000,161000,161000,161000,1421,153,132000,127000.58185547753,305.6318396702409,260069.67848632485,226.8465869106263
1786466746,200,,Aggregated,3.300000,0.000000,153000,158000,159000,159000,160000,160000,161000,161000,161000,161000,161000,1421,153,132000,127000.58185547753,305.6318396702409,260069.67848632485,226.8465869106263
1786466747,200,POST,/integrations/v2/encounters/update,2.900000,0.000000,158000,158000,159000,160000,161000,162000,163000,163000,163000,163000,163000,1424,153,132000,126976.82784221499,305.6318396702409,260069.67848632485,226.87219101123594
1786466747,200,,Aggregated,2.900000,0.000000,158000,158000,159000,160000,161000,162000,163000,163000,163000,163000,163000,1424,153,132000,126976.82784221499,305.6318396702409,260069.67848632485,226.87219101123594
1786466748,200,POST,/integrations/v2/encounters/update,2.700000,0.000000,158000,159000,160000,160000,162000,163000,164000,164000,164000,164000,164000,1425,153,133000,127002.47007251524,305.6318396702409,260069.67848632485,226.88070175438597
1786466748,200,,Aggregated,2.700000,0.000000,158000,159000,160000,160000,162000,163000,164000,164000,164000,164000,164000,1425,153,133000,127002.47007251524,305.6318396702409,260069.67848632485,226.88070175438597
1786466749,200,POST,/integrations/v2/encounters/update,2.600000,0.000000,159000,160000,162000,163000,165000,167000,167000,167000,167000,167000,167000,1429,153,133000,126901.33460582969,305.6318396702409,260069.67848632485,226.9146256123163
1786466749,200,,Aggregated,2.600000,0.000000,159000,160000,162000,163000,165000,167000,167000,167000,167000,167000,167000,1429,153,133000,126901.33460582969,305.6318396702409,260069.67848632485,226.9146256123163
1786466750,200,POST,/integrations/v2/encounters/update,2.400000,0.000000,159000,161000,163000,164000,165000,165000,167000,167000,167000,167000,167000,1432,153,133000,126876.6868690326,305.6318396702409,260069.67848632485,226.93994413407822
1786466750,200,,Aggregated,2.400000,0.000000,159000,161000,163000,164000,165000,165000,167000,167000,167000,167000,167000,1432,153,133000,126876.6868690326,305.6318396702409,260069.67848632485,226.93994413407822
1786466751,200,POST,/integrations/v2/encounters/update,2.300000,0.000000,160000,163000,164000,165000,165000,167000,171000,171000,171000,171000,171000,1434,153,133000,126933.7065608549,305.6318396702409,260069.67848632485,226.95676429567644
1786466751,200,,Aggregated,2.300000,0.000000,160000,163000,164000,165000,165000,167000,171000,171000,171000,171000,171000,1434,153,133000,126933.7065608549,305.6318396702409,260069.67848632485,226.95676429567644
1786466752,200,POST,/integrations/v2/encounters/update,2.000000,0.000000,161000,164000,165000,165000,167000,170000,171000,171000,171000,171000,171000,1436,153,133000,126888.16211087398,305.6318396702409,260069.67848632485,226.97353760445682
1786466752,200,,Aggregated,2.000000,0.000000,161000,164000,165000,165000,167000,170000,171000,171000,171000,171000,171000,1436,153,133000,126888.16211087398,305.6318396702409,260069.67848632485,226.97353760445682
1786466753,200,POST,/integrations/v2/encounters/update,2.100000,0.000000,162000,164000,165000,165000,170000,170000,171000,171000,171000,171000,171000,1439,153,133000,126866.1004901109,305.6318396702409,260069.67848632485,226.99861014593466
1786466753,200,,Aggregated,2.100000,0.000000,162000,164000,165000,165000,170000,170000,171000,171000,171000,171000,171000,1439,153,133000,126866.1004901109,305.6318396702409,260069.67848632485,226.99861014593466
1786466754,200,POST,/integrations/v2/encounters/update,2.100000,0.000000,162000,164000,165000,167000,170000,171000,172000,172000,172000,172000,172000,1443,153,133000,126839.37865541523,305.6318396702409,260069.67848632485,227.03187803187802
1786466754,200,,Aggregated,2.100000,0.000000,162000,164000,165000,167000,170000,171000,172000,172000,172000,172000,172000,1443,153,133000,126839.37865541523,305.6318396702409,260069.67848632485,227.03187803187802
1786466755,200,POST,/integrations/v2/encounters/update,2.300000,0.000000,163000,165000,167000,170000,172000,172000,172000,172000,172000,172000,172000,1445,153,133000,126901.88523745279,305.6318396702409,260069.67848632485,227.0484429065744
1786466755,200,,Aggregated,2.300000,0.000000,163000,165000,167000,170000,172000,172000,172000,172000,172000,172000,172000,1445,153,133000,126901.88523745279,305.6318396702409,260069.67848632485,227.0484429065744
1786466756,200,POST,/integrations/v2/encounters/update,2.300000,0.000000,164000,165000,170000,170000,172000,172000,172000,172000,172000,172000,172000,1445,153,133000,126901.88523745279,305.6318396702409,260069.67848632485,227.0484429065744
1786466756,200,,Aggregated,2.300000,0.000000,164000,165000,170000,170000,172000,172000,172000,172000,172000,172000,172000,1445,153,133000,126901.88523745279,305.6318396702409,260069.67848632485,227.0484429065744
1786466757,200,POST,/integrations/v2/encounters/update,2.500000,0.000000,165000,167000,170000,171000,172000,172000,175000,175000,175000,175000,175000,1446,153,133000,126935.43617966388,305.6318396702409,260069.67848632485,227.0567081604426
1786466757,200,,Aggregated,2.500000,0.000000,165000,167000,170000,171000,172000,172000,175000,175000,175000,175000,175000,1446,153,133000,126935.43617966388,305.6318396702409,260069.67848632485,227.0567081604426
1786466758,200,POST,/integrations/v2/encounters/update,2.500000,0.000000,165000,170000,171000,172000,172000,174000,175000,175000,175000,175000,175000,1449,153,133000,126827.26834604716,305.6318396702409,260069.67848632485,227.08143547273983
1786466758,200,,Aggregated,2.500000,0.000000,165000,170000,171000,172000,172000,174000,175000,175000,175000,175000,175000,1449,153,133000,126827.26834604716,305.6318396702409,260069.67848632485,227.08143547273983
1786466759,200,POST,/integrations/v2/encounters/update,2.500000,0.000000,165000,170000,172000,172000,174000,175000,177000,177000,177000,177000,177000,1450,153,133000,126861.5740158642,305.6318396702409,260069.67848632485,227.08965517241379
1786466759,200,,Aggregated,2.500000,0.000000,165000,170000,172000,172000,174000,175000,177000,177000,177000,177000,177000,1450,153,133000,126861.5740158642,305.6318396702409,260069.67848632485,227.08965517241379
1786466760,200,POST,/integrations/v2/encounters/update,2.200000,0.000000,170000,172000,172000,174000,176000,177000,177000,177000,177000,177000,177000,1451,153,134000,126895.16760273145,305.6318396702409,260069.67848632485,227.09786354238457
1786466760,200,,Aggregated,2.200000,0.000000,170000,172000,172000,174000,176000,177000,177000,177000,177000,177000,177000,1451,153,134000,126895.16760273145,305.6318396702409,260069.67848632485,227.09786354238457
1786466761,200,POST,/integrations/v2/encounters/update,2.400000,0.000000,170000,172000,174000,175000,176000,177000,177000,177000,177000,177000,177000,1453,153,134000,126861.1444368068,305.6318396702409,260069.67848632485,227.11424638678596
1786466761,200,,Aggregated,2.400000,0.000000,170000,172000,174000,175000,176000,177000,177000,177000,177000,177000,177000,1453,153,134000,126861.1444368068,305.6318396702409,260069.67848632485,227.11424638678596
1786466762,200,POST,/integrations/v2/encounters/update,2.200000,0.000000,160000,172000,175000,176000,177000,178000,178000,178000,178000,178000,178000,1456,153,133000,126759.02726281717,305.6318396702409,260069.67848632485,227.13873626373626
1786466762,200,,Aggregated,2.200000,0.000000,160000,172000,175000,176000,177000,178000,178000,178000,178000,178000,178000,1456,153,133000,126759.02726281717,305.6318396702409,260069.67848632485,227.13873626373626
1786466763,200,POST,/integrations/v2/encounters/update,2.200000,0.000000,172000,174000,176000,176000,177000,178000,178000,178000,178000,178000,178000,1456,153,133000,126759.02726281717,305.6318396702409,260069.67848632485,227.13873626373626
1786466763,200,,Aggregated,2.200000,0.000000,172000,174000,176000,176000,177000,178000,178000,178000,178000,178000,178000,1456,153,133000,126759.02726281717,305.6318396702409,260069.67848632485,227.13873626373626
1786466764,200,POST,/integrations/v2/encounters/update,2.200000,0.000000,174000,175000,176000,176000,177000,178000,178000,178000,178000,178000,178000,1456,153,133000,126759.02726281717,305.6318396702409,260069.67848632485,227.13873626373626
1786466764,200,,Aggregated,2.200000,0.000000,174000,175000,176000,176000,177000,178000,178000,178000,178000,178000,178000,1456,153,133000,126759.02726281717,305.6318396702409,260069.67848632485,227.13873626373626
1786466765,200,POST,/integrations/v2/encounters/update,1.900000,0.000000,174000,176000,176000,177000,178000,179000,179000,179000,179000,179000,179000,1458,153,133000,126729.56725465028,305.6318396702409,260069.67848632485,227.15500685871055
1786466765,200,,Aggregated,1.900000,0.000000,174000,176000,176000,177000,178000,179000,179000,179000,179000,179000,179000,1458,153,133000,126729.56725465028,305.6318396702409,260069.67848632485,227.15500685871055
1786466766,200,POST,/integrations/v2/encounters/update,1.900000,0.000000,174000,176000,176000,177000,178000,179000,179000,179000,179000,179000,179000,1459,153,133000,126662.53326813986,305.6318396702409,260069.67848632485,227.1631254283756
1786466766,200,,Aggregated,1.900000,0.000000,174000,176000,176000,177000,178000,179000,179000,179000,179000,179000,179000,1459,153,133000,126662.53326813986,305.6318396702409,260069.67848632485,227.1631254283756
1786466767,200,POST,/integrations/v2/encounters/update,1.500000,0.000000,32000,176000,176000,177000,178000,179000,179000,179000,179000,179000,179000,1460,153,133000,126596.1039698831,305.6318396702409,260069.67848632485,227.17123287671234
1786466767,200,,Aggregated,1.500000,0.000000,32000,176000,176000,177000,178000,179000,179000,179000,179000,179000,179000,1460,153,133000,126596.1039698831,305.6318396702409,260069.67848632485,227.17123287671234
1786466768,200,POST,/integrations/v2/encounters/update,1.400000,0.000000,32000,176000,178000,178000,179000,185000,185000,185000,185000,185000,185000,1462,153,133000,126571.89481630783,305.6318396702409,260069.67848632485,227.18741450068399
1786466768,200,,Aggregated,1.400000,0.000000,32000,176000,178000,178000,179000,185000,185000,185000,185000,185000,185000,1462,153,133000,126571.89481630783,305.6318396702409,260069.67848632485,227.18741450068399
1786466769,200,POST,/integrations/v2/encounters/update,1.400000,0.000000,32000,176000,178000,178000,179000,185000,185000,185000,185000,185000,185000,1462,153,133000,126571.89481630783,305.6318396702409,260069.67848632485,227.18741450068399
1786466769,200,,Aggregated,1.400000,0.000000,32000,176000,178000,178000,179000,185000,185000,185000,185000,185000,185000,1462,153,133000,126571.89481630783,305.6318396702409,260069.67848632485,227.18741450068399
1786466770,200,POST,/integrations/v2/encounters/update,1.300000,0.000000,32000,34000,178000,178000,179000,185000,185000,185000,185000,185000,185000,1463,153,133000,126508.8895959692,305.6318396702409,260069.67848632485,227.1954887218045
1786466770,200,,Aggregated,1.300000,0.000000,32000,34000,178000,178000,179000,185000,185000,185000,185000,185000,185000,1463,153,133000,126508.8895959692,305.6318396702409,260069.67848632485,227.1954887218045
1786466771,200,POST,/integrations/v2/encounters/update,1.200000,0.000000,32000,178000,179000,179000,185000,187000,187000,187000,187000,187000,187000,1464,153,133000,126549.93747787876,305.6318396702409,260069.67848632485,227.20355191256832
1786466771,200,,Aggregated,1.200000,0.000000,32000,178000,179000,179000,185000,187000,187000,187000,187000,187000,187000,1464,153,133000,126549.93747787876,305.6318396702409,260069.67848632485,227.20355191256832
1786466772,200,POST,/integrations/v2/encounters/update,1.100000,0.000000,34000,178000,185000,185000,187000,187000,187000,187000,187000,187000,187000,1465,153,133000,126591.29804491998,305.6318396702409,260069.67848632485,227.21160409556313
1786466772,200,,Aggregated,1.100000,0.000000,34000,178000,185000,185000,187000,187000,187000,187000,187000,187000,187000,1465,153,133000,126591.29804491998,305.6318396702409,260069.67848632485,227.21160409556313
1786466773,200,POST,/integrations/v2/encounters/update,1.100000,0.000000,34000,179000,185000,187000,187000,187000,187000,187000,187000,187000,187000,1465,153,133000,126591.29804491998,305.6318396702409,260069.67848632485,227.21160409556313
1786466773,200,,Aggregated,1.100000,0.000000,34000,179000,185000,187000,187000,187000,187000,187000,187000,187000,187000,1465,153,133000,126591.29804491998,305.6318396702409,260069.67848632485,227.21160409556313
1786466774,200,POST,/integrations/v2/encounters/update,1.100000,0.000000,179000,185000,187000,187000,188000,188000,188000,188000,188000,188000,188000,1467,153,133000,126575.01411024464,305.6318396702409,260069.67848632485,227.227675528289
1786466774,200,,Aggregated,1.100000,0.000000,179000,185000,187000,187000,188000,188000,188000,188000,188000,188000,188000,1467,153,133000,126575.01411024464,305.6318396702409,260069.67848632485,227.227675528289
1786466775,200,POST,/integrations/v2/encounters/update,0.900000,0.000000,156000,185000,187000,187000,187000,188000,188000,188000,188000,188000,188000,1470,153,133000,126555.65357844924,305.6318396702409,260069.67848632485,227.2517006802721
1786466775,200,,Aggregated,0.900000,0.000000,156000,185000,187000,187000,187000,188000,188000,188000,188000,188000,188000,1470,153,133000,126555.65357844924,305.6318396702409,260069.67848632485,227.2517006802721
1786466776,200,POST,/integrations/v2/encounters/update,0.900000,0.000000,156000,157000,187000,187000,187000,188000,188000,188000,188000,188000,188000,1471,153,133000,126495.68905760402,305.6318396702409,260069.67848632485,227.25968728755947
1786466776,200,,Aggregated,0.900000,0.000000,156000,157000,187000,187000,187000,188000,188000,188000,188000,188000,188000,1471,153,133000,126495.68905760402,305.6318396702409,260069.67848632485,227.25968728755947
1786466777,200,POST,/integrations/v2/encounters/update,0.900000,0.000000,156000,185000,187000,187000,187000,188000,188000,188000,188000,188000,188000,1471,153,133000,126495.68905760402,305.6318396702409,260069.67848632485,227.25968728755947
1786466777,200,,Aggregated,0.900000,0.000000,156000,185000,187000,187000,187000,188000,188000,188000,188000,188000,188000,1471,153,133000,126495.68905760402,305.6318396702409,260069.67848632485,227.25968728755947
1786466778,200,POST,/integrations/v2/encounters/update,1.100000,0.000000,157000,185000,187000,187000,188000,192000,192000,192000,192000,192000,192000,1472,153,133000,126540.11682579854,305.6318396702409,260069.67848632485,227.26766304347825
1786466778,200,,Aggregated,1.100000,0.000000,157000,185000,187000,187000,188000,192000,192000,192000,192000,192000,192000,1472,153,133000,126540.11682579854,305.6318396702409,260069.67848632485,227.26766304347825
1786466779,200,POST,/integrations/v2/encounters/update,1.100000,0.000000,156000,187000,187000,187000,188000,192000,192000,192000,192000,192000,192000,1473,153,133000,126484.38713055068,305.6318396702409,260069.67848632485,227.275627970129
1786466779,200,,Aggregated,1.100000,0.000000,156000,187000,187000,187000,188000,192000,192000,192000,192000,192000,192000,1473,153,133000,126484.38713055068,305.6318396702409,260069.67848632485,227.275627970129
1786466780,200,POST,/integrations/v2/encounters/update,1.100000,0.000000,157000,187000,188000,188000,192000,195000,195000,195000,195000,195000,195000,1474,153,133000,126530.6044588653,305.6318396702409,260069.67848632485,227.28358208955223
1786466780,200,,Aggregated,1.100000,0.000000,157000,187000,188000,188000,192000,195000,195000,195000,195000,195000,195000,1474,153,133000,126530.6044588653,305.6318396702409,260069.67848632485,227.28358208955223
1786466781,200,POST,/integrations/v2/encounters/update,1.000000,0.000000,156000,157000,188000,188000,192000,195000,195000,195000,195000,195000,195000,1476,153,133000,126417.73869083745,305.6318396702409,260069.67848632485,227.29945799457994
1786466781,200,,Aggregated,1.000000,0.000000,156000,157000,188000,188000,192000,195000,195000,195000,195000,195000,195000,1476,153,133000,126417.73869083745,305.6318396702409,260069.67848632485,227.29945799457994
1786466782,200,POST,/integrations/v2/encounters/update,1.100000,0.000000,156000,187000,188000,192000,195000,197000,197000,197000,197000,197000,197000,1478,153,133000,126408.69324358765,305.6318396702409,260069.67848632485,227.31529093369417
1786466782,200,,Aggregated,1.100000,0.000000,156000,187000,188000,192000,195000,197000,197000,197000,197000,197000,197000,1478,153,133000,126408.69324358765,305.6318396702409,260069.67848632485,227.31529093369417
1786466783,200,POST,/integrations/v2/encounters/update,1.100000,0.000000,156000,164000,188000,192000,195000,197000,197000,197000,197000,197000,197000,1479,153,133000,126433.80932736796,305.6318396702409,260069.67848632485,227.32319134550372
1786466783,200,,Aggregated,1.100000,0.000000,156000,164000,188000,192000,195000,197000,197000,197000,197000,197000,197000,1479,153,133000,126433.80932736796,305.6318396702409,260069.67848632485,227.32319134550372
1786466784,200,POST,/integrations/v2/encounters/update,1.200000,0.000000,156000,164000,165000,192000,195000,197000,197000,197000,197000,197000,197000,1480,153,133000,126460.13144615716,305.6318396702409,260069.67848632485,227.3310810810811
1786466784,200,,Aggregated,1.200000,0.000000,156000,164000,165000,192000,195000,197000,197000,197000,197000,197000,197000,1480,153,133000,126460.13144615716,305.6318396702409,260069.67848632485,227.3310810810811
1786466785,200,POST,/integrations/v2/encounters/update,1.300000,0.000000,164000,192000,195000,195000,197000,199000,199000,199000,199000,199000,199000,1481,153,134000,126509.34847896518,305.6318396702409,260069.67848632485,227.33896016205267
1786466785,200,,Aggregated,1.300000,0.000000,164000,192000,195000,195000,197000,199000,199000,199000,199000,199000,199000,1481,153,134000,126509.34847896518,305.6318396702409,260069.67848632485,227.33896016205267
1786466787,200,POST,/integrations/v2/encounters/update,1.300000,0.000000,165000,192000,195000,197000,199000,199000,199000,199000,199000,199000,199000,1481,153,134000,126509.34847896518,305.6318396702409,260069.67848632485,227.33896016205267
1786466787,200,,Aggregated,1.300000,0.000000,165000,192000,195000,197000,199000,199000,199000,199000,199000,199000,199000,1481,153,134000,126509.34847896518,305.6318396702409,260069.67848632485,227.33896016205267
1786466788,200,POST,/integrations/v2/encounters/update,1.300000,0.000000,164000,165000,195000,197000,199000,199000,199000,199000,199000,199000,199000,1482,153,133000,126456.61140571766,305.6318396702409,260069.67848632485,227.34682860998652
1786466788,200,,Aggregated,1.300000,0.000000,164000,165000,195000,197000,199000,199000,199000,199000,199000,199000,199000,1482,153,133000,126456.61140571766,305.6318396702409,260069.67848632485,227.34682860998652
1786466789,200,POST,/integrations/v2/encounters/update,1.300000,0.000000,164000,165000,195000,197000,199000,199000,199000,199000,199000,199000,199000,1482,153,133000,126456.61140571766,305.6318396702409,260069.67848632485,227.34682860998652
1786466789,200,,Aggregated,1.300000,0.000000,164000,165000,195000,197000,199000,199000,199000,199000,199000,199000,199000,1482,153,133000,126456.61140571766,305.6318396702409,260069.67848632485,227.34682860998652
1786466790,200,POST,/integrations/v2/encounters/update,1.300000,0.000000,164000,165000,197000,197000,199000,199000,199000,199000,199000,199000,199000,1482,153,133000,126456.61140571766,305.6318396702409,260069.67848632485,227.34682860998652
1786466790,200,,Aggregated,1.300000,0.000000,164000,165000,197000,197000,199000,199000,199000,199000,199000,199000,199000,1482,153,133000,126456.61140571766,305.6318396702409,260069.67848632485,227.34682860998652
1786466791,200,POST,/integrations/v2/encounters/update,1.100000,0.000000,165000,197000,199000,199000,208000,208000,208000,208000,208000,208000,208000,1484,153,133000,126460.09547714816,305.6318396702409,260069.67848632485,227.36253369272237
1786466791,200,,Aggregated,1.100000,0.000000,165000,197000,199000,199000,208000,208000,208000,208000,208000,208000,208000,1484,153,133000,126460.09547714816,305.6318396702409,260069.67848632485,227.36253369272237
1786466792,200,POST,/integrations/v2/encounters/update,1.000000,0.000000,165000,199000,206000,206000,208000,208000,208000,208000,208000,208000,208000,1485,153,134000,126513.78403953434,305.6318396702409,260069.67848632485,227.37037037037038
1786466792,200,,Aggregated,1.000000,0.000000,165000,199000,206000,206000,208000,208000,208000,208000,208000,208000,208000,1485,153,134000,126513.78403953434,305.6318396702409,260069.67848632485,227.37037037037038
1786466793,200,POST,/integrations/v2/encounters/update,0.900000,0.000000,168000,199000,206000,206000,208000,208000,208000,208000,208000,208000,208000,1486,153,134000,126541.55500853028,305.6318396702409,260069.67848632485,227.37819650067294
1786466793,200,,Aggregated,0.900000,0.000000,168000,199000,206000,206000,208000,208000,208000,208000,208000,208000,208000,1486,153,134000,126541.55500853028,305.6318396702409,260069.67848632485,227.37819650067294
1786466794,200,POST,/integrations/v2/encounters/update,1.000000,0.000000,168000,199000,206000,206000,208000,208000,208000,208000,208000,208000,208000,1487,153,134000,126494.82286511232,305.6318396702409,260069.67848632485,227.3860121049092
1786466794,200,,Aggregated,1.000000,0.000000,168000,199000,206000,206000,208000,208000,208000,208000,208000,208000,208000,1487,153,134000,126494.82286511232,305.6318396702409,260069.67848632485,227.3860121049092
1786466795,200,POST,/integrations/v2/encounters/update,0.900000,0.000000,169000,199000,206000,208000,212000,212000,212000,212000,212000,212000,212000,1490,153,134000,126535.52097129784,305.6318396702409,260069.67848632485,227.40939597315437
1786466795,200,,Aggregated,0.900000,0.000000,169000,199000,206000,208000,212000,212000,212000,212000,212000,212000,212000,1490,153,134000,126535.52097129784,305.6318396702409,260069.67848632485,227.40939597315437
1786466796,200,POST,/integrations/v2/encounters/update,0.900000,0.000000,168000,169000,206000,208000,212000,212000,212000,212000,212000,212000,212000,1490,153,134000,126535.52097129784,305.6318396702409,260069.67848632485,227.40939597315437
1786466796,200,,Aggregated,0.900000,0.000000,168000,169000,206000,208000,212000,212000,212000,212000,212000,212000,212000,1490,153,134000,126535.52097129784,305.6318396702409,260069.67848632485,227.40939597315437
1786466797,200,POST,/integrations/v2/encounters/update,0.800000,0.000000,169000,206000,207000,208000,212000,212000,212000,212000,212000,212000,212000,1491,153,134000,126589.73579523798,305.6318396702409,260069.67848632485,227.41716968477533
1786466797,200,,Aggregated,0.800000,0.000000,169000,206000,207000,208000,212000,212000,212000,212000,212000,212000,212000,1491,153,134000,126589.73579523798,305.6318396702409,260069.67848632485,227.41716968477533
1786466798,200,POST,/integrations/v2/encounters/update,0.900000,0.000000,168000,206000,207000,208000,212000,216000,216000,216000,216000,216000,216000,1495,153,134000,126506.29843396766,305.6318396702409,260069.67848632485,227.44882943143813
1786466798,200,,Aggregated,0.900000,0.000000,168000,206000,207000,208000,212000,216000,216000,216000,216000,216000,216000,1495,153,134000,126506.29843396766,305.6318396702409,260069.67848632485,227.44882943143813
1786466799,200,POST,/integrations/v2/encounters/update,0.900000,0.000000,59000,169000,207000,208000,212000,216000,216000,216000,216000,216000,216000,1497,153,133000,126409.91043856692,305.6318396702409,260069.67848632485,227.46426185704743
1786466799,200,,Aggregated,0.900000,0.000000,59000,169000,207000,208000,212000,216000,216000,216000,216000,216000,216000,1497,153,133000,126409.91043856692,305.6318396702409,260069.67848632485,227.46426185704743
1786466800,200,POST,/integrations/v2/encounters/update,1.200000,0.000000,168000,206000,207000,212000,216000,217000,217000,217000,217000,217000,217000,1498,153,133000,126470.0595097449,305.6318396702409,260069.67848632485,227.47196261682242
1786466800,200,,Aggregated,1.200000,0.000000,168000,206000,207000,212000,216000,217000,217000,217000,217000,217000,217000,1498,153,133000,126470.0595097449,305.6318396702409,260069.67848632485,227.47196261682242
1786466801,200,POST,/integrations/v2/encounters/update,1.200000,0.000000,59000,169000,207000,207000,216000,217000,217000,217000,217000,217000,217000,1501,153,133000,126403.25383330618,305.6318396702409,260069.67848632485,227.4950033311126
1786466801,200,,Aggregated,1.200000,0.000000,59000,169000,207000,207000,216000,217000,217000,217000,217000,217000,217000,1501,153,133000,126403.25383330618,305.6318396702409,260069.67848632485,227.4950033311126
1786466802,200,POST,/integrations/v2/encounters/update,1.500000,0.000000,59000,169000,207000,207000,216000,217000,217000,217000,217000,217000,217000,1502,153,133000,126355.6903152153,305.6318396702409,260069.67848632485,227.50266311584554
1786466802,200,,Aggregated,1.500000,0.000000,59000,169000,207000,207000,216000,217000,217000,217000,217000,217000,217000,1502,153,133000,126355.6903152153,305.6318396702409,260069.67848632485,227.50266311584554
1786466803,200,POST,/integrations/v2/encounters/update,1.500000,0.000000,59000,169000,207000,207000,216000,217000,217000,217000,217000,217000,217000,1503,153,133000,126306.70225600894,305.6318396702409,260069.67848632485,227.5103127079175
1786466803,200,,Aggregated,1.500000,0.000000,59000,169000,207000,207000,216000,217000,217000,217000,217000,217000,217000,1503,153,133000,126306.70225600894,305.6318396702409,260069.67848632485,227.5103127079175
1786466804,200,POST,/integrations/v2/encounters/update,1.700000,0.000000,55000,169000,174000,207000,216000,217000,217000,217000,217000,217000,217000,1504,153,133000,126257.81567142974,305.6318396702409,260069.67848632485,227.51795212765958
1786466804,200,,Aggregated,1.700000,0.000000,55000,169000,174000,207000,216000,217000,217000,217000,217000,217000,217000,1504,153,133000,126257.81567142974,305.6318396702409,260069.67848632485,227.51795212765958
1786466805,200,POST,/integrations/v2/encounters/update,1.700000,0.000000,54000,59000,174000,207000,216000,217000,217000,217000,217000,217000,217000,1504,153,133000,126257.81567142974,305.6318396702409,260069.67848632485,227.51795212765958
1786466805,200,,Aggregated,1.700000,0.000000,54000,59000,174000,207000,216000,217000,217000,217000,217000,217000,217000,1504,153,133000,126257.81567142974,305.6318396702409,260069.67848632485,227.51795212765958
1786466806,200,POST,/integrations/v2/encounters/update,1.700000,0.000000,54000,57000,174000,184000,216000,217000,217000,217000,217000,217000,217000,1506,153,133000,126250.05773518373,305.6318396702409,260069.67848632485,227.5332005312085
1786466806,200,,Aggregated,1.700000,0.000000,54000,57000,174000,184000,216000,217000,217000,217000,217000,217000,217000,1506,153,133000,126250.05773518373,305.6318396702409,260069.67848632485,227.5332005312085
1786466807,200,POST,/integrations/v2/encounters/update,1.700000,0.000000,54000,55000,174000,174000,184000,217000,217000,217000,217000,217000,217000,1506,153,133000,126250.05773518373,305.6318396702409,260069.67848632485,227.5332005312085
1786466807,200,,Aggregated,1.700000,0.000000,54000,55000,174000,174000,184000,217000,217000,217000,217000,217000,217000,1506,153,133000,126250.05773518373,305.6318396702409,260069.67848632485,227.5332005312085
1786466808,200,POST,/integrations/v2/encounters/update,1.700000,0.000000,54000,55000,174000,174000,184000,217000,217000,217000,217000,217000,217000,1506,153,133000,126250.05773518373,305.6318396702409,260069.67848632485,227.5332005312085
1786466808,200,,Aggregated,1.700000,0.000000,54000,55000,174000,174000,184000,217000,217000,217000,217000,217000,217000,1506,153,133000,126250.05773518373,305.6318396702409,260069.67848632485,227.5332005312085
1786466809,200,POST,/integrations/v2/encounters/update,1.700000,0.000000,55000,57000,174000,184000,217000,217000,217000,217000,217000,217000,217000,1506,153,133000,126250.05773518373,305.6318396702409,260069.67848632485,227.5332005312085
1786466809,200,,Aggregated,1.700000,0.000000,55000,57000,174000,184000,217000,217000,217000,217000,217000,217000,217000,1506,153,133000,126250.05773518373,305.6318396702409,260069.67848632485,227.5332005312085
1786466810,200,POST,/integrations/v2/encounters/update,1.700000,0.000000,55000,57000,57000,184000,184000,184000,184000,184000,184000,184000,184000,1506,153,133000,126250.05773518373,305.6318396702409,260069.67848632485,227.5332005312085
1786466810,200,,Aggregated,1.700000,0.000000,55000,57000,57000,184000,184000,184000,184000,184000,184000,184000,184000,1506,153,133000,126250.05773518373,305.6318396702409,260069.67848632485,227.5332005312085
1786466811,200,POST,/integrations/v2/encounters/update,1.700000,0.000000,57000,57000,184000,184000,184000,184000,184000,184000,184000,184000,184000,1506,153,133000,126250.05773518373,305.6318396702409,260069.67848632485,227.5332005312085
1786466811,200,,Aggregated,1.700000,0.000000,57000,57000,184000,184000,184000,184000,184000,184000,184000,184000,184000,1506,153,133000,126250.05773518373,305.6318396702409,260069.67848632485,227.5332005312085
1786466812,200,POST,/integrations/v2/encounters/update,0.900000,0.000000,184000,184000,229000,229000,229000,229000,229000,229000,229000,229000,229000,1507,153,133000,126318.24233490675,305.6318396702409,260069.67848632485,227.5408095554081
1786466812,200,,Aggregated,0.900000,0.000000,184000,184000,229000,229000,229000,229000,229000,229000,229000,229000,229000,1507,153,133000,126318.24233490675,305.6318396702409,260069.67848632485,227.5408095554081
1786466813,200,POST,/integrations/v2/encounters/update,0.500000,0.000000,78000,184000,229000,229000,229000,229000,229000,229000,229000,229000,229000,1510,153,133000,126311.70995243048,305.6318396702409,260069.67848632485,227.5635761589404
1786466813,200,,Aggregated,0.500000,0.000000,78000,184000,229000,229000,229000,229000,229000,229000,229000,229000,229000,1510,153,133000,126311.70995243048,305.6318396702409,260069.67848632485,227.5635761589404
1786466814,200,POST,/integrations/v2/encounters/update,0.500000,0.000000,184000,229000,229000,229000,232000,232000,232000,232000,232000,232000,232000,1512,153,133000,126339.80182364292,305.6318396702409,260069.67848632485,227.5787037037037
1786466814,200,,Aggregated,0.500000,0.000000,184000,229000,229000,229000,232000,232000,232000,232000,232000,232000,232000,1512,153,133000,126339.80182364292,305.6318396702409,260069.67848632485,227.5787037037037
1786466815,200,POST,/integrations/v2/encounters/update,0.500000,0.000000,184000,229000,229000,229000,232000,232000,232000,232000,232000,232000,232000,1513,153,133000,126300.5298135905,305.6318396702409,260069.67848632485,227.5862524785195
1786466815,200,,Aggregated,0.500000,0.000000,184000,229000,229000,229000,232000,232000,232000,232000,232000,232000,232000,1513,153,133000,126300.5298135905,305.6318396702409,260069.67848632485,227.5862524785195
1786466816,200,POST,/integrations/v2/encounters/update,0.500000,0.000000,184000,229000,229000,229000,232000,232000,232000,232000,232000,232000,232000,1513,153,133000,126300.5298135905,305.6318396702409,260069.67848632485,227.5862524785195
1786466816,200,,Aggregated,0.500000,0.000000,184000,229000,229000,229000,232000,232000,232000,232000,232000,232000,232000,1513,153,133000,126300.5298135905,305.6318396702409,260069.67848632485,227.5862524785195
1786466817,200,POST,/integrations/v2/encounters/update,0.700000,0.000000,184000,229000,229000,232000,232000,232000,232000,232000,232000,232000,232000,1515,153,133000,126329.50099111178,305.6318396702409,260069.67848632485,227.6013201320132
1786466817,200,,Aggregated,0.700000,0.000000,184000,229000,229000,232000,232000,232000,232000,232000,232000,232000,232000,1515,153,133000,126329.50099111178,305.6318396702409,260069.67848632485,227.6013201320132
1786466818,200,POST,/integrations/v2/encounters/update,0.700000,0.000000,78000,229000,229000,232000,232000,232000,232000,232000,232000,232000,232000,1515,153,133000,126329.50099111178,305.6318396702409,260069.67848632485,227.6013201320132
1786466818,200,,Aggregated,0.700000,0.000000,78000,229000,229000,232000,232000,232000,232000,232000,232000,232000,232000,1515,153,133000,126329.50099111178,305.6318396702409,260069.67848632485,227.6013201320132
1786466819,200,POST,/integrations/v2/encounters/update,0.700000,0.000000,78000,229000,229000,232000,232000,232000,232000,232000,232000,232000,232000,1515,153,133000,126329.50099111178,305.6318396702409,260069.67848632485,227.6013201320132
1786466819,200,,Aggregated,0.700000,0.000000,78000,229000,229000,232000,232000,232000,232000,232000,232000,232000,232000,1515,153,133000,126329.50099111178,305.6318396702409,260069.67848632485,227.6013201320132
1786466820,200,POST,/integrations/v2/encounters/update,0.700000,0.000000,78000,229000,229000,232000,232000,232000,232000,232000,232000,232000,232000,1515,153,133000,126329.50099111178,305.6318396702409,260069.67848632485,227.6013201320132
1786466820,200,,Aggregated,0.700000,0.000000,78000,229000,229000,232000,232000,232000,232000,232000,232000,232000,232000,1515,153,133000,126329.50099111178,305.6318396702409,260069.67848632485,227.6013201320132
1786466821,200,POST,/integrations/v2/encounters/update,0.700000,0.000000,78000,229000,232000,232000,232000,232000,232000,232000,232000,232000,232000,1515,153,133000,126329.50099111178,305.6318396702409,260069.67848632485,227.6013201320132
1786466821,200,,Aggregated,0.700000,0.000000,78000,229000,232000,232000,232000,232000,232000,232000,232000,232000,232000,1515,153,133000,126329.50099111178,305.6318396702409,260069.67848632485,227.6013201320132
1786466822,200,POST,/integrations/v2/encounters/update,0.700000,0.000000,67000,67000,232000,232000,232000,232000,232000,232000,232000,232000,232000,1515,153,133000,126329.50099111178,305.6318396702409,260069.67848632485,227.6013201320132
1786466822,200,,Aggregated,0.700000,0.000000,67000,67000,232000,232000,232000,232000,232000,232000,232000,232000,232000,1515,153,133000,126329.50099111178,305.6318396702409,260069.67848632485,227.6013201320132
1786466823,200,POST,/integrations/v2/encounters/update,0.700000,0.000000,232000,232000,232000,232000,232000,232000,232000,232000,232000,232000,232000,1515,153,133000,126329.50099111178,305.6318396702409,260069.67848632485,227.6013201320132
1786466823,200,,Aggregated,0.700000,0.000000,232000,232000,232000,232000,232000,232000,232000,232000,232000,232000,232000,1515,153,133000,126329.50099111178,305.6318396702409,260069.67848632485,227.6013201320132
1786466824,200,POST,/integrations/v2/encounters/update,0.700000,0.000000,232000,232000,232000,232000,232000,232000,232000,232000,232000,232000,232000,1515,153,133000,126329.50099111178,305.6318396702409,260069.67848632485,227.6013201320132
1786466824,200,,Aggregated,0.700000,0.000000,232000,232000,232000,232000,232000,232000,232000,232000,232000,232000,232000,1515,153,133000,126329.50099111178,305.6318396702409,260069.67848632485,227.6013201320132
1786466825,200,POST,/integrations/v2/encounters/update,0.700000,0.000000,232000,232000,232000,232000,232000,232000,232000,232000,232000,232000,232000,1515,153,133000,126329.50099111178,305.6318396702409,260069.67848632485,227.6013201320132
1786466825,200,,Aggregated,0.700000,0.000000,232000,232000,232000,232000,232000,232000,232000,232000,232000,232000,232000,1515,153,133000,126329.50099111178,305.6318396702409,260069.67848632485,227.6013201320132
1786466826,200,POST,/integrations/v2/encounters/update,0.700000,0.000000,232000,232000,232000,232000,232000,232000,232000,232000,232000,232000,232000,1515,153,133000,126329.50099111178,305.6318396702409,260069.67848632485,227.6013201320132
1786466826,200,,Aggregated,0.700000,0.000000,232000,232000,232000,232000,232000,232000,232000,232000,232000,232000,232000,1515,153,133000,126329.50099111178,305.6318396702409,260069.67848632485,227.6013201320132
1786466827,200,POST,/integrations/v2/encounters/update,0.200000,0.000000,232000,232000,241000,241000,241000,241000,241000,241000,241000,241000,241000,1516,153,133000,126405.12240269994,305.6318396702409,260069.67848632485,227.60883905013193
1786466827,200,,Aggregated,0.200000,0.000000,232000,232000,241000,241000,241000,241000,241000,241000,241000,241000,241000,1516,153,133000,126405.12240269994,305.6318396702409,260069.67848632485,227.60883905013193
1786466828,200,POST,/integrations/v2/encounters/update,0.200000,0.000000,232000,232000,241000,241000,241000,241000,241000,241000,241000,241000,241000,1516,153,133000,126405.12240269994,305.6318396702409,260069.67848632485,227.60883905013193
1786466828,200,,Aggregated,0.200000,0.000000,232000,232000,241000,241000,241000,241000,241000,241000,241000,241000,241000,1516,153,133000,126405.12240269994,305.6318396702409,260069.67848632485,227.60883905013193
1786466829,200,POST,/integrations/v2/encounters/update,0.200000,0.000000,232000,232000,241000,241000,241000,241000,241000,241000,241000,241000,241000,1516,153,133000,126405.12240269994,305.6318396702409,260069.67848632485,227.60883905013193
1786466829,200,,Aggregated,0.200000,0.000000,232000,232000,241000,241000,241000,241000,241000,241000,241000,241000,241000,1516,153,133000,126405.12240269994,305.6318396702409,260069.67848632485,227.60883905013193
1786466830,200,POST,/integrations/v2/encounters/update,0.200000,0.000000,232000,232000,241000,241000,241000,241000,241000,241000,241000,241000,241000,1516,153,133000,126405.12240269994,305.6318396702409,260069.67848632485,227.60883905013193
1786466830,200,,Aggregated,0.200000,0.000000,232000,232000,241000,241000,241000,241000,241000,241000,241000,241000,241000,1516,153,133000,126405.12240269994,305.6318396702409,260069.67848632485,227.60883905013193
1786466831,200,POST,/integrations/v2/encounters/update,0.100000,0.000000,241000,241000,241000,241000,241000,241000,241000,241000,241000,241000,241000,1517,153,133000,126374.9605760695,305.6318396702409,260069.67848632485,227.61634805537244
1786466831,200,,Aggregated,0.100000,0.000000,241000,241000,241000,241000,241000,241000,241000,241000,241000,241000,241000,1517,153,133000,126374.9605760695,305.6318396702409,260069.67848632485,227.61634805537244
1786466832,200,POST,/integrations/v2/encounters/update,0.100000,0.000000,81000,81000,241000,241000,241000,241000,241000,241000,241000,241000,241000,1518,153,133000,126343.41885618352,305.6318396702409,260069.67848632485,227.62384716732544
1786466832,200,,Aggregated,0.100000,0.000000,81000,81000,241000,241000,241000,241000,241000,241000,241000,241000,241000,1518,153,133000,126343.41885618352,305.6318396702409,260069.67848632485,227.62384716732544
1786466833,200,POST,/integrations/v2/encounters/update,0.100000,0.000000,81000,81000,241000,241000,241000,241000,241000,241000,241000,241000,241000,1518,153,133000,126343.41885618352,305.6318396702409,260069.67848632485,227.62384716732544
1786466833,200,,Aggregated,0.100000,0.000000,81000,81000,241000,241000,241000,241000,241000,241000,241000,241000,241000,1518,153,133000,126343.41885618352,305.6318396702409,260069.67848632485,227.62384716732544
1786466834,200,POST,/integrations/v2/encounters/update,0.200000,0.000000,241000,241000,248000,248000,248000,248000,248000,248000,248000,248000,248000,1519,153,133000,126423.52164457092,305.6318396702409,260069.67848632485,227.63133640552996
1786466834,200,,Aggregated,0.200000,0.000000,241000,241000,248000,248000,248000,248000,248000,248000,248000,248000,248000,1519,153,133000,126423.52164457092,305.6318396702409,260069.67848632485,227.63133640552996
1786466835,200,POST,/integrations/v2/encounters/update,0.200000,0.000000,241000,241000,248000,248000,248000,248000,248000,248000,248000,248000,248000,1519,153,133000,126423.52164457092,305.6318396702409,260069.67848632485,227.63133640552996
1786466835,200,,Aggregated,0.200000,0.000000,241000,241000,248000,248000,248000,248000,248000,248000,248000,248000,248000,1519,153,133000,126423.52164457092,305.6318396702409,260069.67848632485,227.63133640552996
1786466836,200,POST,/integrations/v2/encounters/update,0.200000,0.000000,241000,241000,248000,248000,248000,248000,248000,248000,248000,248000,248000,1519,153,133000,126423.52164457092,305.6318396702409,260069.67848632485,227.63133640552996
1786466836,200,,Aggregated,0.200000,0.000000,241000,241000,248000,248000,248000,248000,248000,248000,248000,248000,248000,1519,153,133000,126423.52164457092,305.6318396702409,260069.67848632485,227.63133640552996
1786466837,200,POST,/integrations/v2/encounters/update,0.400000,0.000000,91000,241000,241000,248000,248000,248000,248000,248000,248000,248000,248000,1520,153,133000,126400.3632056247,305.6318396702409,260069.67848632485,227.63881578947368
1786466837,200,,Aggregated,0.400000,0.000000,91000,241000,241000,248000,248000,248000,248000,248000,248000,248000,248000,1520,153,133000,126400.3632056247,305.6318396702409,260069.67848632485,227.63881578947368
1786466838,200,POST,/integrations/v2/encounters/update,0.400000,0.000000,91000,91000,248000,248000,248000,248000,248000,248000,248000,248000,248000,1520,153,133000,126400.3632056247,305.6318396702409,260069.67848632485,227.63881578947368
1786466838,200,,Aggregated,0.400000,0.000000,91000,91000,248000,248000,248000,248000,248000,248000,248000,248000,248000,1520,153,133000,126400.3632056247,305.6318396702409,260069.67848632485,227.63881578947368
1786466839,200,POST,/integrations/v2/encounters/update,0.500000,0.000000,91000,248000,248000,253000,253000,253000,253000,253000,253000,253000,253000,1521,153,133000,126483.3627658611,305.6318396702409,260069.67848632485,227.64628533859303
1786466839,200,,Aggregated,0.500000,0.000000,91000,248000,248000,253000,253000,253000,253000,253000,253000,253000,253000,1521,153,133000,126483.3627658611,305.6318396702409,260069.67848632485,227.64628533859303
1786466840,200,POST,/integrations/v2/encounters/update,0.500000,0.000000,248000,248000,253000,253000,253000,253000,253000,253000,253000,253000,253000,1521,153,133000,126483.3627658611,305.6318396702409,260069.67848632485,227.64628533859303
1786466840,200,,Aggregated,0.500000,0.000000,248000,248000,253000,253000,253000,253000,253000,253000,253000,253000,253000,1521,153,133000,126483.3627658611,305.6318396702409,260069.67848632485,227.64628533859303
1786466841,200,POST,/integrations/v2/encounters/update,0.500000,0.000000,248000,248000,253000,253000,253000,253000,253000,253000,253000,253000,253000,1521,153,133000,126483.3627658611,305.6318396702409,260069.67848632485,227.64628533859303
1786466841,200,,Aggregated,0.500000,0.000000,248000,248000,253000,253000,253000,253000,253000,253000,253000,253000,253000,1521,153,133000,126483.3627658611,305.6318396702409,260069.67848632485,227.64628533859303
1786466842,200,POST,/integrations/v2/encounters/update,0.500000,0.000000,248000,248000,253000,253000,253000,253000,253000,253000,253000,253000,253000,1522,153,133000,126462.75034660504,305.6318396702409,260069.67848632485,227.65374507227332
1786466842,200,,Aggregated,0.500000,0.000000,248000,248000,253000,253000,253000,253000,253000,253000,253000,253000,253000,1522,153,133000,126462.75034660504,305.6318396702409,260069.67848632485,227.65374507227332
1786466843,200,POST,/integrations/v2/encounters/update,0.400000,0.000000,248000,248000,253000,253000,259000,259000,259000,259000,259000,259000,259000,1524,153,133000,126522.01277449359,305.6318396702409,260069.67848632485,227.66863517060366
1786466843,200,,Aggregated,0.400000,0.000000,248000,248000,253000,253000,259000,259000,259000,259000,259000,259000,259000,1524,153,133000,126522.01277449359,305.6318396702409,260069.67848632485,227.66863517060366
1786466844,200,POST,/integrations/v2/encounters/update,0.400000,0.000000,95000,253000,253000,259000,259000,259000,259000,259000,259000,259000,259000,1524,153,133000,126522.01277449359,305.6318396702409,260069.67848632485,227.66863517060366
1786466844,200,,Aggregated,0.400000,0.000000,95000,253000,253000,259000,259000,259000,259000,259000,259000,259000,259000,1524,153,133000,126522.01277449359,305.6318396702409,260069.67848632485,227.66863517060366
1786466845,200,POST,/integrations/v2/encounters/update,0.400000,0.000000,95000,253000,253000,259000,259000,259000,259000,259000,259000,259000,259000,1524,153,133000,126522.01277449359,305.6318396702409,260069.67848632485,227.66863517060366
1786466845,200,,Aggregated,0.400000,0.000000,95000,253000,253000,259000,259000,259000,259000,259000,259000,259000,259000,1524,153,133000,126522.01277449359,305.6318396702409,260069.67848632485,227.66863517060366
1786466846,200,POST,/integrations/v2/encounters/update,0.500000,0.000000,97000,253000,259000,259000,260000,260000,260000,260000,260000,260000,260000,1526,153,133000,126590.19859179905,305.6318396702409,260437.3008105904,227.6834862385321
1786466846,200,,Aggregated,0.500000,0.000000,97000,253000,259000,259000,260000,260000,260000,260000,260000,260000,260000,1526,153,133000,126590.19859179905,305.6318396702409,260437.3008105904,227.6834862385321
1786466847,200,POST,/integrations/v2/encounters/update,0.500000,0.000000,97000,253000,259000,259000,260000,260000,260000,260000,260000,260000,260000,1527,153,133000,126564.98948597266,305.6318396702409,260437.3008105904,227.69089718402097
1786466847,200,,Aggregated,0.500000,0.000000,97000,253000,259000,259000,260000,260000,260000,260000,260000,260000,260000,1527,153,133000,126564.98948597266,305.6318396702409,260437.3008105904,227.69089718402097
1786466848,200,POST,/integrations/v2/encounters/update,0.500000,0.000000,97000,253000,259000,259000,260000,260000,260000,260000,260000,260000,260000,1527,153,133000,126564.98948597266,305.6318396702409,260437.3008105904,227.69089718402097
1786466848,200,,Aggregated,0.500000,0.000000,97000,253000,259000,259000,260000,260000,260000,260000,260000,260000,260000,1527,153,133000,126564.98948597266,305.6318396702409,260437.3008105904,227.69089718402097
1786466849,200,POST,/integrations/v2/encounters/update,0.700000,0.000000,98000,253000,259000,259000,260000,260000,260000,260000,260000,260000,260000,1528,153,133000,126546.45007303495,305.6318396702409,260437.3008105904,227.69829842931938
1786466849,200,,Aggregated,0.700000,0.000000,98000,253000,259000,259000,260000,260000,260000,260000,260000,260000,260000,1528,153,133000,126546.45007303495,305.6318396702409,260437.3008105904,227.69829842931938
1786466850,200,POST,/integrations/v2/encounters/update,0.700000,0.000000,97000,97000,98000,259000,260000,260000,260000,260000,260000,260000,260000,1531,153,132000,126483.58834465129,305.6318396702409,260437.3008105904,227.72044415414763
1786466850,200,,Aggregated,0.700000,0.000000,97000,97000,98000,259000,260000,260000,260000,260000,260000,260000,260000,1531,153,132000,126483.58834465129,305.6318396702409,260437.3008105904,227.72044415414763
1786466851,200,POST,/integrations/v2/encounters/update,0.800000,0.000000,96000,97000,98000,98000,259000,260000,260000,260000,260000,260000,260000,1533,153,132000,126434.17490296879,305.6318396702409,260437.3008105904,227.7351598173516
1786466851,200,,Aggregated,0.800000,0.000000,96000,97000,98000,98000,259000,260000,260000,260000,260000,260000,260000,1533,153,132000,126434.17490296879,305.6318396702409,260437.3008105904,227.7351598173516
1786466852,200,POST,/integrations/v2/encounters/update,0.900000,0.000000,94000,97000,98000,240000,260000,266000,266000,266000,266000,266000,266000,1540,153,132000,126464.6472663657,305.6318396702409,266109.78086292744,227.78636363636363
1786466852,200,,Aggregated,0.900000,0.000000,94000,97000,98000,240000,260000,266000,266000,266000,266000,266000,266000,1540,153,132000,126464.6472663657,305.6318396702409,266109.78086292744,227.78636363636363
1786466853,200,POST,/integrations/v2/encounters/update,1.100000,0.000000,94000,97000,240000,259000,266000,270000,270000,270000,270000,270000,270000,1543,153,132000,126500.76628437772,305.6318396702409,270220.4293580726,227.80816591056384
1786466853,200,,Aggregated,1.100000,0.000000,94000,97000,240000,259000,266000,270000,270000,270000,270000,270000,270000,1543,153,132000,126500.76628437772,305.6318396702409,270220.4293580726,227.80816591056384
1786466854,200,POST,/integrations/v2/encounters/update,1.600000,0.000000,91000,97000,98000,240000,266000,270000,270000,270000,270000,270000,270000,1544,153,132000,126470.42282583294,305.6318396702409,270220.4293580726,227.81541450777203
1786466854,200,,Aggregated,1.600000,0.000000,91000,97000,98000,240000,266000,270000,270000,270000,270000,270000,270000,1544,153,132000,126470.42282583294,305.6318396702409,270220.4293580726,227.81541450777203
1786466855,200,POST,/integrations/v2/encounters/update,1.700000,0.000000,91000,96000,98000,240000,270000,272000,272000,272000,272000,272000,272000,1546,153,132000,126542.94423288642,305.6318396702409,272204.929927364,227.82988357050453
1786466855,200,,Aggregated,1.700000,0.000000,91000,96000,98000,240000,270000,272000,272000,272000,272000,272000,272000,1546,153,132000,126542.94423288642,305.6318396702409,272204.929927364,227.82988357050453
1786466856,200,POST,/integrations/v2/encounters/update,1.900000,0.000000,93000,97000,100000,103000,266000,270000,272000,272000,272000,272000,272000,1548,153,132000,126510.71483734774,305.6318396702409,272204.929927364,227.84431524547804
1786466856,200,,Aggregated,1.900000,0.000000,93000,97000,100000,103000,266000,270000,272000,272000,272000,272000,272000,1548,153,132000,126510.71483734774,305.6318396702409,272204.929927364,227.84431524547804
1786466858,200,POST,/integrations/v2/encounters/update,2.000000,0.000000,91000,96000,100000,103000,266000,270000,272000,272000,272000,272000,272000,1549,153,132000,126484.85415747014,305.6318396702409,272204.929927364,227.8515171078115
1786466858,200,,Aggregated,2.000000,0.000000,91000,96000,100000,103000,266000,270000,272000,272000,272000,272000,272000,1549,153,132000,126484.85415747014,305.6318396702409,272204.929927364,227.8515171078115
1786466859,200,POST,/integrations/v2/encounters/update,2.000000,0.000000,89000,96000,103000,240000,270000,272000,272000,272000,272000,272000,272000,1549,153,132000,126484.85415747014,305.6318396702409,272204.929927364,227.8515171078115
1786466859,200,,Aggregated,2.000000,0.000000,89000,96000,103000,240000,270000,272000,272000,272000,272000,272000,272000,1549,153,132000,126484.85415747014,305.6318396702409,272204.929927364,227.8515171078115
1786466860,200,POST,/integrations/v2/encounters/update,2.000000,0.000000,89000,100000,103000,240000,270000,272000,272000,272000,272000,272000,272000,1549,153,132000,126484.85415747014,305.6318396702409,272204.929927364,227.8515171078115
1786466860,200,,Aggregated,2.000000,0.000000,89000,100000,103000,240000,270000,272000,272000,272000,272000,272000,272000,1549,153,132000,126484.85415747014,305.6318396702409,272204.929927364,227.8515171078115
1786466861,200,POST,/integrations/v2/encounters/update,2.200000,0.000000,93000,103000,266000,270000,272000,278000,278000,278000,278000,278000,278000,1551,153,132000,126553.32475469356,305.6318396702409,277771.76261972636,227.86589297227596
1786466861,200,,Aggregated,2.200000,0.000000,93000,103000,266000,270000,272000,278000,278000,278000,278000,278000,278000,1551,153,132000,126553.32475469356,305.6318396702409,277771.76261972636,227.86589297227596
1786466862,200,POST,/integrations/v2/encounters/update,2.100000,0.000000,93000,100000,270000,270000,272000,278000,278000,278000,278000,278000,278000,1552,153,131000,126522.8102603586,305.6318396702409,277771.76261972636,227.87306701030928
1786466862,200,,Aggregated,2.100000,0.000000,93000,100000,270000,270000,272000,278000,278000,278000,278000,278000,278000,1552,153,131000,126522.8102603586,305.6318396702409,277771.76261972636,227.87306701030928
1786466863,200,POST,/integrations/v2/encounters/update,2.100000,0.000000,93000,100000,103000,272000,278000,278000,278000,278000,278000,278000,278000,1552,153,131000,126522.8102603586,305.6318396702409,277771.76261972636,227.87306701030928
1786466863,200,,Aggregated,2.100000,0.000000,93000,100000,103000,272000,278000,278000,278000,278000,278000,278000,278000,1552,153,131000,126522.8102603586,305.6318396702409,277771.76261972636,227.87306701030928
1786466864,200,POST,/integrations/v2/encounters/update,1.900000,0.000000,100000,103000,272000,278000,278000,278000,278000,278000,278000,278000,278000,1553,153,132000,126620.1968913527,305.6318396702409,277771.76261972636,227.88023180940115
1786466864,200,,Aggregated,1.900000,0.000000,100000,103000,272000,278000,278000,278000,278000,278000,278000,278000,278000,1553,153,132000,126620.1968913527,305.6318396702409,277771.76261972636,227.88023180940115
1786466865,200,POST,/integrations/v2/encounters/update,1.900000,0.000000,100000,103000,278000,278000,278000,278000,278000,278000,278000,278000,278000,1553,153,132000,126620.1968913527,305.6318396702409,277771.76261972636,227.88023180940115
1786466865,200,,Aggregated,1.900000,0.000000,100000,103000,278000,278000,278000,278000,278000,278000,278000,278000,278000,1553,153,132000,126620.1968913527,305.6318396702409,277771.76261972636,227.88023180940115
1786466866,200,POST,/integrations/v2/encounters/update,1.900000,0.000000,86000,278000,278000,278000,278000,278000,278000,278000,278000,278000,278000,1553,153,132000,126620.1968913527,305.6318396702409,277771.76261972636,227.88023180940115
1786466866,200,,Aggregated,1.900000,0.000000,86000,278000,278000,278000,278000,278000,278000,278000,278000,278000,278000,1553,153,132000,126620.1968913527,305.6318396702409,277771.76261972636,227.88023180940115
1786466867,200,POST,/integrations/v2/encounters/update,1.000000,0.000000,86000,278000,278000,278000,282000,282000,282000,282000,282000,282000,282000,1555,153,132000,126688.9955787697,305.6318396702409,282158.68493542075,227.89453376205788
1786466867,200,,Aggregated,1.000000,0.000000,86000,278000,278000,278000,282000,282000,282000,282000,282000,282000,282000,1555,153,132000,126688.9955787697,305.6318396702409,282158.68493542075,227.89453376205788
1786466868,200,POST,/integrations/v2/encounters/update,1.000000,0.000000,278000,278000,278000,278000,282000,282000,282000,282000,282000,282000,282000,1555,153,132000,126688.9955787697,305.6318396702409,282158.68493542075,227.89453376205788
1786466868,200,,Aggregated,1.000000,0.000000,278000,278000,278000,278000,282000,282000,282000,282000,282000,282000,282000,1555,153,132000,126688.9955787697,305.6318396702409,282158.68493542075,227.89453376205788
1786466869,200,POST,/integrations/v2/encounters/update,1.000000,0.000000,278000,278000,278000,278000,282000,282000,282000,282000,282000,282000,282000,1555,153,132000,126688.9955787697,305.6318396702409,282158.68493542075,227.89453376205788
1786466869,200,,Aggregated,1.000000,0.000000,278000,278000,278000,278000,282000,282000,282000,282000,282000,282000,282000,1555,153,132000,126688.9955787697,305.6318396702409,282158.68493542075,227.89453376205788
1786466870,200,POST,/integrations/v2/encounters/update,1.000000,0.000000,278000,278000,282000,282000,282000,282000,282000,282000,282000,282000,282000,1555,153,132000,126688.9955787697,305.6318396702409,282158.68493542075,227.89453376205788
1786466870,200,,Aggregated,1.000000,0.000000,278000,278000,282000,282000,282000,282000,282000,282000,282000,282000,282000,1555,153,132000,126688.9955787697,305.6318396702409,282158.68493542075,227.89453376205788
1786466871,200,POST,/integrations/v2/encounters/update,0.600000,0.000000,278000,278000,282000,282000,285000,285000,285000,285000,285000,285000,285000,1557,153,132000,126857.86394503791,305.6318396702409,284810.8194116503,227.90944123314065
1786466871,200,,Aggregated,0.600000,0.000000,278000,278000,282000,282000,285000,285000,285000,285000,285000,285000,285000,1557,153,132000,126857.86394503791,305.6318396702409,284810.8194116503,227.90944123314065
